model,unit_id,name,unit_set,conditions_primary,branches_primary,variants_changed
scoped,S197,Kh. Qa'un 1,pre-70 only,,,dated_only|with dated_only|without
scoped,S204,Kh. Qa'un 2,pre-70 only,,,dated_only|with dated_only|without
scoped,S208,Khallaiyel Madkhul 2,main,,,dated_only|with dated_only|without
scoped,S210,Wadi Qa'un 1,pre-70 only,,,dated_only|with dated_only|without
scoped,S214,Khallaiyel Madkhul 1,main,,,dated_only|with dated_only|without
scoped,S241,Tell Mukehaz 2,main,C2 FAIL->UNKNOWN,A_survey FAIL->UNKNOWN; A_text FAIL->UNKNOWN; B FAIL->UNKNOWN,C1_0.5km|with C1_0.5km|without C1_2km|with C1_2km|without C2_tomb_shafts|with C2_tomb_shafts|without dated_only|with dated_only|without primary|with primary|without
scoped,S386,Iraq el-Mardom,pre-70 only,C2 FAIL->UNKNOWN,A_survey FAIL->UNKNOWN; A_text FAIL->UNKNOWN; B FAIL->UNKNOWN,C1_0.5km|with C1_0.5km|without C1_2km|with C1_2km|without C2_tomb_shafts|with C2_tomb_shafts|without dated_only|with dated_only|without primary|with primary|without
scoped,S418,Tell ed-Diblaqa,pre-70 only,C2 FAIL->UNKNOWN,A_survey FAIL->UNKNOWN; A_text FAIL->UNKNOWN; B FAIL->UNKNOWN,C1_0.5km|with C1_0.5km|without C1_2km|with C1_2km|without C2_tomb_shafts|with C2_tomb_shafts|without dated_only|with dated_only|without primary|with primary|without
scoped,S432,Kh. el-Maliḥ C,pre-70 only,C2 FAIL->UNKNOWN,A_survey FAIL->UNKNOWN; A_text FAIL->UNKNOWN; B FAIL->UNKNOWN,C1_0.5km|with C1_0.5km|without C1_2km|with C1_2km|without C2_tomb_shafts|with C2_tomb_shafts|without dated_only|with dated_only|without primary|with primary|without
scoped,S447,Fass ej-Jamal,main,C2 FAIL->UNKNOWN,A_survey FAIL->UNKNOWN; A_text FAIL->UNKNOWN; B FAIL->UNKNOWN,C1_0.5km|with C1_0.5km|without C1_2km|with C1_2km|without C2_tomb_shafts|with C2_tomb_shafts|without dated_only|with dated_only|without primary|with primary|without
scoped,S452,Kh. el-Mite,pre-70 only,,,dated_only|with dated_only|without
scoped,S458,el-Bird,pre-70 only,C2 FAIL->UNKNOWN,A_survey FAIL->UNKNOWN; A_text FAIL->UNKNOWN; B FAIL->UNKNOWN,C1_0.5km|with C1_0.5km|without C1_2km|with C1_2km|without C2_tomb_shafts|with C2_tomb_shafts|without dated_only|with dated_only|without primary|with primary|without
scoped,S493,Kh. Wahrane,main,C2 FAIL->UNKNOWN,A_survey FAIL->UNKNOWN; A_text FAIL->UNKNOWN; B FAIL->UNKNOWN,C1_0.5km|with C1_0.5km|without C1_2km|with C1_2km|without C2_tomb_shafts|with C2_tomb_shafts|without dated_only|with dated_only|without primary|with primary|without
scoped,S503,E.P. 147 B,main,,,dated_only|with dated_only|without
scoped,S676,Kh. 'Aṭuf,main,C3s FAIL->UNKNOWN,A_survey FAIL->UNKNOWN,C1_0.5km|with C1_0.5km|without C1_2km|with C1_2km|without C2_tomb_shafts|with C2_tomb_shafts|without dated_only|with dated_only|without primary|with primary|without
scoped,S695,el-Khelayel,pre-70 only,C2 FAIL->UNKNOWN,A_survey FAIL->UNKNOWN; A_text FAIL->UNKNOWN; B FAIL->UNKNOWN,C1_0.5km|with C1_0.5km|without C1_2km|with C1_2km|without dated_only|with dated_only|without primary|with primary|without
scoped,S701,Khallet Makḥul,main,C2 FAIL->UNKNOWN,A_survey FAIL->UNKNOWN; A_text FAIL->UNKNOWN; B FAIL->UNKNOWN,C1_0.5km|with C1_0.5km|without C1_2km|with C1_2km|without C2_tomb_shafts|with C2_tomb_shafts|without dated_only|with dated_only|without primary|with primary|without
scoped,S770,Kh. Beit-Hasan,pre-70 only,C2 FAIL->UNKNOWN,A_survey FAIL->UNKNOWN; A_text FAIL->UNKNOWN; B FAIL->UNKNOWN,C1_0.5km|with C1_0.5km|without C1_2km|with C1_2km|without C2_tomb_shafts|with C2_tomb_shafts|without dated_only|with dated_only|without primary|with primary|without
scoped,S790,Bab en-Naqb,main,C2 FAIL->UNKNOWN,A_survey FAIL->UNKNOWN; A_text FAIL->UNKNOWN; B FAIL->UNKNOWN,C1_0.5km|with C1_0.5km|without C1_2km|with C1_2km|without dated_only|with dated_only|without primary|with primary|without
scoped,S791,'Ein Shibli',main,C2 FAIL->UNKNOWN,A_survey FAIL->UNKNOWN; A_text FAIL->UNKNOWN; B FAIL->UNKNOWN,C1_0.5km|with C1_0.5km|without C1_2km|with C1_2km|without dated_only|with dated_only|without primary|with primary|without
scoped,S829,er-Rjjum,pre-70 only,C2 FAIL->UNKNOWN,A_survey FAIL->UNKNOWN; A_text FAIL->UNKNOWN; B FAIL->UNKNOWN,C1_0.5km|with C1_0.5km|without C1_2km|with C1_2km|without C2_tomb_shafts|with C2_tomb_shafts|without dated_only|with dated_only|without primary|with primary|without
scoped,S841,Tel Abu Rumh,pre-70 only,C2 FAIL->UNKNOWN,A_survey FAIL->UNKNOWN; A_text FAIL->UNKNOWN; B FAIL->UNKNOWN,C1_0.5km|with C1_0.5km|without C1_2km|with C1_2km|without C2_tomb_shafts|with C2_tomb_shafts|without dated_only|with dated_only|without primary|with primary|without
scoped,S843,Kh. edh-Dhra',pre-70 only,,,dated_only|with dated_only|without
scoped,S845,Kh. es-Saleh,main,,,dated_only|with dated_only|without
scoped,S916,en-Na'ajeh 4,main,,,dated_only|with dated_only|without
scoped,S1003,el-Medakakin,main,C2 FAIL->UNKNOWN,A_survey FAIL->UNKNOWN; A_text FAIL->UNKNOWN; B FAIL->UNKNOWN,C1_0.5km|with C1_0.5km|without C1_2km|with C1_2km|without C2_tomb_shafts|with C2_tomb_shafts|without dated_only|with dated_only|without primary|with primary|without
scoped,S1031,Umm Sawaneh 1,main,C2 FAIL->UNKNOWN,A_survey FAIL->UNKNOWN; A_text FAIL->UNKNOWN; B FAIL->UNKNOWN,C1_0.5km|with C1_0.5km|without C1_2km|with C1_2km|without C2_tomb_shafts|with C2_tomb_shafts|without dated_only|with dated_only|without primary|with primary|without
scoped,S1060,E.P. 236,main,C2 FAIL->UNKNOWN,A_survey FAIL->UNKNOWN; A_text FAIL->UNKNOWN; B FAIL->UNKNOWN,C1_0.5km|with C1_0.5km|without C1_2km|with C1_2km|without C2_tomb_shafts|with C2_tomb_shafts|without dated_only|with dated_only|without primary|with primary|without
scoped,S1072,Fari'a el-Juftlik,pre-70 only,,,dated_only|with dated_only|without
scoped,S1080,Tell el-Mazar,main,C2 FAIL->UNKNOWN,A_survey FAIL->UNKNOWN; A_text FAIL->UNKNOWN; B FAIL->UNKNOWN,C1_0.5km|with C1_0.5km|without C1_2km|with C1_2km|without dated_only|with dated_only|without primary|with primary|without
scoped,S1089,'Iraq er-Resifeh 4,main,,,dated_only|with dated_only|without
scoped,S1092,Wadi edh-Dhba' 3,main,,,dated_only|with dated_only|without
scoped,S1116,Tell eṣ-Ṣimadi,main,,,dated_only|with dated_only|without
scoped,S1137,Qarawet et-Tahta,main,,,dated_only|with dated_only|without
scoped,S1163,'Ain Abu Daraj Fort,main,,,dated_only|with dated_only|without
scoped,S1169,Wadi Khallal el-Fal 1,main,,,dated_only|with dated_only|without
scoped,S1170,Umm Hallal,main,,,dated_only|with dated_only|without
scoped,S1173,Rujm es-Si'a,main,C2 FAIL->UNKNOWN,A_survey FAIL->UNKNOWN; A_text FAIL->UNKNOWN; B FAIL->UNKNOWN,C1_0.5km|with C1_0.5km|without C1_2km|with C1_2km|without C2_tomb_shafts|with C2_tomb_shafts|without dated_only|with dated_only|without primary|with primary|without
scoped,S1275,Masu'a 2,main,,,dated_only|with dated_only|without
scoped,S1296,Kh. Tawil 3,pre-70 only,C2 FAIL->UNKNOWN,A_survey FAIL->UNKNOWN; A_text FAIL->UNKNOWN; B FAIL->UNKNOWN,C1_0.5km|with C1_0.5km|without C1_2km|with C1_2km|without C2_tomb_shafts|with C2_tomb_shafts|without dated_only|with dated_only|without primary|with primary|without
scoped,S1319,Masu'a 9,pre-70 only,C2 FAIL->UNKNOWN,A_survey FAIL->UNKNOWN; A_text FAIL->UNKNOWN; B FAIL->UNKNOWN,C1_0.5km|with C1_0.5km|without C1_2km|with C1_2km|without C2_tomb_shafts|with C2_tomb_shafts|without dated_only|with dated_only|without primary|with primary|without
scoped,S1334,'Ain el-Mana',main,C2 FAIL->UNKNOWN,A_survey FAIL->UNKNOWN; A_text FAIL->UNKNOWN; B FAIL->UNKNOWN,C1_0.5km|with C1_0.5km|without C1_2km|with C1_2km|without C2_tomb_shafts|with C2_tomb_shafts|without dated_only|with dated_only|without primary|with primary|without
scoped,S1336,Tell 'Abeid 1,main,C2 FAIL->UNKNOWN,A_survey FAIL->UNKNOWN; A_text FAIL->UNKNOWN; B FAIL->UNKNOWN,C1_0.5km|with C1_0.5km|without C1_2km|with C1_2km|without C2_tomb_shafts|with C2_tomb_shafts|without dated_only|with dated_only|without primary|with primary|without
scoped,S1346,Tell 'Abeid 2,main,C2 FAIL->UNKNOWN,A_survey FAIL->UNKNOWN; A_text FAIL->UNKNOWN; B FAIL->UNKNOWN,C1_0.5km|with C1_0.5km|without C1_2km|with C1_2km|without C2_tomb_shafts|with C2_tomb_shafts|without dated_only|with dated_only|without primary|with primary|without
scoped,S1382,Yafit 8,main,C2 FAIL->UNKNOWN,A_survey FAIL->UNKNOWN; A_text FAIL->UNKNOWN; B FAIL->UNKNOWN,C1_0.5km|with C1_0.5km|without C1_2km|with C1_2km|without C2_tomb_shafts|with C2_tomb_shafts|without dated_only|with dated_only|without primary|with primary|without
scoped,S1390,Wadi Ahmar 4,main,C2 FAIL->UNKNOWN,A_survey FAIL->UNKNOWN; A_text FAIL->UNKNOWN; B FAIL->UNKNOWN,C1_0.5km|with C1_0.5km|without C1_2km|with C1_2km|without C2_tomb_shafts|with C2_tomb_shafts|without dated_only|with dated_only|without primary|with primary|without
scoped,S1443,E.P. -145,main,C2 FAIL->UNKNOWN,A_survey FAIL->UNKNOWN; A_text FAIL->UNKNOWN; B FAIL->UNKNOWN,C1_0.5km|with C1_0.5km|without C1_2km|with C1_2km|without C2_tomb_shafts|with C2_tomb_shafts|without dated_only|with dated_only|without primary|with primary|without
scoped,S1457,Tal'at 'Amreh 1,main,C2 FAIL->UNKNOWN,A_survey FAIL->UNKNOWN; A_text FAIL->UNKNOWN; B FAIL->UNKNOWN,C1_0.5km|with C1_0.5km|without C1_2km|with C1_2km|without C2_tomb_shafts|with C2_tomb_shafts|without dated_only|with dated_only|without primary|with primary|without
scoped,S1474,Yafit 3,main,C2 FAIL->UNKNOWN,A_survey FAIL->UNKNOWN; A_text FAIL->UNKNOWN; B FAIL->UNKNOWN,C1_0.5km|with C1_0.5km|without C1_2km|with C1_2km|without C2_tomb_shafts|with C2_tomb_shafts|without dated_only|with dated_only|without primary|with primary|without
scoped,S1485,Yafit 5,pre-70 only,C2 FAIL->UNKNOWN,A_survey FAIL->UNKNOWN; A_text FAIL->UNKNOWN; B FAIL->UNKNOWN,C1_0.5km|with C1_0.5km|without C1_2km|with C1_2km|without C2_tomb_shafts|with C2_tomb_shafts|without dated_only|with dated_only|without primary|with primary|without
sector_records,S386,Iraq el-Mardom,pre-70 only,C2 FAIL->UNKNOWN,A_survey FAIL->UNKNOWN; A_text FAIL->UNKNOWN; B FAIL->UNKNOWN,C1_0.5km|with C1_0.5km|without C1_2km|with C1_2km|without C2_tomb_shafts|with C2_tomb_shafts|without primary|with primary|without
sector_records,S695,el-Khelayel,pre-70 only,C2 FAIL->MATCH,A_survey FAIL->UNKNOWN; A_text FAIL->UNKNOWN; B FAIL->UNKNOWN,C1_0.5km|with C1_0.5km|without C1_2km|with C1_2km|without C2_tomb_shafts|with C2_tomb_shafts|without primary|with primary|without
sector_records,S1296,Kh. Tawil 3,pre-70 only,C2 FAIL->MATCH,A_survey FAIL->UNKNOWN; A_text FAIL->UNKNOWN; B FAIL->UNKNOWN,C1_0.5km|with C1_0.5km|without C1_2km|with C1_2km|without C2_tomb_shafts|with C2_tomb_shafts|without primary|with primary|without
