unit_id,name,x,y,in_R1,in_R2,main_set,pre70_set,periods_hel_rom,settlement_basis,excavated,survey_ref,wbadb_pool_hits,nearest_hit_m,hits,stage1a
S71,Tell Jenin,178300,207400,True,False,True,True,"Hel,Rom",city;tell;name:tell,True,"Zertal and Mirkam 2000, Site 80",1,1709,1709 m S103 Kh. Bal'ame [reservoir],to Stage 2
S103,Kh. Bal'ame,177700,205800,True,False,True,True,"Hel,Rom",fortification;fortified;tell;name:kh.,True,"Gophna and Porat 1972, Site 18; Zertal 1992, Site 26; Sion 2001, Site 27",1,0,0 m S103 Kh. Bal'ame [reservoir],to Stage 2
S108,Kh. Abu Ghannam,180100,205700,True,False,True,True,Rom,fortification;ruin;name:kh.,False,"Gophna and Porat 1972, Site 21; Zertal 1992, Site 51; Sion 2001, Site 29",0,,,pending SWP screen
S153,Kh. Umm el-Buṭm,178500,203500,True,False,True,True,"Hel,Rom",ruin;name:kh.,False,"Gophna and Porat 1972, Site 72; Zertal 1992, Site 55; Sion 2001, Site 43",1,0,0 m S153 Kh. Umm el-Buṭm [pool],to Stage 2
S178,Kh. Tannin,182200,202300,True,False,True,True,"Hel,Rom",fortification;tell;village;name:kh.,False,"Gophna and Porat 1972, Site 34; Zertal 1992, Site 59; Sion 2001, Site 56",2,0,0 m S178 Kh. Tannin [pool] | 985 m S169 Wadi Ḥusein [pool],to Stage 2
S188,Qabatiyeh,176600,201900,True,False,True,True,"Hel,Rom",settlement;village,False,"Zertal 1992, Site 60; Sion 2001, Site 51",0,,,pending SWP screen
S200,Kh. Qa'un 3,194500,201500,True,False,True,True,Rom,village;name:kh.,False,"Zertal 2005, Site 6",3,316,316 m S204 Kh. Qa'un 2 [basin] | 412 m S197 Kh. Qa'un 1 [basin] | 539 m S206 Tell Qa'un [basin],to Stage 2
S206,Tell Qa'un,194000,201300,True,False,True,True,Hel,fortress;tell;name:tell,False,"Zertal 2005, Site 3; Ben-Yosef 2007, Site 1; Bar 2008, Site 4",3,0,0 m S206 Tell Qa'un [basin] | 224 m S204 Kh. Qa'un 2 [basin] | 316 m S197 Kh. Qa'un 1 [basin],to Stage 2
S208,Khallaiyel Madkhul 2,195400,201200,True,False,True,True,Hel,village,False,"Zertal 2005, Site 8",4,1217,1217 m S204 Kh. Qa'un 2 [basin] | 1360 m S197 Kh. Qa'un 1 [basin] | 1404 m S206 Tell Qa'un [basin] | 1800 m S257 Bardala [pool],to Stage 2
S214,Khallaiyel Madkhul 1,195500,201000,True,False,True,True,"Hel,Rom",village,False,"Zertal 2005, Site 9; Ben-Yosef 2007, Site 3",4,1360,1360 m S204 Kh. Qa'un 2 [basin] | 1523 m S197 Kh. Qa'un 1 [basin] | 1530 m S206 Tell Qa'un [basin] | 1603 m S257 Bardala [pool],to Stage 2
S216,Kh. 'Anaḥum,179900,200900,True,False,True,True,"Hel,Rom",ruin;structural remains;name:kh.,False,"Gophna and Porat 1972, Site 36; Zertal 1996, Site 1",0,,,pending SWP screen
S219,Tilfit,182300,200800,True,False,True,True,Rom,fortification;ruin;tell;village,False,"Gophna and Porat 1972, Site 38; Zertal 1996, Site 3; Sion 2001, Site 65",1,1503,1503 m S178 Kh. Tannin [pool],to Stage 2
S223,Kh. esh-Sheikh Safiryyan,181500,200700,True,False,True,True,"Hel,Rom",ruin;structural remains;name:kh.,False,"Gophna and Porat 1972, Site 37; Zertal 1996, Site 2; Sion 2001, Site 64",1,1746,1746 m S178 Kh. Tannin [pool],to Stage 2
S241,Tell Mukehaz 2,196300,200000,True,False,True,True,Hel,tell;name:tell,False,"Zertal 2005, Site 16; Ben-Yosef 2007, Site 7",1,1082,1082 m S257 Bardala [pool],to Stage 2
S242,-,191200,200000,True,False,True,True,Rom,farmstead,False,"Zertal 1996, Site 36",0,,,pending SWP screen
S244,Kh. ed-Dabl,179800,199900,True,False,True,True,Hel,structural remains;name:kh.,False,"Zertal 1992, Site 89; Sion 2001, Site 68",0,,,pending SWP screen
S254,'Ain ed-Deir,199300,199500,True,False,True,True,Hel,monastery;tell,False,"Zertal 2005, Site 23; Ben-Yosef 2007, Site 9; Bar 2008, Site 11",0,,,pending SWP screen
S255,Rabba,186500,199500,True,False,True,True,"Hel,Rom",village,False,"Zertal 1996, Site 34",0,,,pending SWP screen
S257,Bardala,195400,199400,True,False,True,True,Rom,village,True,"Zertal 2005, Site 22",1,0,0 m S257 Bardala [pool],to Stage 2
S264,ez-Zababide,180700,199200,True,False,True,True,Rom,ruin;tell;village,False,"Gophna and Porat 1972, Site 44; Zertal 1996, Site 6; Sion 2001, Site 69",0,,,pending SWP screen
S267,Kh. Khiṣaṣ ed-Deir,200500,199100,True,False,True,True,Rom,ruin;structural remains;name:kh.,False,"Gophna and Porat 1972, Site 46; Zertal 2005, Site 25",0,,,pending SWP screen
S269,Iraq el-Ḥamam,191100,199100,True,False,True,True,Rom,farmstead,False,"Zertal 1996, Site 36",0,,,pending SWP screen
S273,Misiliya,177200,199000,True,False,True,True,Rom,village,True,"Zertal 1992, Site 88; Sion 2001, Site 104",0,,,pending SWP screen
S276,Tell ed-Deir 1,199900,198900,True,False,True,True,Rom,structural remains;tell;name:tell,False,"Zertal 2005, Site 28; Bar 2008, Site 12",0,,,pending SWP screen
S277,-,190500,198900,True,False,True,True,Rom,farmstead,False,"Zertal 1996, Site 36",0,,,pending SWP screen
S278,es-Sahl A,189500,198900,True,False,True,True,Rom,ruin,False,"Gophna and Porat 1972, Site 49; Zertal 1996, Site 40",1,1664,1664 m S307 Kh. Ibziq [reservoir],to Stage 2
S280,-,190200,198800,True,False,True,True,Rom,farmstead,False,"Zertal 1996, Site 36",0,,,pending SWP screen
S286,Tell el-Beidha-Shemsiyeh,197800,198600,True,False,True,True,Rom,fortification;tell;village;name:tell,False,"Zertal 2005, Site 26; Bar 2008, Site 13",0,,,pending SWP screen
S287,-,190300,198600,True,False,True,True,Rom,farmstead,False,"Zertal 1996, Site 36",0,,,pending SWP screen
S300,-,190700,198300,True,False,True,True,Rom,farmstead,False,"Zertal 1996, Site 36",0,,,pending SWP screen
S304,Wadi Salman,193300,198100,True,False,True,True,Rom,fortified;fortress,False,"Zertal 1996, Site 63",0,,,pending SWP screen
S310,Tel Abu Sus,203000,197900,True,False,True,True,Hel,tel;tell;name:tel,False,"Zertal 2005, Site 33; Ben-Yosef 2007, Site 12; Bar 2008, Site 14",0,,,pending SWP screen
S315,Tell el-Ḥamme,197400,197700,True,False,True,True,Hel,fortification;tell;name:tell,True,"Gophna and Porat 1972, Site 55; Zertal 2005, Site 30; Ben-Yosef 2007, Site 10; Bar 2008, Site 117",0,,,pending SWP screen
S328,Kh. Qrud,185700,197300,True,False,True,True,Hel,fortified;fortress;name:kh.,False,"Zertal 1996, Site 18",0,,,pending SWP screen
S331,Kh. Ibziq,187800,197100,True,False,True,True,"Hel,Rom",ruin;structural remains;name:kh.,True,"Gophna and Porat 1972, Site 51; Zertal 1996, Site 44",1,949,949 m S307 Kh. Ibziq [reservoir],to Stage 2
S332,el-Khirbe,180100,197100,True,False,True,True,Rom,village,False,"Zertal 1996, Site 14; Sion 2001, Site 87",0,,,pending SWP screen
S340,Kh. es-Sakut,201800,196800,True,False,True,True,"Hel,Rom",fortification;ruin;tell;name:kh.,False,"Gophna and Porat 1972, Site 59; Zertal 2005, Site 32; Ben-Yosef 2007, Site 11; Bar 2008, Site 16",0,,,pending SWP screen
S344,Ṣir,179800,196600,True,False,True,True,"Hel,Rom",fortified;village,True,"Gophna and Porat 1972, Site 58; Zertal 1996, Site 20; Sion 2001, Site 85",0,,,pending SWP screen
S354,Qaṣr esh-Sheikh Ghazal,189200,196000,True,False,True,True,Rom,fortified,False,"Zertal 1996, Site 68",0,,,pending SWP screen
S359,Kh. Salḥab,185300,195700,True,False,True,True,Rom,ruin;village;name:kh.,False,"Gophna and Porat 1972, Site 65; Zertal 1996, Site 23; Sion 2001, Site 93",0,,,pending SWP screen
S362,Khallet Khimyar,197600,195500,True,False,True,True,"Hel,Rom",farmstead,False,"Zertal 1996, Site 74",0,,,pending SWP screen
S367,Kh. Wadi esh-Shaqq,197200,195400,True,False,True,True,Rom,name:kh.,False,"Zertal 1996, Site 73",0,,,pending SWP screen
S368,Kh. Kheibar,176400,195400,True,False,True,True,"Hel,Rom",fortification;tell;name:kh.,True,"Gophna and Porat 1972, Site 64; Zertal 1992, Site 97; Sion 2001, Site 123",0,,,pending SWP screen
S370,Jebel Khimyar,197800,195300,True,False,True,True,Rom,fortification;fortified,False,"Zertal 1996, Site 75",0,,,pending SWP screen
S374,'Aqaba,183100,195200,True,False,True,True,Hel,village,False,"Zertal 1996, Site 22; Sion 2001, Site 92",0,,,pending SWP screen
S379,Kh. Wadi eẓ-Ẓba,197700,194900,True,False,True,True,"Hel,Rom",name:kh.,False,"Zertal 1996, Site 76; Bar 2008, Site 17",0,,,pending SWP screen
S380,Meithalun,175900,194900,True,False,True,True,Rom,village,False,"Zertal 1992, Site 98; Sion 2001, Site 128",0,,,pending SWP screen
S398,Tayasir,187500,194200,True,False,True,True,Rom,fortified;village,False,"Gophna and Porat 1972, Site 69; Zertal 1996, Site 45",0,,,pending SWP screen
S417,Kh. Wadi Qanat ej-Jamal,197300,193400,True,False,True,True,Rom,name:kh.,False,"Zertal 1996, Site 88",0,,,pending SWP screen
S426,Kh. Fuqaha,185000,193300,True,False,True,True,"Hel,Rom",fortification;ruin;structural remains;tell;name:kh.,False,"Zertal 1996, Site 47",0,,,pending SWP screen
S433,Kh. el-Kureibat A,190100,193000,True,False,True,True,Hel,ruin;name:kh.,False,"Gophna and Porat 1972, Site 78; Zertal 1996, Site 86",0,,,pending SWP screen
S440,Kh. el-Maliḥ A,195100,192800,True,False,True,True,Rom,name:kh.,False,"Gophna and Porat 1972, Site 84; Zertal 1996, Site 92",2,0,0 m S440 Kh. el-Maliḥ A [pool] | 2000 m S441 Burj el-Maliḥ [pool],to Stage 2
S444,Kh. el-Maliḥ B,195900,192700,True,False,True,True,Rom,name:kh.,False,"Gophna and Porat 1972, Site 85; Zertal 1996, Site 93",1,806,806 m S440 Kh. el-Maliḥ A [pool],to Stage 2
S445,Siris,177500,192700,True,False,True,True,Rom,village,False,"Gophna and Porat 1972, Site 81; Zertal 1992, Site 101; Sion 2001, Site 147",0,,,pending SWP screen
S447,Fass ej-Jamal,201500,192600,True,False,True,True,"Hel,Rom",village,False,"Zertal 2005, Site 36; Ben-Yosef 2007, Site 16; bar 2008, Site 18",1,1487,1487 m S484 Habs Qatwi 2 [pool/reservoir],to Stage 2
S449,Tell el-Ḥulu,197800,192600,True,False,True,True,"Hel,Rom",fortification;tell;name:tell,True,"Gophna and Porat 1972, Site 86; Zertal 1996, Site 96; Ben-Yosef 2007, Site 15; Bar 2008, Site 122",0,,,pending SWP screen
S482,El-Qa'adeh,178900,191600,True,False,True,True,Hel,fortified,True,"Zertal 1992, Site 154",0,,,pending SWP screen
S483,Kh. Abu 'Ali,178000,191600,True,False,True,True,Rom,ruin;name:kh.,False,"Gophna and Porat 1972, Site 90; Zertal 1992, Site 260; Sion 2001, Site 99",0,,,pending SWP screen
S493,Kh. Wahrane,201300,191300,True,False,True,True,Rom,name:kh.,False,"Zertal 1996, Site 233",1,825,825 m S484 Habs Qatwi 2 [pool/reservoir],to Stage 2
S503,E.P. 147 B,195900,191100,True,False,True,True,Rom,farmstead,False,"Zertal 1996, Site 108",1,1879,1879 m S440 Kh. el-Maliḥ A [pool],to Stage 2
S520,Kh. ed-Deir,186500,190600,True,False,True,True,"Hel,Rom",ruin;name:kh.,False,"Gophna and Porat 1972, Site 97; Zertal 1996, Site 55",0,,,pending SWP screen
S521,Kh. Yarza B,191300,190500,True,False,True,True,Rom,ruin;name:kh.,False,"Zertal 1996, Site 104",0,,,pending SWP screen
S525,Kh. Yarza A,191300,190400,True,False,True,True,"Hel,Rom",tell;name:kh.,False,"Zertal 1996, Site 106",0,,,pending SWP screen
S539,Kh. Umm el-'Uqbeh A,195500,189900,True,False,True,True,Rom,ruin;name:kh.,False,"Zertal 1996, Site 114",0,,,pending SWP screen
S563,Yaṣid,176500,189200,True,False,True,True,Rom,village,False,"Gophna and Porat 1972, Site 105; Zertal 1992, Site 261; Sion 2001, Site 171",0,,,pending SWP screen
S567,Kh. es-Samra,197000,189000,True,False,True,True,"Hel,Rom",ruin;name:kh.,False,"Zertal 1996, Site 129",0,,,pending SWP screen
S577,Kh. es-Suwede,199700,188700,True,False,True,True,"Hel,Rom",name:kh.,True,"Zertal 1996, Site 239; Ben-Yosef 2007, Site 19",2,0,0 m E54 Kh. es-Suwede [pool] | 0 m S577 Kh. es-Suwede [pool],to Stage 2
S592,Kh. Burj el-Fari'a,182900,188300,True,False,True,True,"Hel,Rom",fort;ruin;name:kh.,False,"Gophna and Porat 1972, Site 115; Zertal 1996, Site 150",0,,,pending SWP screen
S593,Kh. Hudha,178900,188300,True,False,True,True,"Hel,Rom",name:kh.,False,"Zertal 1992, Site 263; Sion 2001, Site 175",0,,,pending SWP screen
S609,Ṭammun,186400,187800,True,False,True,True,Rom,fortified;village,False,"Zertal 1996, Site 122",0,,,pending SWP screen
S655,Ṭalluze,177900,186300,True,False,True,True,Rom,village,True,"Gophna and Porat 1972, Site 127; Zertal 1992, Site 266; Sion 2001, Site 185",0,,,pending SWP screen
S676,Kh. 'Aṭuf,191400,185600,True,False,True,True,Rom,ruin;village;name:kh.,False,"Gophna and Porat 1972, Site 135; Zertal 1996, Site 131",1,0,0 m S676 Kh. 'Aṭuf [reservoir],to Stage 2
S681,Kh. es-Sirb,183200,185500,True,False,True,True,Rom,ruin;structural remains;name:kh.,False,"Kallai 1972, Site 1; Zertal 1996, Site 157",0,,,pending SWP screen
S686,Kh. el-Juneidiyya,202900,185200,True,False,True,True,Rom,ruin;name:kh.,False,"Gophna and Porat 1972, Site 137; Zertal 2005, Site 40",0,,,pending SWP screen
S691,Kh. Farwe,180200,185000,True,False,True,True,"Hel,Rom",name:kh.,False,"Zertal 1996, Site 156",0,,,pending SWP screen
S701,Khallet Makḥul,198400,184700,True,False,True,True,Rom,structural remains,False,"Zertal 1996, Site 138; Ben-Yosef 2007, Site 18",1,762,762 m S709 Kh. eṣ-Ṣun'a [reservoir],to Stage 2
S709,Kh. eṣ-Ṣun'a,197700,184400,True,False,True,True,Rom,name:kh.,False,"Gophna and Porat 1972, Site 146; Zertal 1996, Site 139",1,0,0 m S709 Kh. eṣ-Ṣun'a [reservoir],to Stage 2
S715,'Iraq Abu Hashish A,201100,184300,True,False,True,True,Rom,fortress,False,"Zertal 1996, Site 248",0,,,pending SWP screen
S721,'Iraq Abu Hashish B,201100,184100,True,False,True,True,Rom,structural remains,False,"Zertal 1996, Site 249",0,,,pending SWP screen
S737,'Aṣira esh-Shamaliyya,175300,183900,True,False,True,True,Rom,fortification;village,False,"Gophna and Porat 1972, Site 142; Zertal 1992, Site 271; Sion 2001, Site 203",0,,,pending SWP screen
S739,Kh. el-Hawa,177900,183800,True,False,True,True,"Hel,Rom",name:kh.,False,"Zertal 1992, Site 274; Sion 2001, Site 205",0,,,pending SWP screen
S743,Kh. Mufiyye,198600,183600,True,False,True,True,Rom,ruin;settlement;name:kh.,False,"Gophna and Porat 1972, Site 153; Zertal 1996, Site 251",1,1204,1204 m S709 Kh. eṣ-Ṣun'a [reservoir],to Stage 2
S752,Kh. Umm Qasim,184000,183200,True,False,True,True,Rom,ruin;name:kh.,False,"Zertal 1996, Site 164",0,,,pending SWP screen
S755,Kh. Beit Farr A,184800,183100,True,False,True,True,Rom,name:kh.,False,"Zertal 1996, Site 166",0,,,pending SWP screen
S762,Kh. Beit Farr B,184900,182900,True,False,True,True,Rom,name:kh.,False,"Zertal 1996, Site 168",0,,,pending SWP screen
S774,T. Miske,187300,182400,True,False,True,True,Rom,fortification;ruin;settlement;tell,True,"Kallai 1972, Site 3; Zertal 1996, Site 171; Bar 2008, Site 32",0,,,pending SWP screen
S778,Kh. el-Kuz A,178200,182300,True,False,True,True,Rom,name:kh.,True,"Zertal 1992, Site 279; Sion 2001, Site 281",1,1931,1931 m S825 'Askar [pool],to Stage 2
S779,Tel el-Hadad,189600,182200,True,False,True,True,Rom,tel;name:tel,False,"Zertal 1996, Site 174",1,825,825 m S803 Jelamet el-Aḥmar A [basin],to Stage 2
S790,Bab en-Naqb,190100,181900,True,False,True,True,Rom,structural remains;tell,False,"Gophna and Porat 1972, Site 159; Zertal 1996, Site 180; Bar 2008, Site 34",1,583,583 m S803 Jelamet el-Aḥmar A [basin],to Stage 2
S791,'Ein Shibli',190400,181700,True,False,True,True,Hel,ruin,False,"Zertal 1996, Site 181; Bar 2008, Site 35",1,671,671 m S803 Jelamet el-Aḥmar A [basin],to Stage 2
S804,Kh. Tell el-Fukhar,185300,181400,True,False,True,True,"Hel,Rom",fortified;ruin;tell;name:kh.,False,"Kallai 1972, Site 11; Zertal 1996, Site 176",0,,,pending SWP screen
S806,Kh. el-Kenisseh,176800,181300,True,False,True,True,"Hel,Rom",ruin;name:kh.,False,"Zertal 1992, Site 281; Sion 2001, Site 211",1,1063,1063 m S825 'Askar [pool],to Stage 2
S810,Kh. Wadi el-Gharur A,201800,181100,True,False,True,True,Rom,structural remains;name:kh.,False,"Zertal 1996, Site 255",0,,,pending SWP screen
S819,Ḥabis 'Id,194300,180800,True,False,True,True,"Hel,Rom",structural remains,False,"Gophna and Porat 1972, Site 165; Zertal 1996, Site 208",0,,,pending SWP screen
S822,Kh. Ḥumṣa,195500,180600,True,False,True,True,Rom,fortress;name:kh.,False,"Gophna and Porat 1972, Site 166; Zertal 1996, Site 143",0,,,pending SWP screen
S825,'Askar,177500,180500,True,False,True,True,Rom,village,True,"Kallai 1972, Site 12; Sion 2001, Site 288",1,0,0 m S825 'Askar [pool],to Stage 2
S826,Nablus,175100,180500,True,False,True,True,"Hel,Rom",buildings,True,"Sion 2001, Site 287",0,,,pending SWP screen
E96,Balata - Ancient Shechem,176850,180000,True,False,True,True,Hel,fortification;palace;tell,True,nan,1,820,820 m S825 'Askar [pool],to Stage 2
S836,Kh. el-Ghirur,201400,179800,True,False,True,True,Rom,name:kh.,True,"Gophna and Porat 1972, Site 169; Zertal 1996, Site 259",1,1703,1703 m S864 Huzuq Musa [basin],to Stage 2
S839,Salim (Shechem),181400,179500,True,False,True,True,"Hel,Rom",village,True,"Finkelstein et al. 1997: 817; Sion 2001, Site 292",2,0,0 m S839 Salim (Shechem) [pool] | 427 m S842 Kh. esh-Sheikh Nasrallah [pool],to Stage 2
E99,Tananir,176900,179500,True,False,True,True,Rom,buildings,True,nan,1,1166,1166 m S825 'Askar [pool],to Stage 2
S842,Kh. esh-Sheikh Nasrallah,181000,179350,True,False,True,True,"Hel,Rom",ruin;name:kh.,False,"Finkelstein et al. 1997: 815-816; Sion 2001, Site 293",2,0,0 m S842 Kh. esh-Sheikh Nasrallah [pool] | 427 m S839 Salim (Shechem) [pool],to Stage 2
S845,Kh. es-Saleh,202100,179100,True,False,True,True,Rom,ruin;structural remains;name:kh.,False,"Gophna and Porat 1972, Site 170; Zertal 2005, Site 44; Ben-Yosef 2007, Site 21",1,1166,1166 m S864 Huzuq Musa [basin],to Stage 2
S848,Kh. Maraḥ el-'Inab,192800,178900,True,False,True,True,"Hel,Rom",fortification;structural remains;tell;name:kh.,False,"Gophna and Porat 1972, Site 174; Zertal 1996, Site 191",1,0,0 m S848 Kh. Maraḥ el-'Inab [pool],to Stage 2
S852,Kh. Shuweiha,185600,178600,True,False,True,True,Rom,ruin;name:kh.,False,"Finkelstein et al. 1997: 840-841, 843",0,,,pending SWP screen
S854,Mount Gerizim,176000,178550,True,False,True,True,"Hel,Rom",town,True,"Sion 2001, Site 336",0,,,pending SWP screen
S857,Tell Abu Sidreh,202600,178400,True,False,True,True,Rom,ruin;tell;name:tell,False,"Zertal 2005, Site 45; Ben-Yosef 2007, Site 23",1,1140,1140 m S864 Huzuq Musa [basin],to Stage 2
S865,Kh. Umm Kharaz,198000,178100,True,False,True,True,Rom,name:kh.,False,"Zertal 1996, Site 144",0,,,pending SWP screen
S874,Kh. Baṣaliyye,193600,177900,True,False,True,True,Rom,ruin;name:kh.,False,"Gophna and Porat 1972, Site 176; Zertal 1996, Site 194; Bar 2008, Site 47",1,1281,1281 m S848 Kh. Maraḥ el-'Inab [pool],to Stage 2
S876,Ras Muhammad,179750,177900,True,False,True,True,"Hel,Rom",farmstead;ruin,False,"Finkelstein et al. 1997: 718-719; Sion 2001, Site 347",1,1914,1914 m S842 Kh. esh-Sheikh Nasrallah [pool],to Stage 2
S878,Beit Dajan,185150,177750,True,False,True,True,"Hel,Rom",village,False,Finkelstein et al. 1997: 839-840,0,,,pending SWP screen
S888,Kh. Kafr Beita,180600,177450,True,False,True,True,"Hel,Rom",farmstead;name:kh.,False,"Finkelstein et al. 1997: 813; Sion 2001, Site 297",1,1942,1942 m S842 Kh. esh-Sheikh Nasrallah [pool],to Stage 2
S889,Rujeib,177800,177350,True,False,True,True,"Hel,Rom",village,True,"Kallai 1972, Site 23; Finkelstein et al. 1997: 709; Sion 2001, Site 296",0,,,pending SWP screen
E109,Tell Ẓofar,180000,177000,True,False,True,True,Hel,tell;name:tell,True,nan,0,,,pending SWP screen
S902,Kh. Naqb el-Maṭar,197300,176700,True,False,True,True,Rom,name:kh.,False,"Zertal 1996, Site 222",0,,,pending SWP screen
S915,Wadi Umm el-Khazam,194700,176400,True,False,True,True,Rom,farmstead;fortified,False,"Zertal 1996, Site 220",0,,,pending SWP screen
S916,en-Na'ajeh 4,200800,176300,True,False,True,True,Rom,settlement;structural remains,False,"Zertal 2005, Site 51",1,1931,1931 m S864 Huzuq Musa [basin],to Stage 2
S921,Kh. Khiraf,200100,176200,True,False,True,True,Rom,fortress;name:kh.,False,"Gophna and Porat 1972, Site 227; Zertal 1996, Site 266",0,,,pending SWP screen
S928,Kh. en-Nabi,175450,176000,True,False,True,True,"Hel,Rom",ruin;tell;village;name:kh.,False,"Kallai 1972, Site 26; Finkelstein et al. 1997: 694-698; Sion 2001, Site 303",0,,,pending SWP screen
S931,Beit Furik,181850,175950,True,False,True,True,Rom,village,False,"Finkelstein et al. 1997: 814; Sion 2001, Site 310",0,,,pending SWP screen
S933,Argaman 3,199800,175900,True,False,True,True,Rom,fortified,False,"Zertal 2005, Site 57",0,,,pending SWP screen
S936,Kh. Tana el-Fawqa,185150,175900,True,False,True,True,Rom,ruin;structural remains;village;name:kh.,False,"Kallai 1972, Site 27; Finkelstein et al. 1997: 836-839",0,,,pending SWP screen
S949,Kh. el-Mazra'a,177150,175400,True,False,True,True,Hel,name:kh.,False,"Finkelstein et al. 1997: 707; Sion 2001, Site 309",0,,,pending SWP screen
S951,Kh. Heiya,179350,175350,True,False,True,True,"Hel,Rom",buildings;name:kh.,True,"Finkelstein et al. 1997: 717-718; Sion 2001, Site 348",0,,,pending SWP screen
S961,Kh. el-Butmen,191300,175000,True,False,True,True,Rom,name:kh.,False,"Zertal 2005, Site 112",1,1868,1868 m S1031 Umm Sawaneh 1 [basin],to Stage 2
S972,Kh. Shurrab,178750,174650,True,False,True,True,"Hel,Rom",buildings;name:kh.,False,"Finkelstein et al. 1997: 712; Sion 2001, Site 351",0,,,pending SWP screen
S973,es-Sahl 1,198700,174600,True,False,True,True,Rom,structural remains,False,"Zertal 2005, Site 64; Ben-Yosef 2007, Site 29",0,,,pending SWP screen
S983,Bedhat esh-Sha'ab,198800,174200,True,False,True,True,Rom,structural remains,True,"Zertal 2005, Site 65; Ben-Yosef 2007, Site 30",0,,,pending SWP screen
S990,Tell er-Ras,176750,174050,True,False,True,True,Rom,fortification;ruin;tell;name:tell,True,"Kallai 1972, Site 28; Finkelstein et al. 1997: 700-702; Sion 2001, Site 313",0,,,pending SWP screen
S996,Mantaket Wadi Zeit,194800,173900,True,False,True,True,Rom,settlement;village,False,"Zertal 2005, Site 80; Bar 2008, Site 57",0,,,pending SWP screen
S1001,Kh. Yanun,184250,173850,True,False,True,True,"Hel,Rom",ruin;name:kh.,False,"Finkelstein et al. 1997: 828-831; Sion 2001, Site 358",0,,,pending SWP screen
S1003,el-Medakakin,191900,173800,True,False,True,True,Rom,farmstead,False,"Zertal 2005, Site 117",1,608,608 m S1031 Umm Sawaneh 1 [basin],to Stage 2
S1015,Kh. Abu Taqiya,177600,173550,True,False,True,True,Hel,name:kh.,False,Finkelstein et al. 1997: 705,0,,,pending SWP screen
S1019,Joret el-Karaireh,189900,173400,True,False,True,True,Rom,farmstead,False,"Zertal 2005, Site 115",1,1910,1910 m S1031 Umm Sawaneh 1 [basin],to Stage 2
S1023,-,183600,173350,True,False,True,True,"Hel,Rom",remains of buildings,False,Finkelstein et al. 1997: 825-826,0,,,pending SWP screen
S1024,Kh. 'Ulim,179550,173350,True,False,True,True,Rom,buildings;name:kh.,False,"Finkelstein et al. 1997: 717; Sion 2001, Site 355",0,,,pending SWP screen
S1029,Kh. Tana et-Tahta,187400,173250,True,False,True,True,"Hel,Rom",buildings;ruin;name:kh.,False,Finkelstein et al. 1997: 843-846,2,0,0 m S1029 Kh. Tana et-Tahta [basin] | 570 m S1008 el-'Ein et-Tahta [reservoir],to Stage 2
S1031,Umm Sawaneh 1,191800,173200,True,False,True,True,Rom,farmstead,False,"Zertal 2005, Site 118",1,0,0 m S1031 Umm Sawaneh 1 [basin],to Stage 2
S1032,Udala,176250,173200,True,False,True,True,"Hel,Rom",village,False,Finkelstein et al. 1997: 699,1,1645,1645 m S1049 Beit el-Khirbeh [pool],to Stage 2
S1035,Kh. Matar,175900,173000,True,False,True,True,"Hel,Rom",name:kh.,False,"Finkelstein et al. 1997: 691; Sion 2001, Site 319",1,1250,1250 m S1049 Beit el-Khirbeh [pool],to Stage 2
S1042,Umm Sawaneh 4,192000,172900,True,False,True,True,Rom,farmstead,False,"Zertal 2005, Site 124",1,361,361 m S1031 Umm Sawaneh 1 [basin],to Stage 2
S1043,Kh. Muwasi,181050,172900,True,False,True,True,"Hel,Rom",farmstead;name:kh.,False,"Finkelstein et al. 1997: 813-814; Sion 2001, Site 361",0,,,pending SWP screen
S1048,Kh. el-'Urme,180500,172650,True,False,True,True,"Hel,Rom",fortification;fortified;tell;name:kh.,False,"Kallai 1972, Site 32; Finkelstein et al. 1997: 805-808",0,,,pending SWP screen
S1053,Yanun,183700,172450,True,False,True,True,Rom,village,False,"Finkelstein et al. 1997: 821-823; Sion 2001, Site 362",0,,,pending SWP screen
S1060,E.P. 236,189600,172300,True,False,True,True,Rom,fort,False,"Zertal 2005, Site 119",1,1581,1581 m S1118 Jebel el-Mahjarah 1 [basin],to Stage 2
S1061,-,189000,172300,True,False,True,True,Rom,fort,False,Damati and Ilan 1973: 14,3,1861,1861 m S1029 Kh. Tana et-Tahta [basin] | 1877 m S1008 el-'Ein et-Tahta [reservoir] | 1985 m S1118 Jebel el-Mahjarah 1 [basin],to Stage 2
S1080,Tell el-Mazar,196000,171900,True,False,True,True,Rom,tell;name:tell,True,"Bar-Adon 1972, Site 3; Zertal 2005, Site 82",1,922,922 m S1116 Tell eṣ-Ṣimadi [pool],to Stage 2
S1081,-,193600,171900,True,False,True,True,Rom,fort,False,Damati and Ilan 1973: 14,0,,,pending SWP screen
S1084,Kh. Rujan,179500,171900,True,False,True,True,"Hel,Rom",buildings;name:kh.,False,"Finkelstein et al. 1997: 714-716; Sion 2001, Site 366",0,,,pending SWP screen
S1089,'Iraq er-Resifeh 4,192800,171700,True,False,True,True,Rom,fort,False,"Zertal 2005, Site 134; Ben-Yosef 2007, Site 59",1,1803,1803 m S1031 Umm Sawaneh 1 [basin],to Stage 2
S1092,Wadi edh-Dhba' 3,190500,171600,True,False,True,True,Rom,farmstead,False,"Zertal 2005, Site 131",1,600,600 m S1118 Jebel el-Mahjarah 1 [basin],to Stage 2
S1094,Beita et-Tahta,177000,171600,True,False,True,True,Rom,village,False,"Finkelstein et al. 1997: 703-704; Sion 2001, Site 328",0,,,pending SWP screen
S1099,Kh. el-Kurum,182650,171450,True,False,True,True,"Hel,Rom",farmstead;ruin;name:kh.,False,"Finkelstein et al. 1997: 820-821; Sion 2001, Site 368",0,,,pending SWP screen
S1100,'Iraq er-Resifeh 1,192800,171400,True,False,True,True,Rom,fort,False,"Zertal 2005, Site 135",0,,,pending SWP screen
S1109,-,188900,171200,True,False,True,True,Rom,fort,False,Damati and Ilan 1973: 14,2,1612,1612 m S1118 Jebel el-Mahjarah 1 [basin] | 1655 m S1169 Wadi Khallal el-Fal 1 [basin],to Stage 2
S1115,el-Makhruq 3,198800,171000,True,False,True,True,Rom,farmstead,False,"Zertal 2005, Site 74",0,,,pending SWP screen
S1116,Tell eṣ-Ṣimadi,196200,171000,True,False,True,True,Rom,fortification;ruin;tell;name:tell,False,"Gophna and Porat 1972, Site 190; Zertal 2005, Site 84; Ben-Yosef 2007, Site 42",1,0,0 m S1116 Tell eṣ-Ṣimadi [pool],to Stage 2
S1121,Kh. Nu'man,180950,170950,True,False,True,True,"Hel,Rom",buildings;farmstead;ruin;name:kh.,False,"Finkelstein et al. 1997: 803-804; Sion 2001, Site 374",0,,,pending SWP screen
S1137,Qarawet et-Tahta,196200,170600,True,False,True,True,Rom,town,False,"Gophna and Porat 1972, Site 190; Zertal 2005, Site 85",1,400,400 m S1116 Tell eṣ-Ṣimadi [pool],to Stage 2
S1143,'Aqraba,182350,170450,True,False,True,True,"Hel,Rom",fort;village,True,"Finkelstein et al. 1997: 818-820; Sion 2001, Site 376",0,,,pending SWP screen
S1144,-,193200,170400,True,False,True,True,Rom,fort,False,Damati and Ilan 1973: 14,0,,,pending SWP screen
S1147,-,178850,170400,True,False,True,True,"Hel,Rom",buildings,False,Finkelstein et al. 1997: 711-712,0,,,pending SWP screen
S1148,-,191300,170300,True,False,True,True,Rom,fort,False,Damati and Ilan 1973: 14,3,1063,1063 m S1118 Jebel el-Mahjarah 1 [basin] | 1780 m S1181 E.P. 173 - 2 [pool] | 1803 m S1169 Wadi Khallal el-Fal 1 [basin],to Stage 2
S1163,'Ain Abu Daraj Fort,191200,169900,True,False,True,True,Rom,fort;fortress,False,"Zertal 2005, Site 154; Ben-Yosef 2007, Site 64",4,1304,1304 m S1118 Jebel el-Mahjarah 1 [basin] | 1476 m S1181 E.P. 173 - 2 [pool] | 1612 m S1169 Wadi Khallal el-Fal 1 [basin] | 1838 m S1182 E.P. 173 - 1 [pool],to Stage 2
S1169,Wadi Khallal el-Fal 1,189600,169700,True,False,True,True,Rom,farmstead,False,"Zertal 2005, Site 148",4,0,0 m S1169 Wadi Khallal el-Fal 1 [basin] | 510 m S1182 E.P. 173 - 1 [pool] | 583 m S1181 E.P. 173 - 2 [pool] | 1581 m S1118 Jebel el-Mahjarah 1 [basin],to Stage 2
S1170,Umm Hallal,191500,169600,True,False,True,True,Rom,fortress,False,"Zertal 2005, Site 156",3,1649,1649 m S1181 E.P. 173 - 2 [pool] | 1720 m S1118 Jebel el-Mahjarah 1 [basin] | 1903 m S1169 Wadi Khallal el-Fal 1 [basin],to Stage 2
S5986,Wadi Zamor 4,188200,169500,True,False,True,True,Rom,farmstead,False,"Ben-Yosef 2007, Site 75",3,1334,1334 m S1182 E.P. 173 - 1 [pool] | 1414 m S1169 Wadi Khallal el-Fal 1 [basin] | 1726 m S1181 E.P. 173 - 2 [pool],to Stage 2
S1173,Rujm es-Si'a,195600,169400,True,False,True,True,Rom,fortress,False,"Zertal 2005, Site 86",1,1709,1709 m S1116 Tell eṣ-Ṣimadi [pool],to Stage 2
S1177,Kh. Kafr Gharib,183250,169250,True,False,True,True,Hel,buildings;ruin;name:kh.,False,Finkelstein et al. 1997: 781,0,,,pending SWP screen
S1200,Kh. 'Afrata,176600,168800,True,False,True,True,Rom,buildings;ruin;name:kh.,False,"Finkelstein et al. 1997: 649-650; Sion 2001, Site 439",1,492,492 m S1209 Kh. Samara [pool],to Stage 2
S1209,Kh. Samara,176150,168600,True,False,True,True,"Hel,Rom",ruin;name:kh.,False,"Finkelstein et al. 1997: 649; Sion 2001, Site 440",1,0,0 m S1209 Kh. Samara [pool],to Stage 2
S1217,Kh. 'Afrit,176650,168400,True,False,True,True,"Hel,Rom",buildings;ruin;name:kh.,False,"Finkelstein et al. 1997: 648; Sion 2001, Site 441",1,539,539 m S1209 Kh. Samara [pool],to Stage 2
S1218,Yatma,175500,168400,True,False,True,True,"Hel,Rom",village,False,Finkelstein et al. 1997: 639,3,680,680 m S1209 Kh. Samara [pool] | 1853 m S1320 'Ein es-Sawiya [reservoir] | 1973 m S1325 Khan es-Sawiya [pool],to Stage 2
S1227,Kh. Sabbuba,183750,168050,True,False,True,True,Rom,buildings;name:kh.,False,Eitam 1980: 20; Finkelstein et al. 1997: 779-780,0,,,pending SWP screen
S1245,Kh. Tuweiyil,186700,167800,True,False,True,True,"Hel,Rom",name:kh.,False,Finkelstein et al. 1997: 799,1,583,583 m S1255 Kh. Tawil 2 [basin],to Stage 2
S1248,Jurish,180650,167650,True,False,True,True,"Hel,Rom",village,False,Finkelstein et al. 1997: 759-761,0,,,pending SWP screen
S1252,Kh. Miras ed-Din,186150,167550,True,False,True,True,Rom,name:kh.,False,Finkelstein et al. 1997: 800,1,1051,1051 m S1255 Kh. Tawil 2 [basin],to Stage 2
S1253,ed-Dirs,196800,167500,True,False,True,True,Rom,structural remains,False,"Bar-Adon 1972, Site 6",1,1500,1500 m S1346 Tell 'Abeid 2 [basin],to Stage 2
S1269,Kh. Tawil 1,186900,167300,True,False,True,True,Rom,farmstead;name:kh.,False,"Zertal 2005, Site 159; Ben-Yosef 2007, Site 65",1,361,361 m S1255 Kh. Tawil 2 [basin],to Stage 2
S1270,Kh. en-Najama,183000,167300,True,False,True,True,Rom,farmstead;name:kh.,False,"Finkelstein et al. 1997: 779; Sion 2001, Site 395",0,,,pending SWP screen
S1275,Masu'a 2,196100,167200,True,False,True,True,Rom,settlement,False,"Zertal 2005, Site 91; Bar 2008, Site 70",1,1389,1389 m S1346 Tell 'Abeid 2 [basin],to Stage 2
S1283,Qarn Sarṭaba,193800,167000,True,False,True,True,"Hel,Rom",fortification;fortress,True,"Bar-Adon 1972, Site 5; Zertal 2005, Site 173",4,0,"0 m E151 Qarn Ṣarṭaba [pool] | 0 m S1283 Qarn Sarṭaba [pool] | 224 m S1295 Lower Sartaba, Kh. Kuffah [pool] | 1237 m S1313 E.P. 278 [basin]",to Stage 2
S1295,"Lower Sartaba, Kh. Kuffah",193600,166900,True,False,True,True,"Hel,Rom",settlement,False,"Zertal 2005, Site 172",4,0,"0 m S1295 Lower Sartaba, Kh. Kuffah [pool] | 224 m E151 Qarn Ṣarṭaba [pool] | 224 m S1283 Qarn Sarṭaba [pool] | 1020 m S1313 E.P. 278 [basin]",to Stage 2
S1307,Kh. Qarqafa,180250,166750,True,False,True,True,"Hel,Rom",ruin;name:kh.,False,"Finkelstein et al. 1997: 757-758; Sion 2001, Site 401",0,,,pending SWP screen
S1316,Kh. Qarqafa D,181150,166650,True,False,True,True,"Hel,Rom",tell;name:kh.,False,"Finkelstein et al. 1997: 764-765; Sion 2001, Site 402",0,,,pending SWP screen
S1334,'Ain el-Mana',191400,166300,True,False,True,True,Rom,structural remains,False,"Zertal 2005, Site 169",1,1265,1265 m S1313 E.P. 278 [basin],to Stage 2
S1336,Tell 'Abeid 1,196800,166200,True,False,True,True,Rom,fortress;tell;name:tell,False,"Zertal 2005, Site 98; Ben-Yosef 2007, Site 49",2,200,200 m S1346 Tell 'Abeid 2 [basin] | 922 m S1381 Abu Nugeilat [pool],to Stage 2
S1346,Tell 'Abeid 2,196800,166000,True,False,True,True,"Hel,Rom",fortress;tell;name:tell,False,"Zertal 2005, Site 99; Ben-Yosef 2007, Site 50",2,0,0 m S1346 Tell 'Abeid 2 [basin] | 728 m S1381 Abu Nugeilat [pool],to Stage 2
S1348,Kh. esh-Shuna,176000,166000,True,False,True,True,Rom,buildings;name:kh.,False,Finkelstein et al. 1997: 647,2,814,814 m S1320 'Ein es-Sawiya [reservoir] | 918 m S1325 Khan es-Sawiya [pool],to Stage 2
S1373,Majdal Bani Fadil,184500,165500,True,False,True,True,"Hel,Rom",village,False,"Finkelstein et al. 1997: 787; Sion 2001, Site 411",0,,,pending SWP screen
S1375,Kh. Nabbuh B,182500,165450,True,False,True,True,Rom,ruin;name:kh.,False,"Finkelstein et al. 1997: 778; Sion 2001, Site 409",0,,,pending SWP screen
S1380,Kh. el-Qariq,180150,165350,True,False,True,True,"Hel,Rom",ruin;name:kh.,False,Finkelstein et al. 1997: 755-756,1,1315,1315 m S1436 Jalud [pool],to Stage 2
S1382,Yafit 8,196200,165300,True,False,True,True,Rom,farmstead,False,"Zertal 2005, Site 100",3,800,800 m S1381 Abu Nugeilat [pool] | 922 m S1346 Tell 'Abeid 2 [basin] | 1565 m S1441 el-Marmale [pool],to Stage 2
S1390,Wadi Ahmar 4,192200,165200,True,False,True,True,Rom,structural remains,False,"Zertal 2005, Site 184",1,1552,1552 m S1313 E.P. 278 [basin],to Stage 2
S1394,Kh. 'Ein 'Eina,179300,165200,True,False,True,True,"Hel,Rom",ruin;name:kh.,False,"Finkelstein et al. 1997: 667; Sion 2001, Site 405",1,1321,1321 m S1436 Jalud [pool],to Stage 2
S1396,Kh. Nabbuh,182200,165150,True,False,True,True,"Hel,Rom",name:kh.,False,"Finkelstein et al. 1997: 775-776; Sion 2001, Site 410",0,,,pending SWP screen
S1432,Qaryut,177850,164150,True,False,True,True,"Hel,Rom",village,False,"Finkelstein et al. 1997: 654; Sion 2001, Site 414",1,1051,1051 m S1459 'Ein Seilun [basin/reservoir],to Stage 2
S1436,Jalud,179950,164050,True,False,True,True,Hel,village,False,"Finkelstein et al. 1997: 665-666; Sion 2001, Site 418",2,0,0 m S1436 Jalud [pool] | 1856 m S1459 'Ein Seilun [basin/reservoir],to Stage 2
S1441,el-Marmale,196900,163900,True,False,True,True,Rom,structural remains,False,"Bar-Adon 1972, Site 9; Zertal 2005, Site 103",2,0,0 m S1441 el-Marmale [pool] | 1404 m S1381 Abu Nugeilat [pool],to Stage 2
S1443,E.P. -145,192600,163900,True,False,True,True,"Hel,Rom",structural remains,False,"Zertal 2005, Site 196; Ben-Yosef 2007, Site 71; Bar 2008, Site 80",2,1700,1700 m S1463 Yafit 4 [basin] | 2000 m E181 Faṣa'el - Roman Camp [pool],to Stage 2
S1457,Tal'at 'Amreh 1,192900,163200,True,False,True,True,Rom,settlement,False,"Zertal 2005, Site 198",2,1204,1204 m S1463 Yafit 4 [basin] | 1749 m E181 Faṣa'el - Roman Camp [pool],to Stage 2
S1458,Kh. el-Qasr A,182750,163200,True,False,True,True,Rom,name:kh.,False,"Finkelstein et al. 1997: 774; Sion 2001, Site 419",1,604,604 m S1469 Kh. Birkat el-Qasr [birkat],to Stage 2
S1469,Kh. Birkat el-Qasr,182200,162950,True,False,True,True,Rom,buildings;ruin;name:kh.,False,"Finkelstein et al. 1997: 772-773; Sion 2001, Site 428",1,0,0 m S1469 Kh. Birkat el-Qasr [birkat],to Stage 2
S1474,Yafit 3,193900,162800,True,False,True,True,Rom,structural remains,True,"Zertal 2005, Site 105; Ben-Yosef 2007, Site 52",1,361,361 m S1463 Yafit 4 [basin],to Stage 2
S1481,-,189500,162700,True,False,True,True,Rom,structural remains,False,"Bar-Adon 1972, Site 10c",4,632,632 m S1472 - [pool] | 1414 m E178 Tell esh-Sheikh Dhiab [pool] | 1414 m S6040 Tell esh-Sheikh Dhiab [pool] | 1942 m E181 Faṣa'el - Roman Camp [pool],to Stage 2
S1486,Rujm Abu Muḥeir,189800,162600,True,False,True,True,Rom,fortification;fortress,True,"Bar-Adon 1972, Site 10a",4,949,949 m S1472 - [pool] | 1105 m E178 Tell esh-Sheikh Dhiab [pool] | 1105 m S6040 Tell esh-Sheikh Dhiab [pool] | 1628 m E181 Faṣa'el - Roman Camp [pool],to Stage 2
S1488,Kh. Sara,179150,162600,True,False,True,True,Rom,buildings;ruin;name:kh.,False,"Kallai 1972, Site 38; Finkelstein et al. 1997: 662; Sion 2001, Site 423",3,1040,1040 m S1459 'Ein Seilun [basin/reservoir] | 1379 m S1533 Shiloh [basin] | 1656 m S1436 Jalud [pool],to Stage 2
S1491,Duma,184850,162550,True,False,True,True,Rom,village,True,Finkelstein et al. 1997: 784-786,0,,,pending SWP screen
S1492,Tell Shiloh,177500,162550,True,False,True,True,"Hel,Rom",fortified;settlement;tell;village;name:tell,True,"Finkelstein et al. 1997: 653; Sion 2001, Site 421",2,1031,1031 m S1459 'Ein Seilun [basin/reservoir] | 1180 m S1533 Shiloh [basin],to Stage 2
S6040,Tell esh-Sheikh Dhiab,190900,162500,True,False,True,True,"Hel,Rom",tell;name:tell,True,"Bar-Adon 1972, Site 13;  Bar 2008, Site 95",3,0,0 m E178 Tell esh-Sheikh Dhiab [pool] | 0 m S6040 Tell esh-Sheikh Dhiab [pool] | 539 m E181 Faṣa'el - Roman Camp [pool],to Stage 2
S1502,Kh. Sara C,179200,162350,True,False,True,True,"Hel,Rom",ruin;name:kh.,False,"Finkelstein et al. 1997: 664; Sion 2001, Site 425",3,1238,1238 m S1459 'Ein Seilun [basin/reservoir] | 1250 m S1533 Shiloh [basin] | 1858 m S1436 Jalud [pool],to Stage 2
S1509,-,190500,162250,True,False,True,True,Rom,fortification,False,"Bar-Adon 1972, Site 10g",4,472,472 m E178 Tell esh-Sheikh Dhiab [pool] | 472 m S6040 Tell esh-Sheikh Dhiab [pool] | 901 m E181 Faṣa'el - Roman Camp [pool] | 1727 m S1472 - [pool],to Stage 2
S1511,Jebel Shi'b el-Misr,179800,162200,True,False,True,True,Rom,building remains,False,"Finkelstein et al. 1997: 662-663; Sion 2001, Site 426",3,1709,1709 m S1533 Shiloh [basin] | 1803 m S1459 'Ein Seilun [basin/reservoir] | 1856 m S1436 Jalud [pool],to Stage 2
S1516,Kh. Najmat Khuneifis,180350,162100,True,False,True,True,Rom,fortress;name:kh.,False,"Finkelstein et al. 1997: 754-755; Sion 2001, Site 427",1,1991,1991 m S1436 Jalud [pool],to Stage 2
S1525,Kh. er-Rafid,176700,161800,True,False,True,True,"Hel,Rom",fortification;structural remains;tell;name:kh.,False,"Kallai 1972, Site 42; Finkelstein et al. 1997: 642-643",1,1513,1513 m S1533 Shiloh [basin],to Stage 2
S1531,Kh. el-Marajim,184000,161600,True,False,True,True,"Hel,Rom",buildings;name:kh.,False,Finkelstein et al. 1997: 781-783,0,,,pending SWP screen
S1537,Tell esh-Sheikh Dhiab,190800,161500,True,False,True,True,Rom,tell;name:tell,True,"Bar-Adon 1972, Site 13;  Bar 2008, Site 94",3,1000,1000 m E181 Faṣa'el - Roman Camp [pool] | 1005 m E178 Tell esh-Sheikh Dhiab [pool] | 1005 m S6040 Tell esh-Sheikh Dhiab [pool],to Stage 2
S1538,Kh. er-Rahaya,185150,161500,True,False,True,True,"Hel,Rom",buildings;fortified;name:kh.,False,"Finkelstein et al. 1997: 791-793; Bar 2008, Site 96",0,,,pending SWP screen
S1563,Turmus 'Aiya,177100,160250,True,False,True,True,Rom,village,False,Finkelstein et al. 1997: 651-652,1,1741,1741 m S1533 Shiloh [basin],to Stage 2
S1571,Kh. Istuna,180350,159900,True,False,True,True,Rom,buildings;village;name:kh.,False,Finkelstein et al. 1997: 727-730,0,,,pending SWP screen
S1573,Kh. Jib'it,184600,159800,True,False,True,True,"Hel,Rom",fortification;ruin;name:kh.,True,Finkelstein et al. 1997: 751-753,0,,,pending SWP screen
S5991,Fussail 2,191000,159700,True,False,True,True,Rom,settlement,False,"Ben-Yosef 2007, Site 80",2,922,922 m E200 Kh. Faṣayil [pool] | 922 m S1579 Kh. Faṣayil [pool],to Stage 2
S1579,Kh. Faṣayil,191900,159500,True,False,True,True,"Hel,Rom",name:kh.,True,"Bar-Adon 1972, Site 15; Bar 2008, Site 119",2,0,0 m E200 Kh. Faṣayil [pool] | 0 m S1579 Kh. Faṣayil [pool],to Stage 2
S1581,Kh. Kulasun,182150,159400,True,False,True,True,"Hel,Rom",buildings;name:kh.,False,Finkelstein et al. 1997: 746-747,0,,,pending SWP screen
S5993,Wadi Amri 2,189200,159400,True,False,True,True,"Hel,Rom",structural remains,False,"Ben-Yosef 2007, Site 82",0,,,pending SWP screen
S1593,Kh. ed-Dashe,194900,158700,True,False,True,True,Rom,palace;name:kh.,False,"Bar-Adon 1972, Site 17",1,0,0 m S1593 Kh. ed-Dashe [pool],to Stage 2
S1597,Kh. el-Budud,179950,158550,True,False,True,True,Rom,remains of buildings;ruin;name:kh.,False,Finkelstein et al. 1997: 594-595,1,1610,1610 m S1623 Kh. Abu Falaḥ [pool],to Stage 2
S1609,Kh. Siya',180450,157950,True,False,True,True,"Hel,Rom",buildings;monastery;name:kh.,False,Finkelstein et al. 1997: 725-727,1,1610,1610 m S1623 Kh. Abu Falaḥ [pool],to Stage 2
S1611,Kh. el-Kharayib,176600,157900,True,False,True,True,Hel,ruin;name:kh.,False,"Kallai 1972, Site 54; Finkelstein et al. 1997: 583",0,,,pending SWP screen
S5998,Wadi Tal'at Zagharah 2,191700,155600,True,True,True,True,Rom,structural remains,False,"Ben-Yosef 2007, Site 88",0,,,pending SWP screen
S5999,Wadi Tal'at Zagharah 1,191600,155600,True,True,True,True,Rom,structural remains,False,"Ben-Yosef 2007, Site 89",0,,,pending SWP screen
S1658,Kh. Marjame,181600,155400,True,False,True,True,"Hel,Rom",fortified;settlement;structural remains;tell;name:kh.,True,"Kallai 1972, Site 65; Eitam 1980: 6; Finkelstein et al. 1997: 732-734",1,0,0 m S1658 Kh. Marjame [pool],to Stage 2
S1667,Kh. Samiyye,181700,155000,True,True,True,True,Rom,name:kh.,True,"Kallai 1972, Site 66; Finkelstein et al. 1997: 734-736",1,412,412 m S1658 Kh. Marjame [pool],to Stage 2
S6000,Netiv Hagdud 2,191900,154300,True,True,True,True,"Hel,Rom",fortress,True,"Ben-Yosef 2007, Site 90",1,1044,1044 m S6003 Niran 2 [basin],to Stage 2
S6005,Niran 11,191400,153300,True,True,True,True,Rom,structural remains,False,"Ben-Yosef 2007, Site 95",2,800,"800 m S6003 Niran 2 [basin] | 2000 m S6010 ""Niran's Pool"" [pool]",to Stage 2
S1718,el-Khirbeh,176800,152950,True,False,True,True,"Hel,Rom",remains of buildings;ruin,False,Finkelstein et al. 1997: 581,2,1961,1961 m E236 Kh. el-Mazari [reservoir] | 1961 m S1760 Kh. el-Mazari' [reservoir],to Stage 2
S6008,Wadi el-Hamam 1,189000,152900,True,True,True,True,Rom,structural remains,False,"Ben-Yosef 2007, Site 98",0,,,pending SWP screen
S1737,Kh. el-Kadh-dhaba,176450,152100,True,True,True,True,Rom,name:kh.,False,Finkelstein et al. 1997: 582,2,1044,1044 m E236 Kh. el-Mazari [reservoir] | 1044 m S1760 Kh. el-Mazari' [reservoir],to Stage 2
S6011,E.P. -140,193300,152100,True,True,True,True,Rom,structural remains,False,"Ben-Yosef 2007, Site",2,300,"300 m S6010 ""Niran's Pool"" [pool] | 1628 m S6003 Niran 2 [basin]",to Stage 2
S1739,Kh. el-Beyadat,194000,152000,True,True,True,True,Rom,name:kh.,True,"Bar-Adon 1972, Site 22; Ben-Yosef 2007, Site 105",1,1005,"1005 m S6010 ""Niran's Pool"" [pool]",to Stage 2
S6013,el-Mastara 1,188700,152000,True,True,True,True,"Hel,Rom",village,False,"Ben-Yosef 2007, Site 104",3,1204,1204 m S6016 'Iraq el-Ghawarneh 2 [pool] | 1334 m E239 Aujeh Fortress [pool] | 1334 m S6018 Aujeh Fortress [pool],to Stage 2
S6015,Wadi el-Hayyat 1,190600,151500,True,True,True,True,Rom,structural remains,False,"Ben-Yosef 2007, Site 107",0,,,pending SWP screen
S1757,Et-Taiyiba,178450,151300,True,True,True,True,"Hel,Rom",village,True,Finkelstein et al. 1997: 587-590,0,,,pending SWP screen
S6017,E.P. -66,189500,151200,True,True,True,True,"Hel,Rom",structural remains,False,"Ben-Yosef 2007, Site 109; bar 2008, Site 107",3,1208,1208 m E239 Aujeh Fortress [pool] | 1208 m S6018 Aujeh Fortress [pool] | 1700 m S6016 'Iraq el-Ghawarneh 2 [pool],to Stage 2
S6018,Aujeh Fortress,188400,150700,True,True,True,True,"Hel,Rom",fortress,True,"Ben-Yosef 2007, Site 110",3,0,0 m E239 Aujeh Fortress [pool] | 0 m S6018 Aujeh Fortress [pool] | 781 m S6016 'Iraq el-Ghawarneh 2 [pool],to Stage 2
S1772,Kh. ed-Dis,177000,150600,True,True,True,True,Rom,name:kh.,False,Finkelstein et al. 1997: 584,2,986,986 m E236 Kh. el-Mazari [reservoir] | 986 m S1760 Kh. el-Mazari' [reservoir],to Stage 2
S6019,Wadi Aujah 1,188600,150300,True,True,True,True,Rom,structural remains,False,"Ben-Yosef 2007, Site 111",3,447,447 m E239 Aujeh Fortress [pool] | 447 m S6018 Aujeh Fortress [pool] | 1204 m S6016 'Iraq el-Ghawarneh 2 [pool],to Stage 2
S1782,Kh. Dar Haiyeh,177400,150200,True,True,True,True,Rom,remains of buildings;name:kh.,False,Finkelstein et al. 1997: 585,2,1540,1540 m E236 Kh. el-Mazari [reservoir] | 1540 m S1760 Kh. el-Mazari' [reservoir],to Stage 2
S1785,Kh. el-'Awja,188800,150100,True,True,True,True,Rom,fortification;structural remains;tell;name:kh.,False,"Bar-Adon 1972, Site 26; Bar 2008, Site 111",3,721,721 m E239 Aujeh Fortress [pool] | 721 m S6018 Aujeh Fortress [pool] | 1487 m S6016 'Iraq el-Ghawarneh 2 [pool],to Stage 2
S1790,Ein el-'Auja,188860,150040,True,True,True,True,Hel,settlement,False,Spanier 1995: 79,3,804,804 m E239 Aujeh Fortress [pool] | 804 m S6018 Aujeh Fortress [pool] | 1571 m S6016 'Iraq el-Ghawarneh 2 [pool],to Stage 2
S1793,Kh. Tantura,175750,149900,True,True,True,True,"Hel,Rom",buildings;ruin;name:kh.,False,"Finkelstein 1993, Site 96; Finkelstein et al. 1997: 534",2,1265,1265 m E236 Kh. el-Mazari [reservoir] | 1265 m S1760 Kh. el-Mazari' [reservoir],to Stage 2
S1798,Kh. Umm 'Azbe,194000,149700,True,True,True,True,Rom,ruin;structural remains;name:kh.,False,"Bar-Adon 1972, Site 32",1,412,412 m S1794 - [pool],to Stage 2
S1808,Malkhaka el-Wadin,197900,149200,True,True,True,True,Rom,ruin,False,"Bar-Adon 1972, Site 34; Bar 2008, Site 115",1,0,0 m S1808 Malkhaka el-Wadin [pool],to Stage 2
S1810,Kh. el-'Aliya,175950,149200,True,True,True,True,"Hel,Rom",buildings;ruin;village;name:kh.,False,"Finkelstein 1993, Site 97; Finkelstein et al. 1997: 535",2,1910,1910 m E236 Kh. el-Mazari [reservoir] | 1910 m S1760 Kh. el-Mazari' [reservoir],to Stage 2
S1816,El-Qaṣr,183900,149050,True,True,True,True,"Hel,Rom",fort,True,"Goldfus and Golani 1993, Site 380; Finkelstein et al. 1997: 722",3,461,461 m S1838 - [reservoir] | 1059 m S1834 'Alali el-Benat [basin] | 1653 m S1894 - [pool],to Stage 2
S1831,Kh. el-Kilya,182650,148750,True,True,True,True,Rom,fort;monastery;village;name:kh.,True,"Goldfus and Golani 1993, Site 369; Finkelstein et al. 1997: 722",4,255,255 m S1834 'Alali el-Benat [basin] | 1160 m S1838 - [reservoir] | 1773 m S1894 - [pool] | 1953 m S1889 Rujm er-Refeif [pool],to Stage 2
S1845,Rammun,178500,148400,True,True,True,True,"Hel,Rom",village,False,"Finkelstein 1993, Site 101; Finkelstein et al. 1997: 538-539",0,,,pending SWP screen
S1876,Kh. Abu Rashid,182100,147850,True,True,True,True,Rom,farmstead;fortress;name:kh.,False,"Bar-Adon 1972, Site 39; Goldfus and Golani 1993, Site 365",4,1012,1012 m S1889 Rujm er-Refeif [pool] | 1167 m S1834 'Alali el-Benat [basin] | 1759 m S1894 - [pool] | 1858 m S1838 - [reservoir],to Stage 2
S1887,-,189700,147550,True,True,True,True,Rom,structural remains,False,"Bar-Adon 1972, Site 45; Goldfus and Golani 1993, Site 426",0,,,pending SWP screen
S1929,Kh. el-Khudriya,177450,146600,True,True,True,True,"Hel,Rom",name:kh.,True,"Finkelstein 1993, Site 98; Finkelstein et al. 1997: 536",1,1698,1698 m S2033 Kh. Kafr Nata [reservoir],to Stage 2
S1934,Deir Dibwan,175800,146400,True,True,True,True,"Hel,Rom",village;name:deir,True,"Feldstein et al. 1993, Site 219; Finkelstein et al. 1997: 533",3,1151,1151 m E257 'Ai [reservoir] | 1151 m S1909 'Ai [reservoir] | 1914 m S2033 Kh. Kafr Nata [reservoir],to Stage 2
S1963,Kh. Ḥaiyan,175700,145800,True,True,True,True,"Hel,Rom",monastery;name:kh.,True,"Kallai 1972, Site 96; Feldstein et al. 1993, Site 218",3,1512,1512 m E257 'Ai [reservoir] | 1512 m S1909 'Ai [reservoir] | 1595 m S2033 Kh. Kafr Nata [reservoir],to Stage 2
S1969,-,181950,145700,True,True,True,True,"Hel,Rom",buildings,False,"Goldfus and Golani 1993, Site 340",6,1279,1279 m S2021 Two Water Cisterns II/13 [tank] | 1601 m E280 Khallat ed-Dinnabiya [reservoir] | 1601 m S2045 Khallat ed-Dinnabiya [reservoir] | 1695 m E295 The Spring Cave [reservoir] | 1695 m S2079 The Spring Cave [reservoir] | 1970 m S1889 Rujm er-Refeif [pool],to Stage 2
S2041,-,177350,144800,True,True,True,True,Hel,buildings;ruin,False,"Feldstein et al. 1993, Site 241",1,335,335 m S2033 Kh. Kafr Nata [reservoir],to Stage 2
S2045,Khallat ed-Dinnabiya,180700,144700,True,True,True,True,Rom,buildings,True,"Goldfus and Golani 1993, Site 327",5,0,0 m E280 Khallat ed-Dinnabiya [reservoir] | 0 m S2045 Khallat ed-Dinnabiya [reservoir] | 350 m S2021 Two Water Cisterns II/13 [tank] | 721 m E295 The Spring Cave [reservoir] | 721 m S2079 The Spring Cave [reservoir],to Stage 2
S2093,-,178800,144150,True,True,True,True,Rom,buildings;ruin,False,"Feldstein et al. 1993, Site 251",3,1924,1924 m S2033 Kh. Kafr Nata [reservoir] | 1978 m E280 Khallat ed-Dinnabiya [reservoir] | 1978 m S2045 Khallat ed-Dinnabiya [reservoir],to Stage 2
S2228,Ṣuwwanet eth-Thaniya,193300,143250,True,True,True,True,"Hel,Rom",tell,True,"Bar-Adon 1972, Site 57; Hirschfeld 1983, Site 1",0,,,pending SWP screen
S2253,Kh. Tell el-'Askar,176700,143050,True,True,True,True,Rom,ruin;tell;name:kh.,False,"Kallai 1972, Site 105; Feldstein et al. 1993, Site 227",1,1932,1932 m S2033 Kh. Kafr Nata [reservoir],to Stage 2
S2275,Tell Deir Ghannam,193300,142700,True,True,True,True,Rom,tell;name:tell,False,"Hirschfeld 1983, Site 2",0,,,pending SWP screen
S2298,Tell el-Jurn,193600,142400,True,True,True,True,Rom,tell;name:tell,True,"Bar-Adon 1972, Site 58; Hirschfeld 1983, Site 3",0,,,pending SWP screen
S2300,Kh. el-Ḥara el-Fauqa,176300,142400,True,True,True,True,Hel,name:kh.,True,"Kallai 1972, Site 108; Feldstein et al. 1993, Site 223",0,,,pending SWP screen
S2304,Mukhmas,176400,142300,True,True,True,True,Rom,fort;tell;village,False,"Kallai 1972, Site 109; Feldstein et al. 1993, Site 223",0,,,pending SWP screen
S2376,Tell Maryam,175550,141850,True,True,True,True,"Hel,Rom",tell;name:tell,False,"Kallai 1972, Site 115; Feldstein et al. 1993, Site 210",1,1477,1477 m S2483 Jaba' [reservoir],to Stage 2
S2379,Tell el-Maṭlab,193900,141800,True,True,True,True,"Hel,Rom",tell;name:tell,False,"Bar-Adon 1972, Site 64; Hirschfeld 1983, Site 10",0,,,pending SWP screen
S2411,Kh. ed-Dawwara,177800,141500,True,True,True,True,Rom,fortification;ruin;structural remains;village;name:kh.,True,"Kallai 1972, Site 117; Feldstein et al. 1993, Site 237",1,1204,1204 m S2490 el-'Aleiliyat [reservoir],to Stage 2
S2430,Tell es-Samrat,191700,141300,True,True,True,True,Rom,tell;name:tell,True,"Bar-Adon 1972, Site 61",7,965,965 m S2479 Tell el-Qasab [reservoir] | 1579 m E363 Tulul Abu el-'Alaiq [pool] | 1579 m S2539 Tulul Abu el-'Alaiq [pool] | 1720 m S2522 Andrea Church [reservoir] | 1722 m S2551 Birkat Musa [birkat/pool] | 1769 m E360 Nusib 'Uweishira [pool] | 1769 m S2514 Nusib 'Uweishira [pool],to Stage 2
S2431,Kh. el-Qubba,177300,141300,True,True,True,True,Rom,ruin;name:kh.,False,"Kallai 1972, Site 118; Feldstein et al. 1993, Site 235",1,1077,1077 m S2490 el-'Aleiliyat [reservoir],to Stage 2
S2488,Kh. Marjama,177750,140350,True,True,True,True,Hel,buildings;ruin;name:kh.,False,"Feldstein et al. 1993, Site 231",2,71,71 m S2490 el-'Aleiliyat [reservoir] | 1423 m S2525 - [reservoir],to Stage 2
S2490,el-'Aleiliyat,177700,140300,True,True,True,True,Rom,buildings;monastery,False,"Feldstein et al. 1993, Site 232",2,0,0 m S2490 el-'Aleiliyat [reservoir] | 1456 m S2525 - [reservoir],to Stage 2
S2514,Nusib 'Uweishira,190500,140000,True,True,True,True,Hel,fortress;monastery;structural remains,True,"Hirschfeld 1983, Site 17",8,0,0 m E360 Nusib 'Uweishira [pool] | 0 m S2514 Nusib 'Uweishira [pool] | 934 m E363 Tulul Abu el-'Alaiq [pool] | 934 m S2539 Tulul Abu el-'Alaiq [pool] | 950 m E371 Kypros [basin] | 950 m S2589 Kypros [basin] | 1385 m S2551 Birkat Musa [birkat/pool] | 1912 m S2479 Tell el-Qasab [reservoir],to Stage 2
S2515,-,177150,140000,True,True,True,True,Hel,ruin,False,"Feldstein et al. 1993, Site 233",2,626,626 m S2490 el-'Aleiliyat [reservoir] | 1953 m S2525 - [reservoir],to Stage 2
S2525,-,179100,139900,True,True,True,True,Rom,buildings;monastic,False,"Dinur and Feig 1993, Site 543",2,0,0 m S2525 - [reservoir] | 1456 m S2490 el-'Aleiliyat [reservoir],to Stage 2
S2526,el-Hadaba,177050,139900,True,True,True,True,Rom,remains of buildings,False,"Dinur and Feig 1993, Site 16",1,763,763 m S2490 el-'Aleiliyat [reservoir],to Stage 2
S2530,-,198040,139800,True,True,True,True,Rom,fortress,False,"Bar-Adon 1972, Site 68c; Hirschfeld 1983, Site 29; Sion 1997a",2,172,172 m S2540 - [pool] | 1740 m S2531 Tell Jaljul [birkat/birket],to Stage 2
S2539,Tulul Abu el-'Alaiq,191400,139750,True,True,True,True,"Hel,Rom",farm;palace,True,"Hirschfeld 1983, Site 19; Sion 1997a",9,0,0 m E363 Tulul Abu el-'Alaiq [pool] | 0 m S2539 Tulul Abu el-'Alaiq [pool] | 452 m S2551 Birkat Musa [birkat/pool] | 934 m E360 Nusib 'Uweishira [pool] | 934 m S2514 Nusib 'Uweishira [pool] | 1140 m E371 Kypros [basin] | 1140 m S2589 Kypros [basin] | 1234 m S2479 Tell el-Qasab [reservoir] | 1309 m S2522 Andrea Church [reservoir],to Stage 2
S2562,Megharat el-Jai,179050,139450,True,True,True,True,Rom,buildings;monastic,True,"Dinur and Feig 1993, Site 544",3,453,453 m S2525 - [reservoir] | 1595 m S2490 el-'Aleiliyat [reservoir] | 1700 m S2689 Jurat Musa [reservoir],to Stage 2
S2565,Kh. et-Tinat,177900,139400,True,True,True,True,Rom,farmstead;name:kh.,True,"Kallai 1972, Site 130; Dinur and Feig 1993, Site 513",2,922,922 m S2490 el-'Aleiliyat [reservoir] | 1300 m S2525 - [reservoir],to Stage 2
S2589,Kypros,190500,139050,True,True,True,True,"Hel,Rom",fortress;monastery;palace,True,"Hirschfeld 1983, Site 18; Sion 1997a",7,0,0 m E371 Kypros [basin] | 0 m S2589 Kypros [basin] | 950 m E360 Nusib 'Uweishira [pool] | 950 m S2514 Nusib 'Uweishira [pool] | 1140 m E363 Tulul Abu el-'Alaiq [pool] | 1140 m S2539 Tulul Abu el-'Alaiq [pool] | 1423 m S2551 Birkat Musa [birkat/pool],to Stage 2
S2605,Kh. Mugheifir,195100,138800,True,True,True,True,Rom,monastic;name:kh.,False,"Bar-Adon 1972, Site 69; Hirschfeld 1983, Site 33; Sion 1997a",4,200,200 m E376 Tell Mugheifir [pool] | 200 m S2629 Tell Mugheifir [pool] | 893 m S2601 - [reservoir] | 1562 m S2531 Tell Jaljul [birkat/birket],to Stage 2
S2629,Tell Mugheifir,195100,138600,True,True,True,True,Rom,fortress;monastery;palace;tell;name:tell,True,"Bar-Adon 1972, Site 70; Hirschfeld 1983, Site 33; Sion 1997a",4,0,0 m E376 Tell Mugheifir [pool] | 0 m S2629 Tell Mugheifir [pool] | 936 m S2601 - [reservoir] | 1697 m S2531 Tell Jaljul [birkat/birket],to Stage 2
S2631,Kh. el-Kharaba,176900,138600,True,True,True,True,"Hel,Rom",buildings;ruin;name:kh.,False,"Dinur and Feig 1993, Site 497",3,1360,1360 m S2759 Kh. Abu Musarraḥ [reservoir] | 1380 m E398 Kh. Abu Musarraḥ [reservoir] | 1879 m S2490 el-'Aleiliyat [reservoir],to Stage 2
S2672,Ḥizma,175400,138200,True,True,True,True,"Hel,Rom",village,True,"Kallai 1972, Site 135; Dinur and Feig 1993, Site 480",0,,,pending SWP screen
S2686,Kh. 'Ein Fara,179500,138000,True,True,True,True,Rom,buildings;ruin;name:kh.,False,"Kallai 1972, Site 137; Dinur and Feig 1993, Site 541",4,354,354 m S2689 Jurat Musa [reservoir] | 673 m E393 Qal'at Musa [pool] | 673 m S2734 Qal'at Musa [pool] | 1942 m S2525 - [reservoir],to Stage 2
S2689,Jurat Musa,179850,137950,True,True,True,True,"Hel,Rom",buildings;monastery,False,"Dinur and Feig 1993, Site 539",3,0,0 m S2689 Jurat Musa [reservoir] | 427 m E393 Qal'at Musa [pool] | 427 m S2734 Qal'at Musa [pool],to Stage 2
S2698,Kh. Abu 'Aum,179300,137850,True,True,True,True,Rom,name:kh.,False,"Kallai 1972, Site 149; Dinur and Feig 1993, Site 538",4,559,559 m S2689 Jurat Musa [reservoir] | 762 m E393 Qal'at Musa [pool] | 762 m S2734 Qal'at Musa [pool] | 1931 m E398 Kh. Abu Musarraḥ [reservoir],to Stage 2
S2699,Wadi Fara,177600,137850,True,True,True,True,Rom,monastery,False,"Dinur and Feig 1993, Site 511",2,544,544 m E398 Kh. Abu Musarraḥ [reservoir] | 626 m S2759 Kh. Abu Musarraḥ [reservoir],to Stage 2
S2709,'Ein Fara,178800,137800,True,True,True,True,Rom,monastery,False,"Dinur and Feig 1993, Site 527",5,1061,1061 m S2689 Jurat Musa [reservoir] | 1226 m E393 Qal'at Musa [pool] | 1226 m S2734 Qal'at Musa [pool] | 1439 m E398 Kh. Abu Musarraḥ [reservoir] | 1581 m S2759 Kh. Abu Musarraḥ [reservoir],to Stage 2
S2759,Kh. Abu Musarraḥ,177300,137300,True,True,True,True,"Hel,Rom",name:kh.,True,"Kallai 1972, Site 147; Dinur and Feig 1993, Site 510",2,0,0 m S2759 Kh. Abu Musarraḥ [reservoir] | 143 m E398 Kh. Abu Musarraḥ [reservoir],to Stage 2
S2806,Kh. 'Almit,176000,136900,True,True,True,True,"Hel,Rom",buildings;name:kh.,True,"Kallai 1972, Site 152; Dinur and Feig 1993, Site 496",2,1360,1360 m S2759 Kh. Abu Musarraḥ [reservoir] | 1503 m E398 Kh. Abu Musarraḥ [reservoir],to Stage 2
S2849,-,175900,136500,True,True,True,True,Rom,buildings,False,"Dinur and Feig 1993, Site 475",2,1612,1612 m S2759 Kh. Abu Musarraḥ [reservoir] | 1749 m E398 Kh. Abu Musarraḥ [reservoir],to Stage 2
S2936,"The Good Samaritan, Fortress",184300,136000,True,True,True,True,Rom,fortress,True,Sion 1994,0,,,pending SWP screen
S2990,Qaṣr er-Rawabi,177600,135450,True,True,True,True,Rom,monastery,False,"Kallai 1972, Site 157; Dinur and Feig 1993, Site 507; Sion 1994: 228",4,552,552 m E471 Qaṣr 'Ali [reservoir] | 552 m S3049 Qaṣr 'Ali [reservoir] | 1874 m S2759 Kh. Abu Musarraḥ [reservoir] | 1887 m E398 Kh. Abu Musarraḥ [reservoir],to Stage 2
S3001,Kh. Deir es-Sidd,176200,135350,True,True,True,True,"Hel,Rom",buildings;name:kh.,True,"Dinur and Feig 1993, Site 493",2,1518,1518 m E471 Qaṣr 'Ali [reservoir] | 1518 m S3049 Qaṣr 'Ali [reservoir],to Stage 2
S3036,Kh. esh-Sheikh 'Antar,176250,135000,True,True,True,True,Rom,buildings;ruin;name:kh.,False,"Dinur and Feig 1993, Site 495",2,1404,1404 m E471 Qaṣr 'Ali [reservoir] | 1404 m S3049 Qaṣr 'Ali [reservoir],to Stage 2
S3049,Qaṣr 'Ali,177650,134900,True,True,True,True,Rom,buildings,True,"Dinur and Feig 1993, Site 505",2,0,0 m E471 Qaṣr 'Ali [reservoir] | 0 m S3049 Qaṣr 'Ali [reservoir],to Stage 2
S3137,el-Muntar,177050,134300,True,True,True,True,Rom,buildings,False,"Dinur and Feig 1993, Site 506",2,849,849 m E471 Qaṣr 'Ali [reservoir] | 849 m S3049 Qaṣr 'Ali [reservoir],to Stage 2
S3170,Zanaba,176400,133800,True,True,True,True,Rom,remains of buildings;ruin,False,"Dinur and Feig 1993, Site 490",2,1665,1665 m E471 Qaṣr 'Ali [reservoir] | 1665 m S3049 Qaṣr 'Ali [reservoir],to Stage 2
S3173,-,175600,133750,True,True,True,True,Rom,buildings;ruin,False,"Dinur and Feig 1993, Site 467",0,,,pending SWP screen
S3241,Dhahr Shumeis,178550,133000,True,True,True,True,Rom,buildings,False,"Dinur and Feig 1993, Site 523",0,,,pending SWP screen
S3243,ez-Zu'aiyim,175450,132950,True,True,True,True,"Hel,Rom",village,False,"Dinur and Feig 1993, Site 462",2,1499,1499 m S3357 Wadi Nazil [pool] | 1557 m S3358 - [pool],to Stage 2
S3321,Mashru' el-'Eizariya,176200,132200,True,True,True,True,Rom,buildings,False,"Dinur and Feig 1993, Site 488",2,1845,1845 m S3357 Wadi Nazil [pool] | 1924 m S3358 - [pool],to Stage 2
S3419,Ras el-'Eizariya,176200,131300,True,True,True,True,"Hel,Rom",buildings,True,"Dinur and Feig 1993, Site 487",2,1916,1916 m S3357 Wadi Nazil [pool] | 1992 m S3358 - [pool],to Stage 2
S3520,-,175450,130600,True,True,True,True,Rom,ruin,False,"Dinur and Feig 1993, Site 455",2,1684,1684 m S3357 Wadi Nazil [pool] | 1736 m S3358 - [pool],to Stage 2
S3551,Kh. Abu Sa'ad,176400,130500,True,True,True,True,Rom,buildings;ruin;name:kh.,False,"Dinur and Feig 1993, Site 486",0,,,pending SWP screen
S3563,Kh. Abu Ṣuwwana,178550,130400,True,True,True,True,Rom,village;name:kh.,True,"Dinur and Feig 1993, Site 517",0,,,pending SWP screen
S3609,Abu Dis,175250,130000,True,True,True,True,Rom,buildings;village,False,"Dinur and Feig 1993, Site 457",1,1850,1850 m S3606 Naḥal Qidron [reservoir],to Stage 2
S3875,Kh. Abu Ṭabaq,188480,127700,True,True,True,True,Rom,name:kh.,False,"Bar-Adon 1972, Site 92b; Patrich 1994a, Site 34 ",1,76,76 m S3881 Kh. Abu Ṭabaq [reservoir],to Stage 2
S3881,Kh. Abu Ṭabaq,188550,127670,True,True,True,True,"Hel,Rom",fortress;name:kh.,False,"Bar-Adon 1972, Site 92a; Patrich 1994a, Site 35 ",1,0,0 m S3881 Kh. Abu Ṭabaq [reservoir],to Stage 2
E754,Kh. Qumran,193650,127650,True,True,True,True,"Hel,Rom",name:kh.,True,nan,1,0,0 m E754 Kh. Qumran [pool],to Stage 2
S3896,Kh. Abu Ṭabaq,188900,127500,True,True,True,True,Rom,name:kh.,False,"Bar-Adon 1972, Site 92d; Patrich 1994a, Site 38 ",1,389,389 m S3881 Kh. Abu Ṭabaq [reservoir],to Stage 2
S3897,Kh. Abu Ṭabaq,188700,127500,True,True,True,True,Hel,name:kh.,False,"Bar-Adon 1972, Site 92e; Patrich 1994a, Site 36 ",1,227,227 m S3881 Kh. Abu Ṭabaq [reservoir],to Stage 2
S3961,-,193300,126800,True,True,True,True,Rom,fortress,False,"Bar-Adon 1972, Site 98c",1,919,919 m E754 Kh. Qumran [pool],to Stage 2
S4109,Hyrcania,184700,125140,True,True,True,True,"Hel,Rom",fortress;monastery;ruin,True,"Patrich 1994a, Site 70",8,0,0 m E798 Hyrcania [reservoir] | 0 m S4109 Hyrcania [reservoir] | 106 m S4105 Naḥal Sekhakha [pool] | 617 m S4078 Bir Abu Shu'la [pool/reservoir] | 680 m S4067 Naḥal Sekhakha [reservoir] | 828 m E787 Monastery of the Cave [reservoir] | 828 m S4069 Bir el Qaṭṭar [reservoir] | 1137 m S4126 Wadi el 'Eidharawi [pool/reservoir],to Stage 2
S4115,Kurm El 'Ajaz,187200,124930,True,True,True,True,"Hel,Rom",fortress,False,"Bar-Adon 1972, Site 102; Patrich 1994a, Site 91",3,0,0 m S4115 Kurm El 'Ajaz [reservoir] | 724 m S4082 Naḥal Sekhakha [pool] | 1102 m S4050 Naḥal Sekhakha [pool],to Stage 2
S4167,Kh. el Makari,186240,123000,True,True,True,True,"Hel,Rom",fortress;name:kh.,False,"Bar-Adon 1972, Site 104; Patrich 1994a, Site 101",1,0,0 m S4167 Kh. el Makari [pool/reservoir],to Stage 2
S4183,Naḥal Qidron,188710,122060,True,True,True,True,Rom,fort,False,"Bar-Adon 1972, Site 107; Patrich 1994a, Site 117",1,428,428 m S4176 Wadi 'Amriya [pool/reservoir],to Stage 2
S4213,Qaṣr el-Yahud,191900,121100,True,True,True,True,"Hel,Rom",fortress,True,"Bar-Adon 1972, Site 110",0,,,pending SWP screen
E829,El-Ma'aṣia: West Fort,175700,120200,True,True,True,True,Rom,fort,True,nan,0,,,pending SWP screen
E830,El-Ma'aṣia: East Fort,175900,120000,True,True,True,True,Rom,fort,True,nan,0,,,pending SWP screen
S4393,Rujm esh-Shajra,190200,117200,True,True,True,True,Rom,fort,True,"Bar-Adon 1972, Site 130",0,,,pending SWP screen
S4546,Ein el-Ghuweir - Wall,188850,114200,True,True,True,True,Rom,fortification,True,"Bar-Adon 1972, Site 141b",0,,,pending SWP screen
S4617,'Ein et-Turabe,188700,112900,True,True,True,True,"Hel,Rom",fortress,True,"Bar-Adon 1972, Site 145",0,,,pending SWP screen
S5767,Kh. Samra,184200,97000,True,False,True,True,Rom,settlement;name:kh.,True,"Bar-Adon 1972, Site 208",0,,,pending SWP screen
S56,Beit Qad,183700,208300,True,False,False,True,,village,False,"Gophna and Porat 1972, Site 8",0,,,pending SWP screen
S57,El-Maḥluf,175300,208300,True,False,False,True,,fortified,False,"Zertal and Mirkam 2000, Site 74",0,,,pending SWP screen
S75,Jalbun,189300,207300,True,False,False,True,,village,False,"Gophna and Porat 1972, Site 10",0,,,pending SWP screen
S91,Jebel 'Ashur,175600,206400,True,False,False,True,,ruin,False,"Zertal 1992, Site 14",0,,,pending SWP screen
S112,Kh. en-Najjar,178200,205600,True,False,False,True,,fortification;tell;name:kh.,False,"Gophna and Porat 1972, Site 19; Zertal 1992, Site 50",1,539,539 m S103 Kh. Bal'ame [reservoir],to Stage 2
S137,Kh. Sab'ein,181200,204600,True,False,False,True,,ruin;name:kh.,False,"Gophna and Porat 1972, Site 24; Zertal 1992, Site 53; Sion 2001, Site 52",1,1903,1903 m S169 Wadi Ḥusein [pool],to Stage 2
S144,Khallet et-Ṭabaiheh,176900,204100,True,False,False,True,,structural remains,False,"Zertal 1992, Site 52",2,1709,1709 m S153 Kh. Umm el-Buṭm [pool] | 1879 m S103 Kh. Bal'ame [reservoir],to Stage 2
S145,El-Qiṭneh,176300,204100,True,False,False,True,,fortification;ruin,False,"Zertal 1992, Site 34",0,,,pending SWP screen
S146,Esh-Shuhada,175800,204100,True,False,False,True,,village,False,"Zertal 1992, Site 33",0,,,pending SWP screen
S152,Kh. Za'tara,179600,203600,True,False,False,True,,fortress;ruin;name:kh.,False,"Gophna and Porat 1972, Site 29; Zertal 1992, Site 56",2,1105,1105 m S153 Kh. Umm el-Buṭm [pool] | 1924 m S169 Wadi Ḥusein [pool],to Stage 2
S157,El-Muraba'ah,177200,203300,True,False,False,True,,fortified;ruin;structural remains,False,"Zertal 1992, Site 54; Sion 2001, Site 42",1,1315,1315 m S153 Kh. Umm el-Buṭm [pool],to Stage 2
S197,Kh. Qa'un 1,194100,201600,True,False,False,True,,tell;name:kh.,False,"Zertal 2005, Site 2; Bar 2008, Site 1",3,0,0 m S197 Kh. Qa'un 1 [basin] | 224 m S204 Kh. Qa'un 2 [basin] | 316 m S206 Tell Qa'un [basin],to Stage 2
S201,el-Beyaẓ A,190200,201500,True,False,False,True,,structural remains,False,"Zertal 1996, Site 25",0,,,pending SWP screen
S203,Er-Randeh,182100,201500,True,False,False,True,,structural remains,False,"Zertal 1992, Site 62",2,806,806 m S178 Kh. Tannin [pool] | 1442 m S169 Wadi Ḥusein [pool],to Stage 2
S204,Kh. Qa'un 2,194200,201400,True,False,False,True,,name:kh.,False,"Zertal 2005, Site 5; Bar 2008, Site 2",3,0,0 m S204 Kh. Qa'un 2 [basin] | 224 m S197 Kh. Qa'un 1 [basin] | 224 m S206 Tell Qa'un [basin],to Stage 2
S210,Wadi Qa'un 1,193100,201100,True,False,False,True,,structural remains,False,"Zertal 2005, Site 1",3,922,922 m S206 Tell Qa'un [basin] | 1118 m S197 Kh. Qa'un 1 [basin] | 1140 m S204 Kh. Qa'un 2 [basin],to Stage 2
S231,Wadi el-Balad,185800,200400,True,False,False,True,,farmstead;village,False,"Zertal 1996, Site 30",0,,,pending SWP screen
S235,el-Ḥabayel B,183500,200200,True,False,False,True,,structural remains,False,"Zertal 1996, Site 5",0,,,pending SWP screen
S268,Tell ed-Deir 2,199800,199100,True,False,False,True,,tell;name:tell,False,"Zertal 2005, Site 27; Bar 2008, Site 12",0,,,pending SWP screen
S282,-,200000,198700,True,False,False,True,,ruin,False,"Gophna and Porat 1972, Site 50",0,,,pending SWP screen
S302,El-Mudawarra,176100,198200,True,False,False,True,,structural remains,False,"Zertal 1992, Site 90",0,,,pending SWP screen
S308,El-Khirbeh,176800,198000,True,False,False,True,,fortification,False,"Zertal 1992, Site 92",0,,,pending SWP screen
S314,Kh. Mgharet el-Kih,178200,197800,True,False,False,True,,fortification;name:kh.,False,"Zertal 1996, Site 12",0,,,pending SWP screen
S323,Kh. Ḥamdun,184900,197500,True,False,False,True,,name:kh.,False,"Zertal 1996, Site 17",0,,,pending SWP screen
S342,El-Kebarrah,179300,196700,True,False,False,True,,fortification;tell,False,"Zertal 1992, Site 95",0,,,pending SWP screen
S348,Wadi Malih,200200,196300,True,False,False,True,,fortress,False,"Zertal 2005, Site 35; Ben-Yosef 2007 13",0,,,pending SWP screen
S381,Kh. Mhallal,193900,194800,True,False,False,True,,name:kh.,False,"Zertal 1996, Site 78; Bar 2008, Site 123",0,,,pending SWP screen
S386,Iraq el-Mardom,193900,194600,True,False,False,True,,farmstead,False,"Zertal 1996, Site 77",1,1970,1970 m S441 Burj el-Maliḥ [pool],to Stage 2
S389,Kh. Umm Ghazal,197500,194500,True,False,False,True,,fortress;name:kh.,False,"Gophna and Porat 1972, Site 71; Zertal 1996, Site 82",0,,,pending SWP screen
S390,Kh. el-M'allaqe,196300,194500,True,False,False,True,,farmstead;fortified;name:kh.,False,"Zertal 1996, Site 79",0,,,pending SWP screen
S393,Munṭar esh-Shaqq,197800,194400,True,False,False,True,,fortress,True,"Zertal 1996, Site 83; Ben-Yosef 2007, Site 14",0,,,pending SWP screen
S408,Qasr Khallet en-Nimr,182100,193800,True,False,False,True,,name:qasr,False,"Zertal 1992, Site 149",0,,,pending SWP screen
S413,Kh. el-'Aqabe,189600,193500,True,False,False,True,,fortification;name:kh.,False,"Zertal 1996, Site 84",0,,,pending SWP screen
S418,Tell ed-Diblaqa,197000,193400,True,False,False,True,,tell;name:tell,False,"Zertal 1996, Site 87",1,1992,1992 m S440 Kh. el-Maliḥ A [pool],to Stage 2
S420,Kh. el-Ḥajj Ḥamdan,179700,193400,True,False,False,True,,ruin;name:kh.,False,"Gophna and Porat 1972, Site 76; Zertal 1992, Site 100; Sion 2001, Site 139",0,,,pending SWP screen
S424,Kh. el-Khreibat B,189900,193300,True,False,False,True,,name:kh.,False,"Zertal 1996, Site 85",0,,,pending SWP screen
S432,Kh. el-Maliḥ C,195700,193000,True,False,False,True,,name:kh.,False,"Zertal 1996, Site 94",1,632,632 m S440 Kh. el-Maliḥ A [pool],to Stage 2
S451,ej-Jelame,185500,192600,True,False,False,True,,tell,False,"Zertal 1996, Site 50",0,,,pending SWP screen
S452,Kh. el-Mite,194200,192500,True,False,False,True,,fortification;fortified;name:kh.,False,"Zertal 1996, Site 90",2,949,949 m S440 Kh. el-Maliḥ A [pool] | 1140 m S441 Burj el-Maliḥ [pool],to Stage 2
S455,Jellamet Wusṭa,182400,192400,True,False,False,True,,fortified,False,"Zertal 1992, Site 152",0,,,pending SWP screen
S457,'En el-Hilu A,198000,192300,True,False,False,True,,fortress,True,"Zertal 1996, Site 229",0,,,pending SWP screen
S458,el-Bird,194300,192300,True,False,False,True,,fortified;fortress;ruin,False,"Zertal 1996, Site 91",2,943,943 m S440 Kh. el-Maliḥ A [pool] | 1300 m S441 Burj el-Maliḥ [pool],to Stage 2
S461,'En el-Hilu B,198100,192200,True,False,False,True,,settlement,True,"Zertal 1996, Site 230; Bar 2008, Site 19",0,,,pending SWP screen
S463,Kom 'Aly Ṣebaḥ,182800,192200,True,False,False,True,,structural remains,False,"Zertal 1992, Site 153",0,,,pending SWP screen
S466,eṭ-Ṭughra,187300,192100,True,False,False,True,,fortification,False,"Zertal 1996, Site 98",0,,,pending SWP screen
S485,Tabqet el-Ḥilwe,197500,191500,True,False,False,True,,settlement,False,"Zertal 1996, Site 232",0,,,pending SWP screen
S486,El-Ḥoṭha,180900,191500,True,False,False,True,,fortified;fortress,False,"Zertal 1992, Site 156",0,,,pending SWP screen
S531,Khallet en-Nakhle,189900,190100,True,False,False,True,,structural remains,False,"Zertal 1996, Site 109",0,,,pending SWP screen
S545,Kh. 'Einun,187500,189800,True,False,False,True,,fortification;ruin;tell;name:kh.,False,"Gophna and Porat 1972, Site 107; Zertal 1996, Site 58",0,,,pending SWP screen
S554,Kh. Ḥamamat,196200,189500,True,False,False,True,,fortification;name:kh.,False,"Zertal 1996, Site 115; Bar 2008, Site 21",0,,,pending SWP screen
S564,Kh. el-Khreibat,184900,189100,True,False,False,True,,name:kh.,False,"Zertal 1996, Site 60",0,,,pending SWP screen
S587,Khallet Abu-Toq,184300,188400,True,False,False,True,,structural remains;village,False,"Zertal 1996, Site 61",0,,,pending SWP screen
S598,Abu Loz,184100,188100,True,False,False,True,,structural remains,False,"Zertal 1996, Site 145",0,,,pending SWP screen
S599,Tel el-Far'a N,182100,188100,True,False,False,True,,fortification;fortified;settlement;tel;tell;town;name:tel,False,"Zertal 1996, Site 151",0,,,pending SWP screen
S605,Kh. Yusef,194800,187900,True,False,False,True,,settlement;name:kh.,False,"Zertal 1996, Site 117; Ben-Yosef 2007, Site 17; Bar 2008, Site 22",0,,,pending SWP screen
S618,el-'Ajjam,181300,187500,True,False,False,True,,fortification,False,"Zertal 1996, Site 146",0,,,pending SWP screen
S628,Bir ej-Jwar,188800,187000,True,False,False,True,,fortification,False,"Zertal 1996, Site 125",0,,,pending SWP screen
S632,Kh. Msheibik,193500,186900,True,False,False,True,,farmstead;name:kh.,False,"Zertal 1996, Site 127",0,,,pending SWP screen
S642,Kh. esh-Sheikh Smeiṭ B,183300,186700,True,False,False,True,,fortification;name:kh.,False,"Zertal 1996, Site 155",0,,,pending SWP screen
S643,Kh. 'Aṭhfur,181900,186700,True,False,False,True,,fortress;name:kh.,False,"Zertal 1992, Site 269",0,,,pending SWP screen
S650,Kh. el-Minuniyye,179300,186500,True,False,False,True,,ruin;name:kh.,False,"Gophna and Porat 1972, Site 128; Zertal 1992, Site 267; Sion 2001, Site 186",0,,,pending SWP screen
S651,Wadi Seiyad,175300,186500,True,False,False,True,,farmstead,False,"Zertal 1992, Site 241",0,,,pending SWP screen
S658,Abu Firan,199500,186200,True,False,False,True,,farmstead,False,"Zertal 1996, Site 243",0,,,pending SWP screen
S664,Kh. Mayyase,179800,186000,True,False,False,True,,fortification;ruin;name:kh.,False,"Gophna and Porat 1972, Site 129; Zertal 1992, Site 268",0,,,pending SWP screen
S695,el-Khelayel,189300,184900,True,False,False,True,,structural remains,False,"Zertal 1996, Site 148; Bar 2008, Site 24",1,0,0 m S695 el-Khelayel [basin],to Stage 2
S716,Kh. eṣ-Ṣufeira,193300,184300,True,False,False,True,,name:kh.,False,"Gophna and Porat 1972, Site 143; Zertal 1996, Site 132",0,,,pending SWP screen
S724,Kh. Umm el-Qaṭan,194700,184100,True,False,False,True,,fortified;name:kh.,False,"Gophna and Porat 1972, Site 144; Zertal 1996, Site 133",0,,,pending SWP screen
S731,Kh. Wadi Sadd el-Balqawi,203000,184000,True,False,False,True,,name:kh.,False,"Zertal 2005, Site 41",0,,,pending SWP screen
S732,el-'Unuq,185200,184000,True,False,False,True,,fortification,False,"Zertal 1996, Site 160",0,,,pending SWP screen
S742,Kh. Muqeisime,192800,183700,True,False,False,True,,fort;ruin;village;name:kh.,True,"Gophna and Porat 1972, Site 149; Zertal 1996, Site 140",0,,,pending SWP screen
S6025,Kh. el-'Aqrabaniya,186200,183200,True,False,False,True,,name:kh.,True,"Bar 2008, Site 29",0,,,pending SWP screen
S761,Kh. 'En Farr,185500,182900,True,False,False,True,,name:kh.,False,"Zertal 1996, Site 169; Bar 2008, Site 30",0,,,pending SWP screen
S770,Kh. Beit-Hasan,188300,182600,True,False,False,True,,village;name:kh.,False,"Zertal 1996, Site 173; Bar 2008, Site 31",1,1921,1921 m S803 Jelamet el-Aḥmar A [basin],to Stage 2
S780,Kh. el-Kuz B,178200,182200,True,False,False,True,,fortification;name:kh.,False,"Zertal 1992, Site 277",1,1838,1838 m S825 'Askar [pool],to Stage 2
S781,Kh. Mraṣṣaṣ,187300,182100,True,False,False,True,,name:kh.,False,"Zertal 1996, Site 172; bar 2008, Site 33",0,,,pending SWP screen
S795,Khallet Musa,194500,181500,True,False,False,True,,farmstead,False,"Gophna and Porat 1972, Site 163; Zertal 1996, Site 205",0,,,pending SWP screen
S798,el-Qul'ah,176300,181500,True,False,False,True,,fortified;fortress,False,"Kallai 1972, Site 9; Zertal 1992, Site 280",1,1562,1562 m S825 'Askar [pool],to Stage 2
S813,Mughur 'Id,186100,181000,True,False,False,True,,fortification,False,"Zertal 1996, Site 182; Bar 2008, Site 41",0,,,pending SWP screen
S816,Kh. Wadi el-Gharur B,201800,180900,True,False,False,True,,name:kh.,False,"Zertal 1996, Site 257",0,,,pending SWP screen
S818,Kh. 'En Dabbur,187500,180900,True,False,False,True,,name:kh.,False,"Zertal 1996, Site 184",0,,,pending SWP screen
S827,Deir el-Ḥaṭab,180400,180400,True,False,False,True,,village;name:deir,True,"Kallai 1972, Site 13; Sion 2001, Site 289",2,1209,1209 m S842 Kh. esh-Sheikh Nasrallah [pool] | 1345 m S839 Salim (Shechem) [pool],to Stage 2
S829,er-Rjjum,191500,180200,True,False,False,True,,city;fortified,False,"Zertal 1996, Site 187; Bar 2008, Site 43",1,1838,1838 m S848 Kh. Maraḥ el-'Inab [pool],to Stage 2
S831,Tel Za'anuni,186600,180200,True,False,False,True,,city;fortified;tel;tell;name:tel,False,"Zertal 1996, Site 183; Bar 2008, Site 42",0,,,pending SWP screen
S841,Tel Abu Rumh,192700,179400,True,False,False,True,,settlement;tel;name:tel,False,"Zertal 1996, Site 190",1,510,510 m S848 Kh. Maraḥ el-'Inab [pool],to Stage 2
S843,Kh. edh-Dhra',201800,179300,True,False,False,True,,name:kh.,True,"Zertal 2005, Site 42; Bar 2008, Site 45",1,1237,1237 m S864 Huzuq Musa [basin],to Stage 2
S859,Kh. Ibn Naṣir,179200,178350,True,False,False,True,,fortress;structural remains;name:kh.,False,"Kallai 1972, Site 17; Finkelstein et al. 1997: 719-720",0,,,pending SWP screen
S860,Kh. Umm Dhabe,196800,178300,True,False,False,True,,name:kh.,False,"Zertal 1996, Site 212",0,,,pending SWP screen
S866,Kh. el-Mutaqallabat,194800,178100,True,False,False,True,,name:kh.,False,"Zertal 1996, Site 210",0,,,pending SWP screen
S877,Kh. Umm Ḥajar B,196900,177800,True,False,False,True,,name:kh.,False,"Zertal 1996, Site 214",0,,,pending SWP screen
S883,Kh. ej-Jofe,195200,177600,True,False,False,True,,name:kh.,False,"Zertal 1996, Site 213",0,,,pending SWP screen
S6026,Kh. Wadi ej-Jofe,193400,176700,True,False,False,True,,ruin;name:kh.,False,"Bar 2008, Site 48",0,,,pending SWP screen
S908,Kh. Ras el-Kharube,196600,176600,True,False,False,True,,name:kh.,False,"Zertal 1996, Site 221",0,,,pending SWP screen
S935,Bab ed-Dayyq,193600,175900,True,False,False,True,,settlement;tell,False,"Zertal 1996, Site 197; Bar 2008, Site 49",0,,,pending SWP screen
S944,el-'Alam A,195100,175500,True,False,False,True,,farmstead,False,"Zertal 1996, Site 225; Bar 2008, Site 50",0,,,pending SWP screen
S948,Kh. Wadi Umm Watad 2,195400,175400,True,False,False,True,,name:kh.,False,"Zertal 2005, Site 76; Ben-Yosef 2007, Site 35",0,,,pending SWP screen
S954,Kh. Wadi Umm Watad 1,194900,175200,True,False,False,True,,fortification;name:kh.,False,"Zertal 2005, Site 75; Bar 2008, Site 51",0,,,pending SWP screen
S964,Shunat el-Masani',194700,174900,True,False,False,True,,village,False,"Gophna and Porat 1972, Site 182",0,,,pending SWP screen
S984,-,184750,174200,True,False,False,True,,building remains,False,Finkelstein et al. 1997: 831-832,0,,,pending SWP screen
S1002,Kh. Ghannam,183350,173850,True,False,False,True,,name:kh.,False,Finkelstein et al. 1997: 823-824,0,,,pending SWP screen
S1062,Beita el-Fauqa,177250,172250,True,False,False,True,,village,False,Finkelstein et al. 1997: 704,0,,,pending SWP screen
S1070,Tell el-Bedha 1,198200,172100,True,False,False,True,,tell;name:tell,False,"Zertal 2005, Site 71; Ben-Yosef 2007, Site 33",0,,,pending SWP screen
S1072,Fari'a el-Juftlik,197200,172000,True,False,False,True,,structural remains,False,"Bar-Adon 1972, Site 2; Zertal 2005, Site 79; Bar 2008, Site 62",1,1414,1414 m S1116 Tell eṣ-Ṣimadi [pool],to Stage 2
S1097,el-Makhruq 1,198400,171500,True,False,False,True,,structural remains,False,"Zertal 2005, Site 72; Ben-Yosef 2007, Site 34; Bar 2008, Site 63",0,,,pending SWP screen
S1112,Kh. el-Jarayish,185400,171050,True,False,False,True,,fortified;tell;name:kh.,False,"Finkelstein et al. 1997: 832-834; Bar 2008, Site 64",0,,,pending SWP screen
S1122,El-Makhruq,198400,170900,True,False,False,True,,city;fortification;fortified;fortress;tell,True,"Bar-Adon 1972, Site 4; Zertal 1996, Site 269; Zertal 2005, Site 73; Bar 2008, Site 118",0,,,pending SWP screen
S1125,Kh. er-Risa,184600,170850,True,False,False,True,,fort;name:kh.,False,Finkelstein et al. 1997: 826-827,0,,,pending SWP screen
S1132,Kh. Tartala,180000,170750,True,False,False,True,,fortification;ruin;name:kh.,False,"Finkelstein et al. 1997: 803; Sion 2001, Site 375",0,,,pending SWP screen
S1151,'Usarin,179450,170150,True,False,False,True,,village,False,Finkelstein et al. 1997: 713,0,,,pending SWP screen
S1155,el-Makhruq,198000,170000,True,False,False,True,,structural remains,False,"Gophna and Porat 1972, Site 191",0,,,pending SWP screen
S1178,Eṣ-Ṣefah,180550,169250,True,False,False,True,,buildings;ruin,False,"Finkelstein et al. 1997: 762; Sion 2001, Site 381",0,,,pending SWP screen
S1199,-,187100,168800,True,False,False,True,,remains of buildings,False,Finkelstein et al. 1997: 802,1,1304,1304 m S1255 Kh. Tawil 2 [basin],to Stage 2
S1236,Kafr 'Atiya,181350,167950,True,False,False,True,,ruin;village;name:kafr,False,"Finkelstein et al. 1997: 766-767; Sion 2001, Site 393",0,,,pending SWP screen
S1240,Qabalan,177400,167900,True,False,False,True,,village,False,Finkelstein et al. 1997: 656-657,1,1433,1433 m S1209 Kh. Samara [pool],to Stage 2
S1255,Kh. Tawil 2,187200,167500,True,False,False,True,,name:kh.,False,"Zertal 2005, Site 160",1,0,0 m S1255 Kh. Tawil 2 [basin],to Stage 2
S1296,Kh. Tawil 3,187100,166900,True,False,False,True,,farmstead;name:kh.,False,"Zertal 2005, Site 161",1,608,608 m S1255 Kh. Tawil 2 [basin],to Stage 2
S1302,Mrah es-Sahleh,189200,166800,True,False,False,True,,farmstead,False,"Zertal 2005, Site 167",0,,,pending SWP screen
S1319,Masu'a 9,195900,166600,True,False,False,True,,settlement,False,"Zertal 2005, Site 96; Ben-Yosef 2007, Site 47; Bar 2008, Site 72",2,1082,1082 m S1346 Tell 'Abeid 2 [basin] | 1703 m S1381 Abu Nugeilat [pool],to Stage 2
S1347,Talfit,177600,166000,True,False,False,True,,village,False,"Finkelstein et al. 1997: 655; Sion 2001, Site 399",0,,,pending SWP screen
S1366,Kh. Nabbuh A,182550,165650,True,False,False,True,,name:kh.,False,"Finkelstein et al. 1997: 777; Sion 2001, Site 408",0,,,pending SWP screen
S1383,Kh. Bani Fadil,186000,165300,True,False,False,True,,name:kh.,False,Finkelstein et al. 1997: 798,0,,,pending SWP screen
S1464,Faṣa'el,191200,163100,True,False,False,True,,settlement,False,-,3,671,671 m E178 Tell esh-Sheikh Dhiab [pool] | 671 m S6040 Tell esh-Sheikh Dhiab [pool] | 825 m E181 Faṣa'el - Roman Camp [pool],to Stage 2
S1485,Yafit 5,193600,162600,True,False,False,True,,settlement,False,"Zertal 2005, Site 109; Ben-Yosef 2007, Site 56",1,707,707 m S1463 Yafit 4 [basin],to Stage 2
S1501,Kh. el-Muntar,185400,162350,True,False,False,True,,name:kh.,False,Finkelstein et al. 1997: 793-794,0,,,pending SWP screen
S1520,Kh. Abu el-'Uf,175300,161950,True,False,False,True,,buildings;ruin;name:kh.,False,Finkelstein et al. 1997: 634,0,,,pending SWP screen
S6035,Faṣa'el 4,190700,161800,True,False,False,True,,settlement;structural remains,False,"Bar 2008, Site 89",3,728,728 m E178 Tell esh-Sheikh Dhiab [pool] | 728 m S6040 Tell esh-Sheikh Dhiab [pool] | 860 m E181 Faṣa'el - Roman Camp [pool],to Stage 2
S1553,Kh. Ras ed-Deir,176150,160900,True,False,False,True,,monastery;name:kh.,False,Finkelstein et al. 1997: 640-641,0,,,pending SWP screen
S1566,Sinjil,175100,160100,True,False,False,True,,village,False,"Kallai 1972, Site 43; Finkelstein et al. 1997: 633",0,,,pending SWP screen
S1585,Kh. 'Ammuriyye,177450,159050,True,False,False,True,,monastery;structural remains;name:kh.,False,"Kallai 1972, Site 49; Finkelstein et al. 1997: 586-587",0,,,pending SWP screen
S1623,Kh. Abu Falaḥ,179000,157250,True,False,False,True,,village;name:kh.,False,"Kallai 1972, Site 55; Finkelstein et al. 1997: 593-594",1,0,0 m S1623 Kh. Abu Falaḥ [pool],to Stage 2
S1666,Water Line - 'Ein Samiya,182500,155000,True,True,False,True,,structural remains,True,Finkelstein et al. 1997: 745,1,985,985 m S1658 Kh. Marjame [pool],to Stage 2
S1712,-,180250,153150,True,True,False,True,,building remains,False,Finkelstein et al. 1997: 724,0,,,pending SWP screen
S1763,Kh. en-Najama,183150,151000,True,True,False,True,,buildings;name:kh.,False,Finkelstein et al. 1997: 748-749,0,,,pending SWP screen
S1765,Kh. el-'Awja et-Taḥta,194800,150800,True,True,False,True,,name:kh.,True,"Bar-Adon 1972, Site 27",1,1077,1077 m S1794 - [pool],to Stage 2
S1775,Kh. el-'Auja el-Fauqa,187920,150460,True,True,False,True,,name:kh.,False,Spanier 1995: 79,3,537,537 m E239 Aujeh Fortress [pool] | 537 m S6018 Aujeh Fortress [pool] | 750 m S6016 'Iraq el-Ghawarneh 2 [pool],to Stage 2
S1791,-,183000,150000,True,True,False,True,,building remains,False,Finkelstein et al. 1997: 747-748,2,1304,1304 m S1834 'Alali el-Benat [basin] | 1612 m S1838 - [reservoir],to Stage 2
S1841,-,180900,148500,True,True,False,True,,building remains,False,Finkelstein et al. 1997: 721,1,1031,1031 m S1889 Rujm er-Refeif [pool],to Stage 2
S2037,-,177900,144900,True,True,False,True,,buildings;ruin,False,"Feldstein et al. 1993, Site 242",1,851,851 m S2033 Kh. Kafr Nata [reservoir],to Stage 2
S2096,-,177200,144100,True,True,False,True,,buildings;ruin,False,"Feldstein et al. 1993, Site 240",1,863,863 m S2033 Kh. Kafr Nata [reservoir],to Stage 2
S2288,Spot Height -292,196800,142500,True,True,False,True,,monastery,False,"Bar-Adon 1972, Site 60b; Hirschfeld 1983, Site 7",0,,,pending SWP screen
E334,Tell es-Sultan,192150,142050,True,True,False,True,,fortification;tell;name:tell,True,nan,1,1494,1494 m S2479 Tell el-Qasab [reservoir],to Stage 2
S2362,Ard el-Mafjir,194000,142000,True,True,False,True,,fortification,False,"Bar-Adon 1972, Site 59a",0,,,pending SWP screen
S2363,-,178450,142000,True,True,False,True,,buildings,False,"Feldstein et al. 1993, Site 246",1,1858,1858 m S2490 el-'Aleiliyat [reservoir],to Stage 2
S2454,-,183550,140950,True,True,False,True,,buildings,False,"Goldfus and Golani 1993, Site 371",0,,,pending SWP screen
S2455,Ḥ. Shilha,181950,140900,True,True,False,True,,fortress,True,"Goldfus and Golani 1993, Site 335",0,,,pending SWP screen
E357,Naḥal Mikhmas,177100,140350,True,True,False,True,,settlement,True,nan,1,602,602 m S2490 el-'Aleiliyat [reservoir],to Stage 2
S2547,-,192200,139600,True,True,False,True,,fortress,True,Sion 1997a,9,380,380 m S2551 Birkat Musa [birkat/pool] | 583 m S2522 Andrea Church [reservoir] | 814 m E363 Tulul Abu el-'Alaiq [pool] | 814 m S2539 Tulul Abu el-'Alaiq [pool] | 974 m S2479 Tell el-Qasab [reservoir] | 1746 m E360 Nusib 'Uweishira [pool] | 1746 m S2514 Nusib 'Uweishira [pool] | 1787 m E371 Kypros [basin] | 1787 m S2589 Kypros [basin],to Stage 2
S2594,-,178100,138950,True,True,False,True,,buildings,False,"Dinur and Feig 1993, Site 532",4,1379,1379 m S2525 - [reservoir] | 1408 m S2490 el-'Aleiliyat [reservoir] | 1749 m E398 Kh. Abu Musarraḥ [reservoir] | 1834 m S2759 Kh. Abu Musarraḥ [reservoir],to Stage 2
S2626,Ras Shiḥ,177300,138650,True,True,False,True,,buildings,False,"Dinur and Feig 1993, Site 512",3,1327,1327 m E398 Kh. Abu Musarraḥ [reservoir] | 1350 m S2759 Kh. Abu Musarraḥ [reservoir] | 1698 m S2490 el-'Aleiliyat [reservoir],to Stage 2
S2653,Wadi Fara,178000,138400,True,True,False,True,,buildings,False,"Dinur and Feig 1993, Site 531",5,1208,1208 m E398 Kh. Abu Musarraḥ [reservoir] | 1304 m S2759 Kh. Abu Musarraḥ [reservoir] | 1860 m S2525 - [reservoir] | 1904 m S2689 Jurat Musa [reservoir] | 1924 m S2490 el-'Aleiliyat [reservoir],to Stage 2
S2811,'En Hogla,199100,136800,True,True,False,True,,building remains,True,Sion 1997a,1,824,824 m S2732 Monastery of Penthucla [reservoir],to Stage 2
S2917,Vered Jericho,191600,136200,True,True,False,True,,fort,True,Sion 1997a,0,,,pending SWP screen
S2944,-,178050,135950,True,True,False,True,,buildings;ruin,False,"Dinur and Feig 1993, Site 525",4,1124,1124 m E471 Qaṣr 'Ali [reservoir] | 1124 m S3049 Qaṣr 'Ali [reservoir] | 1509 m E398 Kh. Abu Musarraḥ [reservoir] | 1544 m S2759 Kh. Abu Musarraḥ [reservoir],to Stage 2
S3072,-,175850,134750,True,True,False,True,,buildings,False,"Dinur and Feig 1993, Site 469",2,1806,1806 m E471 Qaṣr 'Ali [reservoir] | 1806 m S3049 Qaṣr 'Ali [reservoir],to Stage 2
S3134,-,176550,134350,True,True,False,True,,ruin,False,"Dinur and Feig 1993, Site 491",2,1230,1230 m E471 Qaṣr 'Ali [reservoir] | 1230 m S3049 Qaṣr 'Ali [reservoir],to Stage 2
S3138,Libdeh,175450,134300,True,True,False,True,,ruin,False,"Dinur and Feig 1993, Site 468",0,,,pending SWP screen
S3338,-,179700,132050,True,True,False,True,,buildings,False,"Dinur and Feig 1993, Site 535",0,,,pending SWP screen
S3470,Kh. Abu Ḥuweilan,177800,130850,True,True,False,True,,name:kh.,True,"Dinur and Feig 1993, Site 502",0,,,pending SWP screen
S3550,-,177500,130500,True,True,False,True,,buildings,False,"Dinur and Feig 1993, Site 503",0,,,pending SWP screen
S3575,el-Khirbe,177450,130250,True,True,False,True,,buildings;fortress;settlement,True,"Dinur and Feig 1993, Site 500",0,,,pending SWP screen
S3589,Kh. el-Kharayib,177150,130100,True,True,False,True,,buildings;ruin;name:kh.,False,"Dinur and Feig 1993, Site 501",0,,,pending SWP screen
S3600,Kh. Umm el-Jimal,176650,130050,True,True,False,True,,buildings;ruin;name:kh.,False,"Dinur and Feig 1993, Site 485",0,,,pending SWP screen
S3612,Wadi Abu Hindi,180400,129980,True,True,False,True,,farm,False,"Patrich 1994a, Site 1 ",1,1300,1300 m S3651 Bir Abu Hindi [reservoir],to Stage 2
S3769,Wadi Abu Hindi,180400,129220,True,True,False,True,,ruin,False,"Patrich 1994a, Site 2",1,1335,1335 m S3651 Bir Abu Hindi [reservoir],to Stage 2
S3781,Fort,179100,129100,True,True,False,True,,fort,False,Hirschfeld 1984a: 58,0,,,pending SWP screen
S3883,Kh. Karm Abu Ṭabaq,187430,127610,True,True,False,True,,name:kh.,False,"Bar-Adon 1972, Site 91; Patrich 1994a, Site 33 ",4,1122,1122 m S3881 Kh. Abu Ṭabaq [reservoir] | 1588 m S4050 Naḥal Sekhakha [pool] | 1624 m S3771 Wadi Khashna [pool/reservoir] | 1984 m S4082 Naḥal Sekhakha [pool],to Stage 2
S4436,Trig. Point 451-N,175200,116300,True,True,False,True,,fortress,False,"Hirschfeld 1985, Site 34",1,1603,1603 m S4433 'Ein es-Sakhari [pool],to Stage 2
