column,line,word_index,puech2015_generated,action,new_word_index,new_abegg,new_puech2015,note
I,6,0,,drop,,,,layout artefact: numeral moved by the right-to-left extract
I,6,,זהב,drop,,,,layout artefact
I,9,5,בל[ ]גין,drop,,,,same letters; Puech marks a possible lost letter
I,12,4,הטבו,replace,4,הטבילה,הטבול[ה],Puech prints ו/י; with yod his letters equal Abegg's
I,12,,יל[ה,drop,,,,part of the X/Y alternative above
I,13,0,)בשוא,replace,0,בשיא,בשוא,stray bracket from the extract
I,13,5,,drop,,,,replaced by the I 13 4-6 rows
I,13,6,,drop,,,,replaced by the I 13 4-6 rows
I,13,,לסמל,drop,,,,replaced by the I 13 4-6 rows
I,13,,ךא,drop,,,,replaced by the I 13 4-6 rows
I,13,,,add,4-6,בירד אל סמל,בירכא לסמל,Puech prints בירד/ךא; kaf alternative
I,13,,,add,4-6,בירד אל סמל,בירדא לסמל,Puech prints בירד/ךא; dalet alternative
III,1,,]דיאט,drop,,,,merged into the III 1 1 row
III,1,,ש(ל),replace,1,,[ש(ל) ]דיאט,Abegg leaves the word in a lacuna
III,4,,[[ה,replace,1,,[[ה]],bracket order from the extract
III,11,0,ב{ }קבר,drop,,,,same letters; Puech marks a cancelled stroke
III,13,0,,replace,0,ת,דף,the component split wrongly in the extract
III,13,1,דף,replace,1,[[חפר]],,the component split wrongly in the extract
IV,1,2,שב[צפון,replace,2,שב,שב[צפון],bracket order from the extract
IV,3,,ל[בר]כא,replace,2,,ל[בר]כא,Abegg leaves the word in a lacuna
IV,4,1,ארבע[,replace,1-2,ארבע[ין] [ואח]ת,ארבע[ ע]סרה,bracket order from the extract
IV,4,2,ע]סרה,drop,,,,merged into the IV 4 1-2 row
IV,6,4,עכון(ר,replace,4,עכור,עכון(ר),bracket order from the extract
IV,14,0,,drop,,,,layout artefact (sic)
IV,14,,(אמת,drop,,,,layout artefact (sic)
V,1,3-4,ש[במערב,replace,3-5,[של] [גי] [ה],ש[במערב ה],bracket order from the extract
VI,9,2,בפת{ }ח,drop,,,,same letters; Puech marks a cancelled stroke
VII,1,2,[במזרח,replace,2,[אמות],[במזרח אמו]ת,Puech prints במזרח/מערב(?) in the restoration
VII,1,,אמו]ת,drop,,,,merged into the VII 1 2 row
VII,1,,מערב,drop,,,,merged into the VII 1 2 row
VII,3,2,קיב[וץ המימ,replace,2-3,קי [...],קיב[וץ המים ש]ל,bracket order from the extract
VII,3,,ש]ל,drop,,,,merged into the VII 3 2-3 row
VII,4,2,של ירחו,replace,2,[הגד]ול,[של ירחו],Puech moves hg]dwl to line 5 (p. 64 nn. 252 and 255)
VII,5,,מרוח,replace,2,,[מרוח הג]דול,Puech moves hg]dwl to line 5
VII,5,,הג]דול,drop,,,,merged into the VII 5 2 row
VII,8,2,המקר[ה,replace,2,המקר[א],המקר[ה],bracket order from the extract
VII,16,0,,drop,,,,layout artefact
VII,16,,ככ,drop,,,,layout artefact
VIII,3,3,אל תבקע[מ,replace,3,אסר,אל תבקע[מ],bracket order from the extract
VIII,14,0,)ברוי,replace,0,בדור,ברוי,stray bracket from the extract
VIII,14,6,חפוו(ר,replace,6,חפור,חפוו(ר),bracket order from the extract
IX,2,4-5,חפוו,replace,4-6,חפור{ר} אמ[[ש]]ות שעת,חפוו(ר)וג(ת) בשעת,Puech prints חפוו/ז(ר)וג(ת); waw alternative
IX,2,6,,drop,,,,merged into the IX 2 4-6 row
IX,2,7,,drop,,,,layout artefact
IX,2,,שבע,drop,,,,layout artefact
IX,2,,בשעת,drop,,,,merged into the IX 2 4-6 row
IX,2,,ז(ר)וג(ת),drop,,,,merged into the IX 2 4-6 row
IX,6,2,,drop,,,,layout artefact
IX,6,,ף,drop,,,,layout artefact
IX,13,1,,drop,,,,layout artefact
IX,13,,ככ,drop,,,,layout artefact
X,6,0,לסמול,drop,,,,merged into the X 6 0-2 row
X,6,1-2,וג(א)מות,replace,0-2,לסמולו [[חפור]] אמות,לסמול וג(א)מות,the two rows are one place
X,11,0,,drop,,,,layout artefact
X,11,,זהב,drop,,,,layout artefact
X,13,0,ז(ר),drop,,,,המערבי agrees; garbled alternative
X,13,1-2,רג(א)מות,replace,1-2,חפור אמות,חפוו(ר) רג(א)מות,Puech prints חפוו/ז(ר); waw alternative
X,13,4,עסרה המערבי,drop,,,,layout artefact
X,13,,חפוו,drop,,,,merged into the X 13 1-2 row
X,16,1,,drop,,,,layout artefact
X,16,,ככ,drop,,,,layout artefact
XI,9,3-4,[[ש]]טח,replace,3-4,טהור הו,[[ש]]טח ירחו,Puech prints [[ש]]טח/טה(ור)(?); first alternative
XI,9,,ירחו,drop,,,,merged into the XI 9 3-4 rows
XI,9,,טה(ור),replace,3-4,טהור הו,טה(ור) ירחו,Puech's second alternative
XI,10,3-4,א[[ר]]ז,replace,3-4,א{ר}רב[[ע]] עסרה,א[[ר]]ז דמע סוח,Puech prints א[[ר]]ז/אר(?); first alternative
XI,10,,סוח,drop,,,,merged into the XI 10 3-4 rows
XI,10,,דמע,drop,,,,merged into the XI 10 3-4 rows
XI,10,,אר,replace,3-4,א{ר}רב[[ע]] עסרה,אר דמע סוח,Puech's second alternative
XI,12,0-1,האשר(ו)חין,replace,1,אאשוחין,אאשר(ו)חין,Puech prints א/ה; alef alternative
XI,12,,)בבית,drop,,,,stray bracket from the extract
XI,12,,א,replace,1,אאשוחין,האשר(ו)חין,Puech prints א/ה; he alternative
XI,14,3-4-5,]]לאה דמע סירא,replace,3-5,[[ל]]אחד {מ} עס{ו}רא,[[א]]לאה דמע סירא,bracket order from the extract
XI,14,,[[א,drop,,,,merged into the XI 14 3-5 row
XI,15,1,אץּלן,replace,1,אצלם,אצלן,dagesh from the extract removed
XI,17,2,מ[ערה,replace,2,מ,מ[ערה],bracket order from the extract
XI,17,3-4,]כס[ף ככרין,replace,3-4,[כלין] [הכל],כס[ף ככרין],bracket order from the extract
XII,5,3,,drop,,,,layout artefact
XII,5,4,,drop,,,,layout artefact
XII,5,,ככ,drop,,,,layout artefact
XII,5,,וכסף,drop,,,,layout artefact
