volume,line,ref,grid,lat,lon,nearest,km,within_2km,within_5km,regions
ESI09,7435,1733/1329,OIG,31.78882,35.24503,jer_gethsemane,1.172,jer_gethsemane;jer_bethesda;jer_east_gate;jer_kidron_mon;jer_temple;jer_tombs_kings;jer_se_corner;jer_south_wall;jer_tyropoeon;jer_kidron_east,jer_gethsemane;jer_bethesda;jer_east_gate;jer_kidron_mon;jer_temple;jer_tombs_kings;jer_se_corner;jer_south_wall;jer_tyropoeon;jer_kidron_east;jer_siloam;mount_zion;jer_bir_ayyub;jer_baqa;tell_el_ful,
ESI09,7629,1694/1320,OIG,31.78071,35.20386,jer_tombs_kings,2.547,,jer_tombs_kings;mount_zion;jer_baqa;jer_tyropoeon;jer_temple;jer_bethesda;jer_east_gate;jer_south_wall;jer_se_corner;jer_siloam;jer_kidron_east;jer_gethsemane;jer_kidron_mon;jer_bir_ayyub;ramat_rahel,
ESI15,8037,1817/1509,OIG,31.95109,35.33395,ein_samiya,4.634,,ein_samiya,
ESI15,8195,17220/17545,OIG,32.17254,35.23354,gerizim,4.885,,gerizim,
ESI15,9873,17038/13113,OIG,31.77286,35.2142,mount_zion,1.369,mount_zion;jer_baqa;jer_tyropoeon,mount_zion;jer_baqa;jer_tyropoeon;jer_temple;jer_siloam;jer_south_wall;jer_bir_ayyub;jer_se_corner;jer_tombs_kings;jer_east_gate;jer_bethesda;jer_kidron_east;jer_kidron_mon;jer_gethsemane;ramat_rahel,
ESI15,10181,17228-60/13085-137,OIG,31.77033,35.23426,jer_siloam,0.182,jer_siloam;jer_bir_ayyub;mount_zion;jer_kidron_east;jer_south_wall;jer_se_corner;jer_tyropoeon;jer_kidron_mon;jer_temple;jer_east_gate;jer_gethsemane;jer_bethesda;jer_baqa,jer_siloam;jer_bir_ayyub;mount_zion;jer_kidron_east;jer_south_wall;jer_se_corner;jer_tyropoeon;jer_kidron_mon;jer_temple;jer_east_gate;jer_gethsemane;jer_bethesda;jer_baqa;jer_tombs_kings;ramat_rahel,
ESI15,10315,17200/13094,OIG,31.77115,35.2313,mount_zion,0.261,mount_zion;jer_siloam;jer_bir_ayyub;jer_tyropoeon;jer_kidron_east;jer_south_wall;jer_se_corner;jer_temple;jer_kidron_mon;jer_east_gate;jer_gethsemane;jer_bethesda;jer_baqa;jer_tombs_kings,mount_zion;jer_siloam;jer_bir_ayyub;jer_tyropoeon;jer_kidron_east;jer_south_wall;jer_se_corner;jer_temple;jer_kidron_mon;jer_east_gate;jer_gethsemane;jer_bethesda;jer_baqa;jer_tombs_kings;ramat_rahel,
ESI15,10445,1722/1299,OIG,31.76177,35.23341,jer_bir_ayyub,0.652,jer_bir_ayyub;jer_siloam;mount_zion;jer_baqa;jer_kidron_east;jer_south_wall;jer_se_corner;jer_tyropoeon;jer_kidron_mon;jer_temple;jer_east_gate,jer_bir_ayyub;jer_siloam;mount_zion;jer_baqa;jer_kidron_east;jer_south_wall;jer_se_corner;jer_tyropoeon;jer_kidron_mon;jer_temple;jer_east_gate;jer_gethsemane;jer_bethesda;ramat_rahel;jer_tombs_kings,
ESI15,10611,17107/12863,OIG,31.75031,35.22148,jer_baqa,0.987,jer_baqa;ramat_rahel,jer_baqa;ramat_rahel;jer_bir_ayyub;mount_zion;jer_siloam;jer_kidron_east;jer_south_wall;jer_tyropoeon;jer_se_corner;jer_temple;jer_kidron_mon;jer_east_gate;jer_gethsemane;jer_bethesda;jer_tombs_kings,
ESI15,16233,1976/2116,OIG,32.49817,35.50391,beth_shean,0.619,beth_shean,beth_shean,
ESI15,16297,1969/2119,OIG,32.5009,35.49647,beth_shean,0.694,beth_shean,beth_shean,
ESI15,16613,17131/13205,OIG,31.78116,35.22402,jer_tombs_kings,0.953,jer_tombs_kings;jer_tyropoeon;jer_bethesda;jer_temple;mount_zion;jer_east_gate;jer_south_wall;jer_se_corner;jer_gethsemane;jer_kidron_mon;jer_kidron_east;jer_siloam;jer_bir_ayyub,jer_tombs_kings;jer_tyropoeon;jer_bethesda;jer_temple;mount_zion;jer_east_gate;jer_south_wall;jer_se_corner;jer_gethsemane;jer_kidron_mon;jer_kidron_east;jer_siloam;jer_bir_ayyub;jer_baqa;ramat_rahel;tell_el_ful,
ESI15,16711,16878/12640,OIG,31.7302,35.19731,ramat_rahel,2.321,,ramat_rahel;jer_baqa,
HA45,10447,1885/1724,OIG,32.14488,35.4063,kh_yanun,4.484,,kh_yanun,
HA45,10709,1890/1723,OIG,32.14397,35.4116,kh_yanun,4.989,,kh_yanun,
HA59-60,1685,17338/13145,OIG,31.77574,35.24587,jer_kidron_mon,0.639,jer_kidron_mon;jer_gethsemane;jer_kidron_east;jer_se_corner;jer_south_wall;jer_east_gate;jer_temple;jer_tyropoeon;jer_siloam;jer_bethesda;jer_bir_ayyub;mount_zion,jer_kidron_mon;jer_gethsemane;jer_kidron_east;jer_se_corner;jer_south_wall;jer_east_gate;jer_temple;jer_tyropoeon;jer_siloam;jer_bethesda;jer_bir_ayyub;mount_zion;jer_tombs_kings;jer_baqa;ramat_rahel,
HA76,779,1816/1554,OIG,31.99167,35.33295,ein_samiya,0.593,ein_samiya,ein_samiya,
HA76,801,1734/1373,OIG,31.8285,35.24611,tell_el_ful,1.515,tell_el_ful,tell_el_ful;jer_tombs_kings,
HA138,68,222307–35/631414–37,NIG,31.7754,35.23454,jer_tyropoeon,0.174,jer_tyropoeon;jer_south_wall;jer_se_corner;jer_temple;jer_kidron_east;jer_east_gate;jer_kidron_mon;jer_siloam;jer_gethsemane;jer_bethesda;mount_zion;jer_bir_ayyub;jer_tombs_kings,jer_tyropoeon;jer_south_wall;jer_se_corner;jer_temple;jer_kidron_east;jer_east_gate;jer_kidron_mon;jer_siloam;jer_gethsemane;jer_bethesda;mount_zion;jer_bir_ayyub;jer_tombs_kings;jer_baqa;ramat_rahel,
HA138,109,22235–8/63130–4,NIG,31.77437,35.23499,jer_south_wall,0.232,jer_south_wall;jer_se_corner;jer_kidron_east;jer_tyropoeon;jer_temple;jer_siloam;jer_kidron_mon;jer_east_gate;mount_zion;jer_gethsemane;jer_bethesda;jer_bir_ayyub;jer_tombs_kings,jer_south_wall;jer_se_corner;jer_kidron_east;jer_tyropoeon;jer_temple;jer_siloam;jer_kidron_mon;jer_east_gate;mount_zion;jer_gethsemane;jer_bethesda;jer_bir_ayyub;jer_tombs_kings;jer_baqa;ramat_rahel,
HA138,152,221735–95/630940–65,NIG,31.77113,35.2285,mount_zion,0.061,mount_zion;jer_siloam;jer_bir_ayyub;jer_tyropoeon;jer_south_wall;jer_kidron_east;jer_se_corner;jer_temple;jer_east_gate;jer_kidron_mon;jer_bethesda;jer_gethsemane;jer_baqa;jer_tombs_kings,mount_zion;jer_siloam;jer_bir_ayyub;jer_tyropoeon;jer_south_wall;jer_kidron_east;jer_se_corner;jer_temple;jer_east_gate;jer_kidron_mon;jer_bethesda;jer_gethsemane;jer_baqa;jer_tombs_kings;ramat_rahel,
HA138,483,612342/221662,NIG,31.6034,35.22768,natuf,4.613,,natuf,
HA138,548,217136/637780,NIG,31.83281,35.17993,tell_el_ful,4.954,,tell_el_ful,
HA138,599,217545/628373,NIG,31.74798,35.18427,ramat_rahel,3.401,,ramat_rahel;jer_baqa;mount_zion,
HA138,1333,223681/616979,NIG,31.64522,35.24898,natuf,1.286,natuf,natuf;tekoa_herodium,
HA138,1491,220575–939/636047–462,NIG,31.81719,35.21626,tell_el_ful,1.576,tell_el_ful,tell_el_ful;jer_tombs_kings;jer_bethesda;jer_east_gate;jer_temple;jer_gethsemane;jer_tyropoeon;jer_se_corner;jer_kidron_mon;jer_south_wall,
HA138,1638,220939–70/633627–67,NIG,31.79536,35.2201,jer_tombs_kings,1.148,jer_tombs_kings,jer_tombs_kings;jer_bethesda;jer_temple;jer_east_gate;jer_tyropoeon;jer_gethsemane;jer_se_corner;jer_south_wall;jer_kidron_mon;mount_zion;jer_kidron_east;jer_siloam;tell_el_ful;jer_bir_ayyub;jer_baqa,
HA138,1991,220349–470/634145–235,NIG,31.80003,35.21387,jer_tombs_kings,1.933,jer_tombs_kings,jer_tombs_kings;jer_bethesda;tell_el_ful;jer_temple;jer_east_gate;jer_tyropoeon;jer_gethsemane;jer_se_corner;jer_south_wall;mount_zion;jer_kidron_mon;jer_kidron_east;jer_siloam;jer_bir_ayyub;jer_baqa,
HA138,2174,222191–209/631504–553,NIG,31.77621,35.23331,jer_tyropoeon,0.12,jer_tyropoeon;jer_temple;jer_south_wall;jer_se_corner;jer_east_gate;jer_kidron_east;jer_kidron_mon;jer_bethesda;mount_zion;jer_gethsemane;jer_siloam;jer_bir_ayyub;jer_tombs_kings,jer_tyropoeon;jer_temple;jer_south_wall;jer_se_corner;jer_east_gate;jer_kidron_east;jer_kidron_mon;jer_bethesda;mount_zion;jer_gethsemane;jer_siloam;jer_bir_ayyub;jer_tombs_kings;jer_baqa;ramat_rahel,
HA138,2223,22179/63098,NIG,31.77149,35.22908,mount_zion,0.048,mount_zion;jer_siloam;jer_tyropoeon;jer_bir_ayyub;jer_south_wall;jer_kidron_east;jer_se_corner;jer_temple;jer_east_gate;jer_kidron_mon;jer_bethesda;jer_gethsemane;jer_baqa;jer_tombs_kings,mount_zion;jer_siloam;jer_tyropoeon;jer_bir_ayyub;jer_south_wall;jer_kidron_east;jer_se_corner;jer_temple;jer_east_gate;jer_kidron_mon;jer_bethesda;jer_gethsemane;jer_baqa;jer_tombs_kings;ramat_rahel,
HA138,2575,197672–7/743562–70,NIG,32.78651,34.9719,carmel_siah,1.638,carmel_siah,carmel_siah,
