report_id,url,series,volume,year,pages,site_name,author,permit,map_ref_as_given,map_ref_used,grid,crs_used,easting_m,northing_m,precision_m,lat,lon,coordinate_source,feature_site,nearest_place,distance_km,places_within_2km,places_within_5km,regions,feature_type,n_features,period_as_given,dated_in_window,excavated_or_surveyed,quote,relevance,candidate_entries,protected_strip,screen
ESI09-055-mt-scopus-b,https://publications.iaa.org.il/esi_english_series/3,ESI,9,1991,55,"Jerusalem, Mt. Scopus (B)",Harley Stark,,1733/1329,,OIG,EPSG:28191,173300,132900,100,31.78882,35.24503,map ref,,jer_gethsemane,1.172,jer_gethsemane;jer_bethesda;jer_east_gate;jer_kidron_mon;jer_temple;jer_tombs_kings;jer_se_corner;jer_south_wall;jer_tyropoeon;jer_kidron_east,jer_gethsemane;jer_bethesda;jer_east_gate;jer_kidron_mon;jer_temple;jer_tombs_kings;jer_se_corner;jer_south_wall;jer_tyropoeon;jer_kidron_east;jer_siloam;mount_zion;jer_bir_ayyub;jer_baqa;tell_el_ful,R_KIDRON,tomb_burial_cave,1,Second Temple period,yes,excavated (salvage),a burial cave of the Second Temple period was damaged,,54,no,S3
ESI09-056-supreme-court,https://publications.iaa.org.il/esi_english_series/3,ESI,9,1991,56-57,"Jerusalem, Supreme Court Site",Harley Stark,,1694/1320,,OIG,EPSG:28191,169400,132000,100,31.78071,35.20386,map ref,,jer_tombs_kings,2.547,,jer_tombs_kings;mount_zion;jer_baqa;jer_tyropoeon;jer_temple;jer_bethesda;jer_east_gate;jer_south_wall;jer_se_corner;jer_siloam;jer_kidron_east;jer_gethsemane;jer_kidron_mon;jer_bir_ayyub;ramat_rahel,,tomb_burial_cave,1,Second Temple period,yes,excavated (salvage),remains of a rock-cut burial cave of the Second Temple period,,,no,S1
ESI09-129-bet-shean-area-z,https://publications.iaa.org.il/esi_english_series/3,ESI,9,1991,129,"Bet Shean, Crusader Fortress - Area Z",Adrian Boaz,,,,,,,,,,,name only (beth_shean),,beth_shean,,,,,wall_tower,1,Crusader (ditch or moat retaining wall),no,excavated,A stone retaining wall was built on the west side,,58,no,S1h
ESI15-043-bet-shean-citadel,https://publications.iaa.org.il/esi_english_series/8,ESI,15,1996,43-47,"Bet She’an, the Citadel",Jon Seligman,,,,,,,,,,,name only (beth_shean),,beth_shean,,,,,wall_tower,3,Crusader citadel wall and two corner towers,no,excavated,"The basalt citadel wall (40 x 42 m, thickness 2.5 m)",,58,no,S1
ESI15-055-horvat-raash,https://publications.iaa.org.il/esi_english_series/8,ESI,15,1996,55-57,Horvat Ra‘ash,"Etan Ayalon, William Neidinger and Eulah Matthews",,1817/1509,,OIG,EPSG:28191,181700,150900,100,31.95109,35.33395,map ref,,ein_samiya,4.634,,ein_samiya,,pool_reservoir,2,Byzantine (complex in use until the 8th c. CE),no,excavated,"two plastered pools north of it, was uncovered",,,no,S3
ESI15-057-kh-halas,https://publications.iaa.org.il/esi_english_series/8,ESI,15,1996,57-58,Khirbet Halas,Ofer Sion,,17220/17545,,OIG,EPSG:28191,172200,175450,10,32.17254,35.23354,map ref,,gerizim,4.885,,gerizim,,cistern,1,not stated in the text read,unknown,excavated (trial),"A rock-cut cistern (7x11 m, depth more than 5 m",,,no,S3
ESI15-057-kh-halas,https://publications.iaa.org.il/esi_english_series/8,ESI,15,1996,57-58,Khirbet Halas,Ofer Sion,,17220/17545,,OIG,EPSG:28191,172200,175450,10,32.17254,35.23354,map ref,,gerizim,4.885,,gerizim,,wall_tower,2,fort of the Byzantine-Early Islamic periods (4th-8th c. CE),no,excavated (trial),"identified as a fort, and a cistern",,,no,S3
ESI15-068-jericho,https://publications.iaa.org.il/esi_english_series/8,ESI,15,1996,68-70,Jericho (Tell es-Sultan),Shim‘on Riklin,L-549,,,,,,,,,,name only (tell_es_sultan),,tell_es_sultan,,,,,wall_tower,2,Early Bronze Age (city wall H; parallel brick wall W100),no,excavated (trial),A 19 m long north-south strip of Early Bronze Age City Wall,"Koḥlit at Tell es-Sultan (entries 4, 11, 15, 19, 60): EVIDENCE only Early Bronze Age fortification here",4;11;15;16;19;29;60,no,S1
ESI15-072-rehavya,https://publications.iaa.org.il/esi_english_series/8,ESI,15,1996,72-74,"Jerusalem, Rehavya",Zvi Greenhut,,17038/13113,,OIG,EPSG:28191,170380,131130,10,31.77286,35.21420,map ref,,mount_zion,1.369,mount_zion;jer_baqa;jer_tyropoeon,mount_zion;jer_baqa;jer_tyropoeon;jer_temple;jer_siloam;jer_south_wall;jer_bir_ayyub;jer_se_corner;jer_tombs_kings;jer_east_gate;jer_bethesda;jer_kidron_east;jer_kidron_mon;jer_gethsemane;ramat_rahel,,tomb_burial_cave,2,Second Temple period (kokhim; ossuaries),yes,excavated (salvage),Two adjoining northwest-facing burial caves with kokhim of the Second Temple,,4;11;15;19;60,no,S1
ESI15-074-kh-er-ras,https://publications.iaa.org.il/esi_english_series/8,ESI,15,1996,74-75,"Jerusalem, Khirbet er-Ras",Nurit Feig and Omar Abd Rabu,,1672—4/1286-7,1672/1286,OIG,EPSG:28191,167200,128600,100,31.75004,35.18064,map ref (order corrected; see location_note),,ramat_rahel,3.795,,ramat_rahel;jer_baqa,,rockcut_installation,1,end of the Iron Age (oil press; earlier wine press),no,excavated (salvage),this seems to have been an oil press,,,no,S1
ESI15-074-kh-er-ras,https://publications.iaa.org.il/esi_english_series/8,ESI,15,1996,74-75,"Jerusalem, Khirbet er-Ras",Nurit Feig and Omar Abd Rabu,,1672—4/1286-7,1672/1286,OIG,EPSG:28191,167200,128600,100,31.75004,35.18064,map ref (order corrected; see location_note),,ramat_rahel,3.795,,ramat_rahel;jer_baqa,,wall_tower,,"agricultural terraces, probably prepared during the last century",no,excavated (salvage),"The agricultural terraces identified further upslope, mainly to the south and west",,,no,S1
ESI15-075-city-of-david,https://publications.iaa.org.il/esi_english_series/8,ESI,15,1996,75-77,"Jerusalem, City of David",Alon De-Groot,,17228-60/13085-137,,OIG,EPSG:28191,172280,130850,10,31.77033,35.23426,map ref,,jer_siloam,0.182,jer_siloam;jer_bir_ayyub;mount_zion;jer_kidron_east;jer_south_wall;jer_se_corner;jer_tyropoeon;jer_kidron_mon;jer_temple;jer_east_gate;jer_gethsemane;jer_bethesda;jer_baqa,jer_siloam;jer_bir_ayyub;mount_zion;jer_kidron_east;jer_south_wall;jer_se_corner;jer_tyropoeon;jer_kidron_mon;jer_temple;jer_east_gate;jer_gethsemane;jer_bethesda;jer_baqa;jer_tombs_kings;ramat_rahel,R_KIDRON;R_SILOAM_COD,wall_tower,2,not stated in the text read; street paving beside them has end of Second Temple pottery,unknown,excavated (salvage),associated with the complex of retaining walls which surrounded the Siloam pool,"Siloam (entry 49), R_SILOAM_COD: EVIDENCE retaining walls of the Siloam pool complex",49,no,S1
ESI15-077-gallicantu,https://publications.iaa.org.il/esi_english_series/8,ESI,15,1996,77-78,"Jerusalem, Church of St. Peter in Gallicantu",Florentino Diez,,17200/13094,,OIG,EPSG:28191,172000,130940,10,31.77115,35.23130,map ref,,mount_zion,0.261,mount_zion;jer_siloam;jer_bir_ayyub;jer_tyropoeon;jer_kidron_east;jer_south_wall;jer_se_corner;jer_temple;jer_kidron_mon;jer_east_gate;jer_gethsemane;jer_bethesda;jer_baqa;jer_tombs_kings,mount_zion;jer_siloam;jer_bir_ayyub;jer_tyropoeon;jer_kidron_east;jer_south_wall;jer_se_corner;jer_temple;jer_kidron_mon;jer_east_gate;jer_gethsemane;jer_bethesda;jer_baqa;jer_tombs_kings;ramat_rahel,R_KIDRON;R_SILOAM_COD,channel_aqueduct,2,under a Byzantine pavement; channel itself not dated,unknown,surveyed and excavated,A masonry channel running southward was exposed under a flagstone pavement,,4;11;15;19;60,no,S1
ESI15-077-gallicantu,https://publications.iaa.org.il/esi_english_series/8,ESI,15,1996,77-78,"Jerusalem, Church of St. Peter in Gallicantu",Florentino Diez,,17200/13094,,OIG,EPSG:28191,172000,130940,10,31.77115,35.23130,map ref,,mount_zion,0.261,mount_zion;jer_siloam;jer_bir_ayyub;jer_tyropoeon;jer_kidron_east;jer_south_wall;jer_se_corner;jer_temple;jer_kidron_mon;jer_east_gate;jer_gethsemane;jer_bethesda;jer_baqa;jer_tombs_kings,mount_zion;jer_siloam;jer_bir_ayyub;jer_tyropoeon;jer_kidron_east;jer_south_wall;jer_se_corner;jer_temple;jer_kidron_mon;jer_east_gate;jer_gethsemane;jer_bethesda;jer_baqa;jer_tombs_kings;ramat_rahel,R_KIDRON;R_SILOAM_COD,cistern,2,probably associated with the Byzantine flagstone pavement,no,surveyed and excavated,A second cistern uncovered 7 m north of the flagstone pavement,,4;11;15;19;60,no,S1
ESI15-078-lower-aqueduct,https://publications.iaa.org.il/esi_english_series/8,ESI,15,1996,78-80,"Jerusalem, the Lower Aqueduct",Ya‘akov Billig,,1722/1299,,OIG,EPSG:28191,172200,129900,100,31.76177,35.23341,map ref,,jer_bir_ayyub,0.652,jer_bir_ayyub;jer_siloam;mount_zion;jer_baqa;jer_kidron_east;jer_south_wall;jer_se_corner;jer_tyropoeon;jer_kidron_mon;jer_temple;jer_east_gate,jer_bir_ayyub;jer_siloam;mount_zion;jer_baqa;jer_kidron_east;jer_south_wall;jer_se_corner;jer_tyropoeon;jer_kidron_mon;jer_temple;jer_east_gate;jer_gethsemane;jer_bethesda;ramat_rahel;jer_tombs_kings,R_KIDRON;R_SILOAM_COD,channel_aqueduct,2,original aqueduct of the Second Temple period; a later aqueduct beside it,yes,excavated (tunnel cleared; probes),alongside and slightly higher than the original Second Temple period aqueduct,Kidron region (R_KIDRON),34;45;47,no,S1
ESI15-078-lower-aqueduct,https://publications.iaa.org.il/esi_english_series/8,ESI,15,1996,78-80,"Jerusalem, the Lower Aqueduct",Ya‘akov Billig,,1722/1299,,OIG,EPSG:28191,172200,129900,100,31.76177,35.23341,map ref,,jer_bir_ayyub,0.652,jer_bir_ayyub;jer_siloam;mount_zion;jer_baqa;jer_kidron_east;jer_south_wall;jer_se_corner;jer_tyropoeon;jer_kidron_mon;jer_temple;jer_east_gate,jer_bir_ayyub;jer_siloam;mount_zion;jer_baqa;jer_kidron_east;jer_south_wall;jer_se_corner;jer_tyropoeon;jer_kidron_mon;jer_temple;jer_east_gate;jer_gethsemane;jer_bethesda;ramat_rahel;jer_tombs_kings,R_KIDRON;R_SILOAM_COD,cistern,1,Hellenistic period,unknown,excavated (tunnel cleared; probes),make use of a 7.5 m deep cistern of the Hellenistic period,,34;45;47,no,S1
ESI15-078-lower-aqueduct,https://publications.iaa.org.il/esi_english_series/8,ESI,15,1996,78-80,"Jerusalem, the Lower Aqueduct",Ya‘akov Billig,,1722/1299,,OIG,EPSG:28191,172200,129900,100,31.76177,35.23341,map ref,,jer_bir_ayyub,0.652,jer_bir_ayyub;jer_siloam;mount_zion;jer_baqa;jer_kidron_east;jer_south_wall;jer_se_corner;jer_tyropoeon;jer_kidron_mon;jer_temple;jer_east_gate,jer_bir_ayyub;jer_siloam;mount_zion;jer_baqa;jer_kidron_east;jer_south_wall;jer_se_corner;jer_tyropoeon;jer_kidron_mon;jer_temple;jer_east_gate;jer_gethsemane;jer_bethesda;ramat_rahel;jer_tombs_kings,R_KIDRON;R_SILOAM_COD,rockcut_installation,,associated with a site of the Hasmonean period,yes,excavated (tunnel cleared; probes),Building foundations and rock-cut installations uncovered around the shaft,,34;45;47,no,S1
ESI15-080-arnona,https://publications.iaa.org.il/esi_english_series/8,ESI,15,1996,80-81,"Jerusalem, Arnona",Ya‘akov Billig,,17107/12863,,OIG,EPSG:28191,171070,128630,10,31.75031,35.22148,map ref,,jer_baqa,0.987,jer_baqa;ramat_rahel,jer_baqa;ramat_rahel;jer_bir_ayyub;mount_zion;jer_siloam;jer_kidron_east;jer_south_wall;jer_tyropoeon;jer_se_corner;jer_temple;jer_kidron_mon;jer_east_gate;jer_gethsemane;jer_bethesda;jer_tombs_kings,,tomb_burial_cave,1,Second Temple period; pottery 1st c. BCE-1st c. CE; coin of 17 CE,yes,excavated (salvage),"A burial cave of the Second Temple period, consisting of a single",,36;37,no,S1
ESI15-128-shikkun-alef,https://publications.iaa.org.il/esi_english_series/8,ESI,15,1996,128,"Bet She’an, Shikkun Alef",Zvi Gal and Stuart Sutherland,,1969/2119,,OIG,EPSG:28191,196900,211900,100,32.50090,35.49647,map ref,,beth_shean,0.694,beth_shean,beth_shean,,channel_aqueduct,2,Byzantine (water supply of a residential quarter),no,excavated (trial),"a brick channel (width 0.6 m, preserved height 0.3 m)",,58,no,S1
ESI15-130-peace-forest,https://publications.iaa.org.il/esi_english_series/8,ESI,15,1996,130-131,"Jerusalem, Peace Forest",Zvi Greenhut,,12965/17185,17185/12965,OIG,EPSG:28191,171850,129650,10,31.75951,35.22972,map ref (order corrected; see location_note),,jer_baqa,0.842,jer_baqa;jer_bir_ayyub;jer_siloam;mount_zion;jer_kidron_east;jer_south_wall;jer_tyropoeon;jer_se_corner,jer_baqa;jer_bir_ayyub;jer_siloam;mount_zion;jer_kidron_east;jer_south_wall;jer_tyropoeon;jer_se_corner;jer_kidron_mon;jer_temple;jer_east_gate;ramat_rahel;jer_gethsemane;jer_bethesda;jer_tombs_kings,R_KIDRON,cistern,,not stated,unknown,surveyed,"including rock cuttings, cisterns, wall tops and a tumulus, were recorded",,36;37,no,S1
ESI15-130-peace-forest,https://publications.iaa.org.il/esi_english_series/8,ESI,15,1996,130-131,"Jerusalem, Peace Forest",Zvi Greenhut,,12965/17185,17185/12965,OIG,EPSG:28191,171850,129650,10,31.75951,35.22972,map ref (order corrected; see location_note),,jer_baqa,0.842,jer_baqa;jer_bir_ayyub;jer_siloam;mount_zion;jer_kidron_east;jer_south_wall;jer_tyropoeon;jer_se_corner,jer_baqa;jer_bir_ayyub;jer_siloam;mount_zion;jer_kidron_east;jer_south_wall;jer_tyropoeon;jer_se_corner;jer_kidron_mon;jer_temple;jer_east_gate;ramat_rahel;jer_gethsemane;jer_bethesda;jer_tombs_kings,R_KIDRON,rockcut_installation,,not stated,unknown,surveyed,"including rock cuttings, cisterns, wall tops and a tumulus, were recorded",,36;37,no,S1
ESI15-130-peace-forest,https://publications.iaa.org.il/esi_english_series/8,ESI,15,1996,130-131,"Jerusalem, Peace Forest",Zvi Greenhut,,12965/17185,17185/12965,OIG,EPSG:28191,171850,129650,10,31.75951,35.22972,map ref (order corrected; see location_note),,jer_baqa,0.842,jer_baqa;jer_bir_ayyub;jer_siloam;mount_zion;jer_kidron_east;jer_south_wall;jer_tyropoeon;jer_se_corner,jer_baqa;jer_bir_ayyub;jer_siloam;mount_zion;jer_kidron_east;jer_south_wall;jer_tyropoeon;jer_se_corner;jer_kidron_mon;jer_temple;jer_east_gate;ramat_rahel;jer_gethsemane;jer_bethesda;jer_tombs_kings,R_KIDRON,tomb_burial_cave,15,Second Temple period,yes,surveyed,Fifteen burial caves of the Second Temple period,Kidron tributaries (Nahal Ezel),36;37,no,S1
ESI15-130-peace-forest,https://publications.iaa.org.il/esi_english_series/8,ESI,15,1996,130-131,"Jerusalem, Peace Forest",Zvi Greenhut,,12965/17185,17185/12965,OIG,EPSG:28191,171850,129650,10,31.75951,35.22972,map ref (order corrected; see location_note),,jer_baqa,0.842,jer_baqa;jer_bir_ayyub;jer_siloam;mount_zion;jer_kidron_east;jer_south_wall;jer_tyropoeon;jer_se_corner,jer_baqa;jer_bir_ayyub;jer_siloam;mount_zion;jer_kidron_east;jer_south_wall;jer_tyropoeon;jer_se_corner;jer_kidron_mon;jer_temple;jer_east_gate;ramat_rahel;jer_gethsemane;jer_bethesda;jer_tombs_kings,R_KIDRON,wall_tower,,not stated,unknown,surveyed,"including rock cuttings, cisterns, wall tops and a tumulus, were recorded",,36;37,no,S1
ESI15-131-giloh,https://publications.iaa.org.il/esi_english_series/8,ESI,15,1996,131,"Jerusalem, Giloh",Fanny Vitto,,16878/12640,,OIG,EPSG:28191,168780,126400,10,31.73020,35.19731,map ref,,ramat_rahel,2.321,,ramat_rahel;jer_baqa,,rockcut_installation,1,site used for agriculture and burial in the Second Temple period,yes,excavated (salvage),"The wine press, which was located on the south slope",,,no,S1
ESI15-131-giloh,https://publications.iaa.org.il/esi_english_series/8,ESI,15,1996,131,"Jerusalem, Giloh",Fanny Vitto,,16878/12640,,OIG,EPSG:28191,168780,126400,10,31.73020,35.19731,map ref,,ramat_rahel,2.321,,ramat_rahel;jer_baqa,,tomb_burial_cave,1,characteristic of the Second Temple period,yes,excavated (salvage),the square entrance (0.5 X 0.5 m) of a burial cave,,,no,S1
HA40-022-kh-ibziq,https://publications.iaa.org.il/ha_hebrew_series/17,HA,40,1971,22,ח' אבזיק,Abdul Rauf Majid,,,,,,,,,,,name only (ibziq),,ibziq,,,,,tomb_burial_cave,1,Roman period (1st-2nd c. CE) lamps and vessels; robbed in antiquity,unknown,excavated,נחפרה מערת קבורה על ידי עובד קצין,Bezek (entry 59): EVIDENCE a kokhim tomb at Kh. Ibziq,59,no,S1
HA40-023-shechem,https://publications.iaa.org.il/ha_hebrew_series/17,HA,40,1971,23,שכם,Ibrahim al-Fani,,,,,,,,,,,name only (gerizim),,gerizim,,,,,tomb_burial_cave,2,Israelite period I (east tomb); Roman period glass (second tomb),unknown,excavated (trial),"בפעולות פיתוח על המדרון הדרומי של הר עיבל, בכניסה המזרחית לשכם",,57,no,S1
HA40-024-lower-beth-horon,https://publications.iaa.org.il/ha_hebrew_series/17,HA,40,1971,24,בית חורון תחתון,Baqiza Shantur,,,,,,,,,,,name only (beth_horon),,beth_horon,,,,,cistern,,Byzantine reuse of burial chambers as cisterns,no,excavated,בתקופה הביזאנטית שימש חלק מחדרי הקבורה כבורות מים,,40,no,S1
HA40-024-lower-beth-horon,https://publications.iaa.org.il/ha_hebrew_series/17,HA,40,1971,24,בית חורון תחתון,Baqiza Shantur,,,,,,,,,,,name only (beth_horon),,beth_horon,,,,,tomb_burial_cave,,Roman period,unknown,excavated,כוך של מערכת קברים מן התקופה הרומית פגע בדופן הממגורה,,40,no,S1
HA40-026-judean-desert-bar-adon,https://publications.iaa.org.il/ha_hebrew_series/17,HA,40,1971,26-27,חפירות במדבר יהודה,Pessah Bar-Adon,,,,,,,,,,,feature site name (ein_ghuweir),cave on the slope above ‘Ein el-Ghuweir,ein_ghuweir,,,,R_JD_CLIFFS,cave_with_finds,1,mainly Israelite period II (Iron Age II),no,excavated and surveyed,ואילו במערה מעל עין־ע׳וויר עיקר הממצאים הם מהתקופה הישראלית,Koḥlit proposal at ‘Ein el-Ghuweir,4;11;15;19;60,no,S2
HA40-026-judean-desert-bar-adon,https://publications.iaa.org.il/ha_hebrew_series/17,HA,40,1971,26-27,חפירות במדבר יהודה,Pessah Bar-Adon,,,,,,,,,,,region by title only,"caves in Wadi Mukaddam, Wadi Ḥasasa and Wadi Murabba‘at",,,,,R_JD_CLIFFS,cave_with_finds,7,finds mainly Chalcolithic and Second Temple period,yes,excavated and surveyed,הממצאים במערות הן משתי תקופות עיקריות - הכאלקוליתית וימי הבית השני,Judean Desert cliffs (R_JD_CLIFFS),,no,S2
HA40-026-judean-desert-bar-adon,https://publications.iaa.org.il/ha_hebrew_series/17,HA,40,1971,26-27,חפירות במדבר יהודה,Pessah Bar-Adon,,,,,,,,,,,region by title only,site by the path down to the Wadi Murabba‘at caves,,,,,R_JD_CLIFFS,cistern,1,Roman and Byzantine sherds; use unclear,unknown,excavated and surveyed,לא ברור אם הבור שימש לאגירת מיס או לצרכים אחרים,,,no,S2
HA40-026-judean-desert-bar-adon,https://publications.iaa.org.il/ha_hebrew_series/17,HA,40,1971,26-27,חפירות במדבר יהודה,Pessah Bar-Adon,,,,,,,,,,,feature site name (ein_ghuweir),south of the same house,ein_ghuweir,,,,R_JD_CLIFFS,tomb_burial_cave,,"graves typical of the Judean Desert sect, oriented south-north (no period named)",unknown,excavated and surveyed,דרומית לבית נתגלו קברים אופייניים לכת מדבר-יהודה,Koḥlit proposal at ‘Ein el-Ghuweir; Qumran-type cemetery,4;11;15;19;60,no,S2
HA40-026-judean-desert-bar-adon,https://publications.iaa.org.il/ha_hebrew_series/17,HA,40,1971,26-27,חפירות במדבר יהודה,Pessah Bar-Adon,,,,,,,,,,,region by title only,fort at ‘Ein Ḥorba,,,,,R_JD_CLIFFS,wall_tower,1,Israelite period II,no,excavated and surveyed,גודלה 13.40x15 מ׳ והיא מכילה שמונה חדרים,,,no,S2
HA40-026-judean-desert-bar-adon,https://publications.iaa.org.il/ha_hebrew_series/17,HA,40,1971,26-27,חפירות במדבר יהודה,Pessah Bar-Adon,,,,,,,,,,,region by title only,large fort at the outlet of the wadis Mazin and en-Nar,,,,,R_JD_CLIFFS,wall_tower,1,Iron Age II and Hasmonean sherds,yes,excavated and surveyed,החרסים הם מהתקופות הישראלית הב' והחשמונאית,Kidron outlet; Qumran-Feshkha shore (INFERENCE: south of the R_QUMRAN_FESHKHA box),,no,S2
HA40-026-judean-desert-bar-adon,https://publications.iaa.org.il/ha_hebrew_series/17,HA,40,1971,26-27,חפירות במדבר יהודה,Pessah Bar-Adon,,,,,,,,,,,feature site name (ein_ghuweir),site c. 80 m north of the ‘Ein el-Ghuweir nature reserve,ein_ghuweir,,,,R_JD_CLIFFS,wall_tower,1,outer courtyard wall of an Iron Age II house; not dated separately; compared with the Qumran-Feshkha wall,unknown,excavated and surveyed,חצר חיצונית גדולה המותחמת ע״י חומת-גדר בנוייה אבני גוויל גדולות,Koḥlit proposal at ‘Ein el-Ghuweir,4;11;15;19;60,no,S2
HA40-026-judean-desert-bar-adon,https://publications.iaa.org.il/ha_hebrew_series/17,HA,40,1971,26-27,חפירות במדבר יהודה,Pessah Bar-Adon,,,,,,,,,,,region by title only,survey south of Wadi Ḥasasa,,,,,R_JD_CLIFFS,wall_tower,3,not stated,unknown,excavated and surveyed,מצאנו שלושה מצדים עגולים ולידם שרידי מבנים,,,no,S2
HA45-017-shechem-tell-balata,https://publications.iaa.org.il/ha_hebrew_series/76,HA,45,1973,17-18,שכם (תל בלטה) - 1972,William G. Dever,,,,,,,,,,,name only (gerizim),,gerizim,,,,,wall_tower,4,"Middle Bronze Age IIC fortifications (walls A, B, E and a casemate wall)",no,excavated,החומה הקיקלופית האדירה,,57,no,S1
HA45-019-nahal-gittit-survey,https://publications.iaa.org.il/ha_hebrew_series/76,HA,45,1973,19,"סקר באיזור נח""ל גתית",Emanuel Damati and Zvi Ilan,,1885/1724,,OIG,EPSG:28191,188500,172400,100,32.14488,35.40630,map ref,,kh_yanun,4.484,,kh_yanun,,pool_reservoir,,Roman to medieval sherds (sheep pens with open pools),unknown,surveyed,ובאחת מפינותיה בריכה פתוחה לאגירת מים,,,no,S3
HA45-019-nahal-gittit-survey,https://publications.iaa.org.il/ha_hebrew_series/76,HA,45,1973,19,"סקר באיזור נח""ל גתית",Emanuel Damati and Zvi Ilan,,1885/1724,,OIG,EPSG:28191,188500,172400,100,32.14488,35.40630,map ref,,kh_yanun,4.484,,kh_yanun,,wall_tower,3,"Roman, Byzantine, Early Arab and medieval sherds beside them",unknown,surveyed,ושימשו מצדי תצפית,Kh. Yanun (Janoah reading) at 4.5-5 km,,no,S3
HA45-027-herodium,https://publications.iaa.org.il/ha_hebrew_series/76,HA,45,1973,27-28,הרודיון - 1972,Ehud Netzer,,,,,,,,,,,name only (tekoa_herodium),,tekoa_herodium,,,,,channel_aqueduct,1,aqueduct from Artas ending at Herodium (complex dated to Herod),yes,excavated (salvage) and surveyed,ניזונה ממימיה של אמת המים שמוצאה בארטם והיא מסתיימת בהירודיון,,39;42;43;44;45,no,S1
HA45-027-herodium,https://publications.iaa.org.il/ha_hebrew_series/76,HA,45,1973,27-28,הרודיון - 1972,Ehud Netzer,,,,,,,,,,,name only (tekoa_herodium),,tekoa_herodium,,,,,pool_reservoir,1,Herodian (the excavators date the whole complex to Herod),yes,excavated (salvage) and surveyed,נחשף גרם מדרגות רחב שירד אל תוך הבריכה,Tekoa-Herodium sector (entries 43-45),39;42;43;44;45,no,S1
HA45-027-herodium,https://publications.iaa.org.il/ha_hebrew_series/76,HA,45,1973,27-28,הרודיון - 1972,Ehud Netzer,,,,,,,,,,,name only (tekoa_herodium),,tekoa_herodium,,,,,wall_tower,3,Herodian retaining walls and a tower-like structure,yes,excavated (salvage) and surveyed,כשהמילוי נתמך על ידי שני קירות תמך מקבילים הבנויים אבני גזית,,39;42;43;44;45,no,S1
HA45-034-buqeia,https://publications.iaa.org.il/ha_hebrew_series/76,HA,45,1973,34-35,הבוקיעה,Lawrence Stager (TOC: F.M. Cross and J.T. Milik),,,,,,,,,,,name only (buqeia),,buqeia,,,,,pool_reservoir,7,check dams of the ancient desert farms (not dated separately),unknown,surveyed,לפחות שבעה סכרי השהייה רוחביים נבנו בתוך השטח הגדור,"Achor (entries 1, 17)",1;17,no,S2
HA45-034-buqeia,https://publications.iaa.org.il/ha_hebrew_series/76,HA,45,1973,34-35,הבוקיעה,Lawrence Stager (TOC: F.M. Cross and J.T. Milik),,,,,,,,,,,name only (buqeia),,buqeia,,,,,wall_tower,3,forts of Iron Age II (7th c. BCE); Abu Tabaq briefly reused in the Roman period,unknown,surveyed,המצודה נושבה בתקופת הברזל הבי,"Achor (entries 1, 17); Sekakah alternative (entries 20-21)",1;17,no,S2
HA59-023-tombs-near-shechem,https://publications.iaa.org.il/ha_hebrew_series/28,HA,59-60,1976,23,קבר ליד שכם (תל בלטה),(IAA Judea and Samaria staff; Christa Clamer),,,,,,,,,,,name only (gerizim),,gerizim,,,,,tomb_burial_cave,,most Roman and Hellenistic; one large cave Chalcolithic to Late Bronze Age,unknown,excavated (salvage),רובן מן התקופה הרומית וההלניסטית,,57,no,S1
HA59-034-mount-of-olives,https://publications.iaa.org.il/ha_hebrew_series/28,HA,59-60,1976,34,"ירושלים, הר הזיתים",(not named),,17338/13145,,OIG,EPSG:28191,173380,131450,10,31.77574,35.24587,map ref,,jer_kidron_mon,0.639,jer_kidron_mon;jer_gethsemane;jer_kidron_east;jer_se_corner;jer_south_wall;jer_east_gate;jer_temple;jer_tyropoeon;jer_siloam;jer_bethesda;jer_bir_ayyub;mount_zion,jer_kidron_mon;jer_gethsemane;jer_kidron_east;jer_se_corner;jer_south_wall;jer_east_gate;jer_temple;jer_tyropoeon;jer_siloam;jer_bethesda;jer_bir_ayyub;mount_zion;jer_tombs_kings;jer_baqa;ramat_rahel,R_KIDRON,tomb_burial_cave,2,one of the Second Temple period (nine ossuaries); one Byzantine,yes,inspected (caves sealed again),נראה שזמנה בימי בית שני,Kidron valley (R_KIDRON),2;36;48;51,no,S1
HA59-037-tulul-abu-el-alayiq,https://publications.iaa.org.il/ha_hebrew_series/28,HA,59-60,1976,37,יריחו - תולול אבו אל-עלייק,Ehud Netzer; Eric Meyers,,,,,,,,,,,name only (jericho_palaces),,jericho_palaces,,,,,channel_aqueduct,2,original aqueduct and a bypass aqueduct of the Hasmonean palace pool complex,yes,excavated,כן נחשפו אמת המים המקורית בקטע היוצא,Wadi Qelt aqueducts (R_WADI_QELT),29,no,S1h
HA59-037-tulul-abu-el-alayiq,https://publications.iaa.org.il/ha_hebrew_series/28,HA,59-60,1976,37,יריחו - תולול אבו אל-עלייק,Ehud Netzer; Eric Meyers,,,,,,,,,,,name only (jericho_palaces),,jericho_palaces,,,,,pool_reservoir,4,Hasmonean palace swimming pools; a pair of pools 300 m east probably Hasmonean,yes,excavated,ממערב לתל הצפוני הוחל בחשיפת מכלול קטן אשר במרכזו נמצאת בריכת שחייה,Jericho pools (entry 29); Hasmonean palaces,29,no,S1h
HA59-037-tulul-abu-el-alayiq,https://publications.iaa.org.il/ha_hebrew_series/28,HA,59-60,1976,37,יריחו - תולול אבו אל-עלייק,Ehud Netzer; Eric Meyers,,,,,,,,,,,name only (jericho_palaces),,jericho_palaces,,,,,ritual_bath,2,Hasmonean palace; the new one is the earliest in the complex,yes,excavated,נחשף מקווה טהרה נוסף בתוך הבניין המרכזי של הארמון החשמונאי,,29,no,S1h
HA59-038-nuseib-uweishira,https://publications.iaa.org.il/ha_hebrew_series/28,HA,59-60,1976,38,נוצייב עוישירה,(Tulul Abu el-‘Alayiq expedition),,1400/1905,1905/1400,OIG,EPSG:28191,190500,140000,100,31.85266,35.42679,map ref (order corrected; see location_note),,jericho_palaces,0.897,jericho_palaces;choziba,jericho_palaces;choziba;doq;tell_es_sultan;jericho_area;tell_el_qos;nuweimeh;iv17_abu_saraj,R_JERICHO_OASIS;R_WADI_QELT,pool_reservoir,1,"stepped pool, a type common in late Second Temple remains; the earlier stratum is not yet dated",unknown,excavated (trial),"בריכת מים מדורגת, השכיחה בין שרידי סוף ימי הבית השני",Wadi Qelt outlet; Jericho oasis,29,no,S3
HA76-014-bet-shean-monastery,https://publications.iaa.org.il/ha_hebrew_series/36,HA,76,1981,14,"בית שאן, מנזר מהמאה הו' לסה""נ",E. Braun,,,,,,,,,,,name only (beth_shean),,beth_shean,,,,,tomb_burial_cave,2,Roman-type stone sarcophagus under a 6th c. CE mosaic; trough grave perhaps of the monastery,unknown,excavated (salvage),"הונחה על גבי ארון קבורה מאבן, שמכסהו נפגע",,58,no,S1
HA76-019-tel-marjama,https://publications.iaa.org.il/ha_hebrew_series/36,HA,76,1981,19,תל מרגימה (עין סאמייה),M. Zohar,,1816/1554,,OIG,EPSG:28191,181600,155400,100,31.99167,35.33295,map ref,,ein_samiya,0.593,ein_samiya,ein_samiya,,wall_tower,3,"casemate wall (destroyed above layers of EB, MB, LB II); massive wall presumed EB; cyclopean wall with tower of MB II reused in the Iron Age",no,excavated (salvage),"ניתן לתארך ביצור זה לתקופת הב״ת בי, עם שימוש חוזר בתקופת הברזל","Koḥlit at ‘Ein Samiya (entries 4, 11, 15, 19, 60): EVIDENCE fortifications only, none dated in window",4;11;15;19;60,no,S1
HA76-020-near-ras-et-tawil,https://publications.iaa.org.il/ha_hebrew_series/36,HA,76,1981,20,אתר ליד ראס א-טוויל,Ronny Reich,,1734/1373,,OIG,EPSG:28191,173400,137300,100,31.82850,35.24611,map ref,,tell_el_ful,1.515,tell_el_ful,tell_el_ful;jer_tombs_kings,,rockcut_installation,,not stated (around a Hellenistic farmhouse),unknown,excavated (salvage),טרידי בנייה מועטים וטרידי מיתקנים חצובים הובחנו בטדות המעובדים סביב האתר,,43,no,S3
HA76-040-judean-desert-survey,https://publications.iaa.org.il/ha_hebrew_series/36,HA,76,1981,40-42,"מדבר יהודה, סקר",Yizhar Hirschfeld,,,,,,,,,,,feature site name (natuf),Chariton monastery,natuf,,,,R_JD_CLIFFS,channel_aqueduct,,part of the monastery water system (Byzantine sherds),no,surveyed,"נשתמרה מערכת השקייה משוכללת הכוללת בורות ומאגרי מים, תעלות וצינורות",Netophah (entry 38),38;40,no,S1
HA76-040-judean-desert-survey,https://publications.iaa.org.il/ha_hebrew_series/36,HA,76,1981,40-42,"מדבר יהודה, סקר",Yizhar Hirschfeld,,,,,,,,,,,feature site name (natuf),Chariton monastery,natuf,,,,R_JD_CLIFFS,cistern,,part of the monastery water system (Byzantine sherds),no,surveyed,"נשתמרה מערכת השקייה משוכללת הכוללת בורות ומאגרי מים, תעלות וצינורות",Netophah (entry 38),38;40,no,S1
HA76-040-judean-desert-survey,https://publications.iaa.org.il/ha_hebrew_series/36,HA,76,1981,40-42,"מדבר יהודה, סקר",Yizhar Hirschfeld,,,,,,,,,,,feature site name (natuf),"Chariton monastery, Birkat el-‘Uweinziya (19 x 14 m)",natuf,,,,R_JD_CLIFFS,pool_reservoir,1,part of the monastery water system (Byzantine sherds),no,surveyed,בראש המערכת נבנה מאגר מים המכונה,Netophah (entry 38),38;40,no,S1
HA76-040-judean-desert-survey,https://publications.iaa.org.il/ha_hebrew_series/36,HA,76,1981,40-42,"מדבר יהודה, סקר",Yizhar Hirschfeld,,,,,,,,,,,region by title only,survey site 308/77/01,,,,,R_JD_CLIFFS,rockcut_installation,,Iron Age II pottery at the site,no,surveyed,מיתקני סחיטה,,,no,S1
HA76-040-judean-desert-survey,https://publications.iaa.org.il/ha_hebrew_series/36,HA,76,1981,40-42,"מדבר יהודה, סקר",Yizhar Hirschfeld,,,,,,,,,,,feature site name (natuf),Chariton monastery (enclosure wall and corner towers),natuf,,,,R_JD_CLIFFS,wall_tower,4,"monastery; sherds mainly Byzantine, also Early Arab and Mamluk",no,surveyed,שבכל אחת מפינותיה היה מיגדל מוצק,Netophah (entry 38) at ‘Ain en-Natuf / Wadi Khareitun,38;40,no,S1
HA76-040-judean-desert-survey,https://publications.iaa.org.il/ha_hebrew_series/36,HA,76,1981,40-42,"מדבר יהודה, סקר",Yizhar Hirschfeld,,,,,,,,,,,feature site name (tekoa_herodium),"massive wall around Herodium, c. 5 km long",tekoa_herodium,,,,R_JD_CLIFFS,wall_tower,1,"not dated: estate wall, Roman siege line of the revolt, or Byzantine boundary (options given)",unknown,surveyed,"סביב הרודיון נתגלה קיר אבן מאסיבי, הבנוי",Tekoa-Herodium sector,39;42;43;44;45,no,S1
HAESI138-003-archaeological-park,https://publications.iaa.org.il/ha-esi/vol138/iss1/3,HA-ESI,138,2026,article 3,"Jerusalem, the Old City, the Archaeological Park (A-9477)","Baruch, Yuval; Rom, Navot; Machline, Helene; Zilberstein, Ayala",A-9477,222307–35/631414–37,,NIG,EPSG:2039,222307,631414,1,31.77540,35.23454,map ref,,jer_tyropoeon,0.174,jer_tyropoeon;jer_south_wall;jer_se_corner;jer_temple;jer_kidron_east;jer_east_gate;jer_kidron_mon;jer_siloam;jer_gethsemane;jer_bethesda;mount_zion;jer_bir_ayyub;jer_tombs_kings,jer_tyropoeon;jer_south_wall;jer_se_corner;jer_temple;jer_kidron_east;jer_east_gate;jer_kidron_mon;jer_siloam;jer_gethsemane;jer_bethesda;mount_zion;jer_bir_ayyub;jer_tombs_kings;jer_baqa;ramat_rahel,R_KIDRON;R_SILOAM_COD,channel_aqueduct,2,monumental Herodian-period drainage channel; drainage channel of the 1st c. CE street,yes,excavated,the roof of a monumental Herodian-period drainage channel was dismantled,,6,no,S1
HAESI138-003-archaeological-park,https://publications.iaa.org.il/ha-esi/vol138/iss1/3,HA-ESI,138,2026,article 3,"Jerusalem, the Old City, the Archaeological Park (A-9477)","Baruch, Yuval; Rom, Navot; Machline, Helene; Zilberstein, Ayala",A-9477,222307–35/631414–37,,NIG,EPSG:2039,222307,631414,1,31.77540,35.23454,map ref,,jer_tyropoeon,0.174,jer_tyropoeon;jer_south_wall;jer_se_corner;jer_temple;jer_kidron_east;jer_east_gate;jer_kidron_mon;jer_siloam;jer_gethsemane;jer_bethesda;mount_zion;jer_bir_ayyub;jer_tombs_kings,jer_tyropoeon;jer_south_wall;jer_se_corner;jer_temple;jer_kidron_east;jer_east_gate;jer_kidron_mon;jer_siloam;jer_gethsemane;jer_bethesda;mount_zion;jer_bir_ayyub;jer_tombs_kings;jer_baqa;ramat_rahel,R_KIDRON;R_SILOAM_COD,wall_tower,2,Temple Mount southern wall foundations; cell wall W122 from Herod’s reign to the 1st c. CE,yes,excavated,along the foundations of the southern wall of the Temple Mount precinct,"Temple Mount south wall (entries with jer_south_wall, jer_temple)",6,no,S1
HAESI138-004-givati-parking-lot,https://publications.iaa.org.il/ha-esi/vol138/iss1/4,HA-ESI,138,2026,article 4,"Jerusalem, Giv‘ati Parking Lot—2021–2022 (G-3/2021, G-1/2022)","Bocher, Efrat; Gadot, Yuval; Shalev, Yiftah; Bejarano, Oscar","G-3/2021, G-1/2022",22235–8/63130–4,,NIG,EPSG:2039,222350,631300,10,31.77437,35.23499,map ref,,jer_south_wall,0.232,jer_south_wall;jer_se_corner;jer_kidron_east;jer_tyropoeon;jer_temple;jer_siloam;jer_kidron_mon;jer_east_gate;mount_zion;jer_gethsemane;jer_bethesda;jer_bir_ayyub;jer_tombs_kings,jer_south_wall;jer_se_corner;jer_kidron_east;jer_tyropoeon;jer_temple;jer_siloam;jer_kidron_mon;jer_east_gate;mount_zion;jer_gethsemane;jer_bethesda;jer_bir_ayyub;jer_tombs_kings;jer_baqa;ramat_rahel,R_KIDRON;R_SILOAM_COD,channel_aqueduct,1,with the Byzantine-Early Islamic building,no,excavated,"At the western edge of the excavated area, a small drainage channel",,51;53,no,S1
HAESI138-004-givati-parking-lot,https://publications.iaa.org.il/ha-esi/vol138/iss1/4,HA-ESI,138,2026,article 4,"Jerusalem, Giv‘ati Parking Lot—2021–2022 (G-3/2021, G-1/2022)","Bocher, Efrat; Gadot, Yuval; Shalev, Yiftah; Bejarano, Oscar","G-3/2021, G-1/2022",22235–8/63130–4,,NIG,EPSG:2039,222350,631300,10,31.77437,35.23499,map ref,,jer_south_wall,0.232,jer_south_wall;jer_se_corner;jer_kidron_east;jer_tyropoeon;jer_temple;jer_siloam;jer_kidron_mon;jer_east_gate;mount_zion;jer_gethsemane;jer_bethesda;jer_bir_ayyub;jer_tombs_kings,jer_south_wall;jer_se_corner;jer_kidron_east;jer_tyropoeon;jer_temple;jer_siloam;jer_kidron_mon;jer_east_gate;mount_zion;jer_gethsemane;jer_bethesda;jer_bir_ayyub;jer_tombs_kings;jer_baqa;ramat_rahel,R_KIDRON;R_SILOAM_COD,cistern,1,Early Islamic (cuts the Byzantine floor),no,excavated,served as the western wall of a large cistern,,51;53,no,S1
HAESI138-004-givati-parking-lot,https://publications.iaa.org.il/ha-esi/vol138/iss1/4,HA-ESI,138,2026,article 4,"Jerusalem, Giv‘ati Parking Lot—2021–2022 (G-3/2021, G-1/2022)","Bocher, Efrat; Gadot, Yuval; Shalev, Yiftah; Bejarano, Oscar","G-3/2021, G-1/2022",22235–8/63130–4,,NIG,EPSG:2039,222350,631300,10,31.77437,35.23499,map ref,,jer_south_wall,0.232,jer_south_wall;jer_se_corner;jer_kidron_east;jer_tyropoeon;jer_temple;jer_siloam;jer_kidron_mon;jer_east_gate;mount_zion;jer_gethsemane;jer_bethesda;jer_bir_ayyub;jer_tombs_kings,jer_south_wall;jer_se_corner;jer_kidron_east;jer_tyropoeon;jer_temple;jer_siloam;jer_kidron_mon;jer_east_gate;mount_zion;jer_gethsemane;jer_bethesda;jer_bir_ayyub;jer_tombs_kings;jer_baqa;ramat_rahel,R_KIDRON;R_SILOAM_COD,rockcut_installation,2,Iron Age (by fill and by similarity),no,excavated,"On the tread of the second step, a rock-cut installation was found",R_SILOAM_COD,51;53,no,S1
HAESI138-004-givati-parking-lot,https://publications.iaa.org.il/ha-esi/vol138/iss1/4,HA-ESI,138,2026,article 4,"Jerusalem, Giv‘ati Parking Lot—2021–2022 (G-3/2021, G-1/2022)","Bocher, Efrat; Gadot, Yuval; Shalev, Yiftah; Bejarano, Oscar","G-3/2021, G-1/2022",22235–8/63130–4,,NIG,EPSG:2039,222350,631300,10,31.77437,35.23499,map ref,,jer_south_wall,0.232,jer_south_wall;jer_se_corner;jer_kidron_east;jer_tyropoeon;jer_temple;jer_siloam;jer_kidron_mon;jer_east_gate;mount_zion;jer_gethsemane;jer_bethesda;jer_bir_ayyub;jer_tombs_kings,jer_south_wall;jer_se_corner;jer_kidron_east;jer_tyropoeon;jer_temple;jer_siloam;jer_kidron_mon;jer_east_gate;mount_zion;jer_gethsemane;jer_bethesda;jer_bir_ayyub;jer_tombs_kings;jer_baqa;ramat_rahel,R_KIDRON;R_SILOAM_COD,wall_tower,2,moat quarried end of 9th-beginning of 8th c. BCE; broad walls of the Iron Age and Hellenistic periods,unknown,excavated,During the Iron Age and Hellenistic periods broad walls were built,,51;53,no,S1
HAESI138-005-mount-zion-dormition,https://publications.iaa.org.il/ha-esi/vol138/iss1/5,HA-ESI,138,2026,article 5,"Jerusalem, Mount Zion – 2021, 2022 (G-50/2021, G-43/2022)","Vieweger, Dieter; Soennecken, Katja; Zimni-Gitler, Jennifer; Chernin, Michael","G-50/2021, G-43/2022",221735–95/630940–65,,NIG,EPSG:2039,221735,630940,1,31.77113,35.22850,map ref,,mount_zion,0.061,mount_zion;jer_siloam;jer_bir_ayyub;jer_tyropoeon;jer_south_wall;jer_kidron_east;jer_se_corner;jer_temple;jer_east_gate;jer_kidron_mon;jer_bethesda;jer_gethsemane;jer_baqa;jer_tombs_kings,mount_zion;jer_siloam;jer_bir_ayyub;jer_tyropoeon;jer_south_wall;jer_kidron_east;jer_se_corner;jer_temple;jer_east_gate;jer_kidron_mon;jer_bethesda;jer_gethsemane;jer_baqa;jer_tombs_kings;ramat_rahel,R_KIDRON;R_SILOAM_COD,channel_aqueduct,4,late Byzantine or Umayyad,no,excavated and geophysical survey,a plastered and covered water channel running northeast–southwest,,4;11;15;19;60,no,S1
HAESI138-005-mount-zion-dormition,https://publications.iaa.org.il/ha-esi/vol138/iss1/5,HA-ESI,138,2026,article 5,"Jerusalem, Mount Zion – 2021, 2022 (G-50/2021, G-43/2022)","Vieweger, Dieter; Soennecken, Katja; Zimni-Gitler, Jennifer; Chernin, Michael","G-50/2021, G-43/2022",221735–95/630940–65,,NIG,EPSG:2039,221735,630940,1,31.77113,35.22850,map ref,,mount_zion,0.061,mount_zion;jer_siloam;jer_bir_ayyub;jer_tyropoeon;jer_south_wall;jer_kidron_east;jer_se_corner;jer_temple;jer_east_gate;jer_kidron_mon;jer_bethesda;jer_gethsemane;jer_baqa;jer_tombs_kings,mount_zion;jer_siloam;jer_bir_ayyub;jer_tyropoeon;jer_south_wall;jer_kidron_east;jer_se_corner;jer_temple;jer_east_gate;jer_kidron_mon;jer_bethesda;jer_gethsemane;jer_baqa;jer_tombs_kings;ramat_rahel,R_KIDRON;R_SILOAM_COD,cistern,1,Byzantine (coin of 583/4 CE in its fill),no,excavated and geophysical survey,A cistern exposed near the southern excavation baulk,,4;11;15;19;60,no,S1
HAESI138-005-mount-zion-dormition,https://publications.iaa.org.il/ha-esi/vol138/iss1/5,HA-ESI,138,2026,article 5,"Jerusalem, Mount Zion – 2021, 2022 (G-50/2021, G-43/2022)","Vieweger, Dieter; Soennecken, Katja; Zimni-Gitler, Jennifer; Chernin, Michael","G-50/2021, G-43/2022",221735–95/630940–65,,NIG,EPSG:2039,221735,630940,1,31.77113,35.22850,map ref,,mount_zion,0.061,mount_zion;jer_siloam;jer_bir_ayyub;jer_tyropoeon;jer_south_wall;jer_kidron_east;jer_se_corner;jer_temple;jer_east_gate;jer_kidron_mon;jer_bethesda;jer_gethsemane;jer_baqa;jer_tombs_kings,mount_zion;jer_siloam;jer_bir_ayyub;jer_tyropoeon;jer_south_wall;jer_kidron_east;jer_se_corner;jer_temple;jer_east_gate;jer_kidron_mon;jer_bethesda;jer_gethsemane;jer_baqa;jer_tombs_kings;ramat_rahel,R_KIDRON;R_SILOAM_COD,hoard_cache,1,"17 Byzantine coins, 512-607 CE",no,excavated and geophysical survey,A hoard of 17 coins was found next to the eastern wall,,4;11;15;19;60,no,S1
HAESI138-005-mount-zion-dormition,https://publications.iaa.org.il/ha-esi/vol138/iss1/5,HA-ESI,138,2026,article 5,"Jerusalem, Mount Zion – 2021, 2022 (G-50/2021, G-43/2022)","Vieweger, Dieter; Soennecken, Katja; Zimni-Gitler, Jennifer; Chernin, Michael","G-50/2021, G-43/2022",221735–95/630940–65,,NIG,EPSG:2039,221735,630940,1,31.77113,35.22850,map ref,,mount_zion,0.061,mount_zion;jer_siloam;jer_bir_ayyub;jer_tyropoeon;jer_south_wall;jer_kidron_east;jer_se_corner;jer_temple;jer_east_gate;jer_kidron_mon;jer_bethesda;jer_gethsemane;jer_baqa;jer_tombs_kings,mount_zion;jer_siloam;jer_bir_ayyub;jer_tyropoeon;jer_south_wall;jer_kidron_east;jer_se_corner;jer_temple;jer_east_gate;jer_kidron_mon;jer_bethesda;jer_gethsemane;jer_baqa;jer_tombs_kings;ramat_rahel,R_KIDRON;R_SILOAM_COD,rockcut_installation,,bedrock quarrying with Early Roman-period pottery,unknown,excavated and geophysical survey,The exposed bedrock in this area revealed quarrying activity and Early,,4;11;15;19;60,no,S1
HAESI138-005-mount-zion-dormition,https://publications.iaa.org.il/ha-esi/vol138/iss1/5,HA-ESI,138,2026,article 5,"Jerusalem, Mount Zion – 2021, 2022 (G-50/2021, G-43/2022)","Vieweger, Dieter; Soennecken, Katja; Zimni-Gitler, Jennifer; Chernin, Michael","G-50/2021, G-43/2022",221735–95/630940–65,,NIG,EPSG:2039,221735,630940,1,31.77113,35.22850,map ref,,mount_zion,0.061,mount_zion;jer_siloam;jer_bir_ayyub;jer_tyropoeon;jer_south_wall;jer_kidron_east;jer_se_corner;jer_temple;jer_east_gate;jer_kidron_mon;jer_bethesda;jer_gethsemane;jer_baqa;jer_tombs_kings,mount_zion;jer_siloam;jer_bir_ayyub;jer_tyropoeon;jer_south_wall;jer_kidron_east;jer_se_corner;jer_temple;jer_east_gate;jer_kidron_mon;jer_bethesda;jer_gethsemane;jer_baqa;jer_tombs_kings;ramat_rahel,R_KIDRON;R_SILOAM_COD,wall_tower,1,Middle Ages (massive wall 3.2 m wide),no,excavated and geophysical survey,a massive wall (3.2 m wide) running west to east,,4;11;15;19;60,no,S1
HAESI138-014-maale-amos-north,https://publications.iaa.org.il/ha-esi/vol138/iss1/14,HA-ESI,138,2026,article 14,Ma‘ale Amos (North) (06-03-2021),"Varoner, Oz",06-03-2021,612342/221662,,NIG,EPSG:2039,221662,612342,1,31.60340,35.22768,map ref (order corrected; see location_note),,natuf,4.613,,natuf,,rockcut_installation,4,not dated,unknown,excavated (salvage),four hewn cupmarks were identified,,,no,S3
HAESI138-014-maale-amos-north,https://publications.iaa.org.il/ha-esi/vol138/iss1/14,HA-ESI,138,2026,article 14,Ma‘ale Amos (North) (06-03-2021),"Varoner, Oz",06-03-2021,612342/221662,,NIG,EPSG:2039,221662,612342,1,31.60340,35.22768,map ref (order corrected; see location_note),,natuf,4.613,,natuf,,tomb_burial_cave,2,"cairn and dolmen-like structure, Intermediate Bronze Age by comparison",no,excavated (salvage),"The cairn comprised a burial chamber (L18), surrounded by a fill",,,no,S3
HAESI138-014-maale-amos-north,https://publications.iaa.org.il/ha-esi/vol138/iss1/14,HA-ESI,138,2026,article 14,Ma‘ale Amos (North) (06-03-2021),"Varoner, Oz",06-03-2021,612342/221662,,NIG,EPSG:2039,221662,612342,1,31.60340,35.22768,map ref (order corrected; see location_note),,natuf,4.613,,natuf,,wall_tower,2,field walls; agricultural remains possibly modern,unknown,excavated (salvage),"An east–west oriented field wall (length 2.5 m, width 0.5 m)",,,no,S3
HAESI138-016-nabi-samuel,https://publications.iaa.org.il/ha-esi/vol138/iss1/16,HA-ESI,138,2026,article 16,Nabi Samuel (21-03-2024),"Varoner, Oz",21-03-2024,217136/637780,,NIG,EPSG:2039,217136,637780,1,31.83281,35.17993,map ref,,tell_el_ful,4.954,,tell_el_ful,,wall_tower,2,"field wall undated; Jordanian battle trench (1948, 1967)",unknown,excavated (salvage),"an east–west field wall (W10; Fig. 4), built of hewn limestones",,,no,S3
HAESI138-018-nahal-refaim,https://publications.iaa.org.il/ha-esi/vol138/iss1/18,HA-ESI,138,2026,article 18,"Jerusalem, Naḥal Refa’im (A-8851)","Haklay, Gil; Milevski, Ianir",A-8851,217545/628373,,NIG,EPSG:2039,217545,628373,1,31.74798,35.18427,map ref,,ramat_rahel,3.401,,ramat_rahel;jer_baqa;mount_zion,,cave_with_finds,1,Early and Late Pottery Neolithic,no,excavated (trial),An active karstic cave (648 m asl) composed of a large hall,,,no,S1
HAESI138-033-noqedim,https://publications.iaa.org.il/ha-esi/vol138/iss1/33,HA-ESI,138,2026,article 33,Noqedim (17-03-2021),"Varoner, Oz",17-03-2021,223681/616979,,NIG,EPSG:2039,223681,616979,1,31.64522,35.24898,map ref,,natuf,1.286,natuf,natuf;tekoa_herodium,,channel_aqueduct,3,same water system (7th-6th c. BCE),no,excavated (salvage),"Two constructed feeding canals (W6, W7) lead to the sump",,38;40,no,S3
HAESI138-033-noqedim,https://publications.iaa.org.il/ha-esi/vol138/iss1/33,HA-ESI,138,2026,article 33,Noqedim (17-03-2021),"Varoner, Oz",17-03-2021,223681/616979,,NIG,EPSG:2039,223681,616979,1,31.64522,35.24898,map ref,,natuf,1.286,natuf,natuf;tekoa_herodium,,cistern,1,farmhouse water system of the 7th-early 6th c. BCE,no,excavated (salvage),was found an opening of a cistern (L11) with a stone trough,,38;40,no,S3
HAESI138-038-nahal-atarot,https://publications.iaa.org.il/ha-esi/vol138/iss1/38,HA-ESI,138,2026,article 38,"Naḥal ‘Aṭarot (A-9154, A-9243)","Gellman, David; Ben Ayoun, Danny; Weingarten, Yoav","A-9154, A-9243",220575–939/636047–462,,NIG,EPSG:2039,220575,636047,1,31.81719,35.21626,map ref,,tell_el_ful,1.576,tell_el_ful,tell_el_ful;jer_tombs_kings;jer_bethesda;jer_east_gate;jer_temple;jer_gethsemane;jer_tyropoeon;jer_se_corner;jer_kidron_mon;jer_south_wall,,cave_with_finds,1,a few washed-in undatable sherds and raw flint,unknown,excavated (salvage and trial),"a few washed-in, undatable pottery sherds, and a few raw flint",,43,no,S3
HAESI138-038-nahal-atarot,https://publications.iaa.org.il/ha-esi/vol138/iss1/38,HA-ESI,138,2026,article 38,"Naḥal ‘Aṭarot (A-9154, A-9243)","Gellman, David; Ben Ayoun, Danny; Weingarten, Yoav","A-9154, A-9243",220575–939/636047–462,,NIG,EPSG:2039,220575,636047,1,31.81719,35.21626,map ref,,tell_el_ful,1.576,tell_el_ful,tell_el_ful;jer_tombs_kings;jer_bethesda;jer_east_gate;jer_temple;jer_gethsemane;jer_tyropoeon;jer_se_corner;jer_kidron_mon;jer_south_wall,,wall_tower,3,field walls of Iron Age II or other periods,unknown,excavated (salvage and trial),two parallel field walls found about 5 m apart,,43,no,S3
HAESI138-043-shemuel-ha-navi,https://publications.iaa.org.il/ha-esi/vol138/iss1/43,HA-ESI,138,2026,article 43,"Jerusalem, Shemu’el Ha-Navi Street (A-9394)","Novoselsky, Irina",A-9394,220939–70/633627–67,,NIG,EPSG:2039,220939,633627,1,31.79536,35.22010,map ref,,jer_tombs_kings,1.148,jer_tombs_kings,jer_tombs_kings;jer_bethesda;jer_temple;jer_east_gate;jer_tyropoeon;jer_gethsemane;jer_se_corner;jer_south_wall;jer_kidron_mon;mount_zion;jer_kidron_east;jer_siloam;tell_el_ful;jer_bir_ayyub;jer_baqa,,rockcut_installation,1,quarry probably active in the Late Second Temple period (1st c. BCE-1st c. CE pottery),yes,excavated (salvage),"exposed the remains of an ancient quarry (L2, L3; Fig. 2)",,27,no,S1
HAESI138-053-nahal-sanhedrin,https://publications.iaa.org.il/ha-esi/vol138/iss1/53,HA-ESI,138,2026,article 53,"Jerusalem, Naḥal Sanhedrin (A-9101, A-9315)","Hagbi, Moran; Chalaf, Ortal","A-9101, A-9315",220349–470/634145–235,,NIG,EPSG:2039,220349,634145,1,31.80003,35.21387,map ref,,jer_tombs_kings,1.933,jer_tombs_kings,jer_tombs_kings;jer_bethesda;tell_el_ful;jer_temple;jer_east_gate;jer_tyropoeon;jer_gethsemane;jer_se_corner;jer_south_wall;mount_zion;jer_kidron_mon;jer_kidron_east;jer_siloam;jer_bir_ayyub;jer_baqa,,rockcut_installation,1,giant quarry probably active in the 1st and 20th c. CE,yes,excavated (salvage),quarry that was probably active during the first and twentieth centuries CE,,27,no,S1
HAESI138-057-western-wall-plaza,https://publications.iaa.org.il/ha-esi/vol138/iss1/57,HA-ESI,138,2026,article 57,"Jerusalem, Western Wall Plaza (A-9317, A-9796)","Weksler-Bdolah, Shlomit; Chocron, Matan","A-9317, A-9796",222191–209/631504–553,,NIG,EPSG:2039,222191,631504,1,31.77621,35.23331,map ref,,jer_tyropoeon,0.120,jer_tyropoeon;jer_temple;jer_south_wall;jer_se_corner;jer_east_gate;jer_kidron_east;jer_kidron_mon;jer_bethesda;mount_zion;jer_gethsemane;jer_siloam;jer_bir_ayyub;jer_tombs_kings,jer_tyropoeon;jer_temple;jer_south_wall;jer_se_corner;jer_east_gate;jer_kidron_east;jer_kidron_mon;jer_bethesda;mount_zion;jer_gethsemane;jer_siloam;jer_bir_ayyub;jer_tombs_kings;jer_baqa;ramat_rahel,R_KIDRON;R_SILOAM_COD,channel_aqueduct,1,Low-Level Aqueduct of the Second Temple period (recorded earlier at the top of the cliff; cited here),yes,excavated (salvage),"The Low-Level Aqueduct of the Second Temple period, which was hewn","Temple Mount area; mentioned, not newly exposed",6,no,S1
HAESI138-057-western-wall-plaza,https://publications.iaa.org.il/ha-esi/vol138/iss1/57,HA-ESI,138,2026,article 57,"Jerusalem, Western Wall Plaza (A-9317, A-9796)","Weksler-Bdolah, Shlomit; Chocron, Matan","A-9317, A-9796",222191–209/631504–553,,NIG,EPSG:2039,222191,631504,1,31.77621,35.23331,map ref,,jer_tyropoeon,0.120,jer_tyropoeon;jer_temple;jer_south_wall;jer_se_corner;jer_east_gate;jer_kidron_east;jer_kidron_mon;jer_bethesda;mount_zion;jer_gethsemane;jer_siloam;jer_bir_ayyub;jer_tombs_kings,jer_tyropoeon;jer_temple;jer_south_wall;jer_se_corner;jer_east_gate;jer_kidron_east;jer_kidron_mon;jer_bethesda;mount_zion;jer_gethsemane;jer_siloam;jer_bir_ayyub;jer_tombs_kings;jer_baqa;ramat_rahel,R_KIDRON;R_SILOAM_COD,cistern,2,vaulted reservoir from the Roman period at the earliest; Mamluk-Ottoman cistern shaft,unknown,excavated (salvage),it was plastered and served as a water reservoir,,6,no,S1
HAESI138-057-western-wall-plaza,https://publications.iaa.org.il/ha-esi/vol138/iss1/57,HA-ESI,138,2026,article 57,"Jerusalem, Western Wall Plaza (A-9317, A-9796)","Weksler-Bdolah, Shlomit; Chocron, Matan","A-9317, A-9796",222191–209/631504–553,,NIG,EPSG:2039,222191,631504,1,31.77621,35.23331,map ref,,jer_tyropoeon,0.120,jer_tyropoeon;jer_temple;jer_south_wall;jer_se_corner;jer_east_gate;jer_kidron_east;jer_kidron_mon;jer_bethesda;mount_zion;jer_gethsemane;jer_siloam;jer_bir_ayyub;jer_tombs_kings,jer_tyropoeon;jer_temple;jer_south_wall;jer_se_corner;jer_east_gate;jer_kidron_east;jer_kidron_mon;jer_bethesda;mount_zion;jer_gethsemane;jer_siloam;jer_bir_ayyub;jer_tombs_kings;jer_baqa;ramat_rahel,R_KIDRON;R_SILOAM_COD,hoard_cache,2,18 silver coins of the 13th-14th c.; three Mamluk gold coins (15th c.),no,excavated (salvage),a rare hoard of 18 silver coins from the thirteenth–fourteenth centuries CE,,6,no,S1
HAESI138-057-western-wall-plaza,https://publications.iaa.org.il/ha-esi/vol138/iss1/57,HA-ESI,138,2026,article 57,"Jerusalem, Western Wall Plaza (A-9317, A-9796)","Weksler-Bdolah, Shlomit; Chocron, Matan","A-9317, A-9796",222191–209/631504–553,,NIG,EPSG:2039,222191,631504,1,31.77621,35.23331,map ref,,jer_tyropoeon,0.120,jer_tyropoeon;jer_temple;jer_south_wall;jer_se_corner;jer_east_gate;jer_kidron_east;jer_kidron_mon;jer_bethesda;mount_zion;jer_gethsemane;jer_siloam;jer_bir_ayyub;jer_tombs_kings,jer_tyropoeon;jer_temple;jer_south_wall;jer_se_corner;jer_east_gate;jer_kidron_east;jer_kidron_mon;jer_bethesda;mount_zion;jer_gethsemane;jer_siloam;jer_bir_ayyub;jer_tombs_kings;jer_baqa;ramat_rahel,R_KIDRON;R_SILOAM_COD,rockcut_installation,3,"hewn cliff apparently Roman (cardo preparation, 2nd c. CE); two hewn installations of undetermined date",unknown,excavated (salvage),The vertical cliff on the western boundary of the excavation area,,6,no,S1
HAESI138-058-mount-zion-davids-tomb,https://publications.iaa.org.il/ha-esi/vol138/iss1/58,HA-ESI,138,2026,article 58,"Jerusalem, Mount Ẓion (A-6639, A-6859)","Re’em, Amit; Forestani, Renee; Sandhaus, Debora","A-6639, A-6859",22179/63098,,NIG,EPSG:2039,221790,630980,10,31.77149,35.22908,map ref,,mount_zion,0.048,mount_zion;jer_siloam;jer_tyropoeon;jer_bir_ayyub;jer_south_wall;jer_kidron_east;jer_se_corner;jer_temple;jer_east_gate;jer_kidron_mon;jer_bethesda;jer_gethsemane;jer_baqa;jer_tombs_kings,mount_zion;jer_siloam;jer_tyropoeon;jer_bir_ayyub;jer_south_wall;jer_kidron_east;jer_se_corner;jer_temple;jer_east_gate;jer_kidron_mon;jer_bethesda;jer_gethsemane;jer_baqa;jer_tombs_kings;ramat_rahel,R_KIDRON;R_SILOAM_COD,channel_aqueduct,1,Ottoman stratum (installation fill with 7th-10th c. pottery),no,excavated (trial),a water channel covered with small stone slabs (L213; see Fig. 20),,4;11;15;19;60,no,S1
HAESI138-058-mount-zion-davids-tomb,https://publications.iaa.org.il/ha-esi/vol138/iss1/58,HA-ESI,138,2026,article 58,"Jerusalem, Mount Ẓion (A-6639, A-6859)","Re’em, Amit; Forestani, Renee; Sandhaus, Debora","A-6639, A-6859",22179/63098,,NIG,EPSG:2039,221790,630980,10,31.77149,35.22908,map ref,,mount_zion,0.048,mount_zion;jer_siloam;jer_tyropoeon;jer_bir_ayyub;jer_south_wall;jer_kidron_east;jer_se_corner;jer_temple;jer_east_gate;jer_kidron_mon;jer_bethesda;jer_gethsemane;jer_baqa;jer_tombs_kings,mount_zion;jer_siloam;jer_tyropoeon;jer_bir_ayyub;jer_south_wall;jer_kidron_east;jer_se_corner;jer_temple;jer_east_gate;jer_kidron_mon;jer_bethesda;jer_gethsemane;jer_baqa;jer_tombs_kings;ramat_rahel,R_KIDRON;R_SILOAM_COD,cistern,2,not dated,unknown,excavated (trial),"South of the building, two cisterns (E, F) were identified",,4;11;15;19;60,no,S1
HAESI138-066-horbat-qastra-south,https://publications.iaa.org.il/ha-esi/vol138/iss1/66,HA-ESI,138,2026,article 66,Ḥorbat Qasṭra (South) (A-9554),"Gabay, Amit",A-9554,197672–7/743562–70,,NIG,EPSG:2039,197672,743562,1,32.78651,34.97190,map ref,,carmel_siah,1.638,carmel_siah,carmel_siah,,rockcut_installation,6,hewn vat (probably a winepress) and cupmarks; Byzantine suggested by comparison,no,excavated (salvage),A poorly preserved square installation hewn into bedrock,Carmel (Wadi ‘Ein es-Siaḥ) Koḥlit proposal at 1.6 km,4;11;15;19;60,no,S3
