headword,index_item,year,page,status,hit_seqs,find_ids,index_entry_ocr
ain_duk,1869-1892_index,1874,86,hit_adjacent_page,H0053;H0054;H0793,,"Ain ed Dik, tomb with sarcophagus and sculptured bed at,"
bethesda,1869-1892_index,1869-70,117,coded_find,H0010;H0729;H0730;H1779;H1780;H1781,F0117,"Birket Israil, the, 1869-70, 117, 340, 344; discovery and exploration"
bethesda,1869-1892_index,1869-70,331,hit_dropped,H0739;H1785,,"Bethesda, the Pool of, 1869-70, 331; 1888, 115-24; 1889, 115,160;"
bethesda,1869-1892_index,1869-70,340,coded_find,H0740;H0741;H0742;H1786;H1787;H1788,F0228,"Birket Israil, the, 1869-70, 117, 340, 344; discovery and exploration"
bethesda,1869-1892_index,1869-70,344,coded_find,H0745;H0746;H0747;H0748;H0749;H1789;H1790;H1791,F0229,"Birket Israil, the, 1869-70, 117, 340, 344; discovery and exploration"
bethesda,1869-1892_index,1872,116,hit_adjacent_page,H0770,,"Bethesda, the Pool of, 1869-70, 331; 1888, 115-24; 1889, 115,160;"
bethesda,1869-1892_index,1888,115,coded_find,,F0277,"Bethesda, the Pool of, 1869-70, 331; 1888, 115-24; 1889, 115,160;"
bethesda,1869-1892_index,1888,116,hit_adjacent_page,H2007,,"Bethesda, the Pool of, 1869-70, 331; 1888, 115-24; 1889, 115,160;"
bethesda,1869-1892_index,1888,117,hit_other,H2007,,"Bethesda, the Pool of, 1869-70, 331; 1888, 115-24; 1889, 115,160;"
bethesda,1869-1892_index,1888,127,no_hit,,,"Bethesda, 1888, 127, 1382; and the Birket Israel, 1888, 128;"
bethesda,1869-1892_index,1888,128,no_hit,,,"Bethesda, 1888, 127, 1382; and the Birket Israel, 1888, 128;"
bethesda,1869-1892_index,1888,259,hit_dropped,H1043,,"Bethesda, the Pool of, 1869-70, 331; 1888, 115-24; 1889, 115,160;"
bethesda,1869-1892_index,1889,115,hit_dropped,H0258;H0259;H2025,,"Bethesda, the Pool of, 1869-70, 331; 1888, 115-24; 1889, 115,160;"
bethesda,1869-1892_index,1889,160,hit_adjacent_page,H1058;H1059,,"Bethesda, the Pool of, 1869-70, 331; 1888, 115-24; 1889, 115,160;"
bethesda,1869-1892_index,1890,18,coded_find,H1079;H2034,F0248,"Bethesda, the Pool of, 1869-70, 331; 1888, 115-24; 1889, 115,160;"
bethesda,1869-1892_index,1890,19,hit_adjacent_page,H1079;H2034,,"Bethesda, the Pool of, 1869-70, 331; 1888, 115-24; 1889, 115,160;"
bethesda,1869-1892_index,1891,200,hit_dropped,H1113;H2057;H2058,,"Bethesda, the Pool of, 1869-70, 331; 1888, 115-24; 1889, 115,160;"
bethesda,1893-1910_index,1895,109,hit_adjacent_page,H2123,,"Bethesda, 1901, 163; 1905, 162; Birket Mamilla, 1896, 226 ;"
bethesda,1893-1910_index,1895,308,no_hit,,,"Bethesda, 1901, 163; 1905, 162; Birket Mamilla, 1896, 226 ;"
bethesda,1893-1910_index,1896,114,no_hit,,,"Bethesda, 1901, 163; 1905, 162; Birket Mamilla, 1896, 226 ;"
bethesda,1893-1910_index,1896,201,no_hit,,,"Bethesda, 1901, 163; 1905, 162; Birket Mamilla, 1896, 226 ;"
bethesda,1893-1910_index,1896,226,no_hit,,,"Bethesda, 1901, 163; 1905, 162; Birket Mamilla, 1896, 226 ;"
bethesda,1893-1910_index,1897,107,no_hit,,,"Bethesda, 1901, 163; 1905, 162; Birket Mamilla, 1896, 226 ;"
bethesda,1893-1910_index,1898,224,no_hit,,,"Bethesda, 1901, 163; 1905, 162; Birket Mamilla, 1896, 226 ;"
bethesda,1893-1910_index,1901,163,coded_find,H2208,F0268,"Bethesda, 1901, 163; 1905, 162; Birket Mamilla, 1896, 226 ;"
bethesda,1893-1910_index,1902,5,no_hit,,,"Bethesda, 1901, 163; 1905, 162; Birket Mamilla, 1896, 226 ;"
bethesda,1893-1910_index,1902,55,no_hit,,,"Bethesda, 1901, 163; 1905, 162; Birket Mamilla, 1896, 226 ;"
bethesda,1893-1910_index,1905,162,hit_dropped,H0533;H0534;H2241,,"Bethesda, 1901, 163; 1905, 162; Birket Mamilla, 1896, 226 ;"
feshkha,1893-1910_index,1904,93,no_hit,,,"Feshkhah, 1904, 93, 167, 280."
feshkha,1893-1910_index,1904,167,no_hit,,,"Feshkhah, 1904, 93, 167, 280."
feshkha,1893-1910_index,1904,280,no_hit,,,"Feshkhah, 1904, 93, 167, 280."
gerizim,1869-1892_index,1873,67,hit_adjacent_page,H0780,,"Gerizim, Mount, description of, 1873, 67; ruinsat. 68; Samaritan account"
gerizim,1869-1892_index,1876,190,no_hit,,,"Gerizim, Mount, description of, 1873, 67; ruinsat. 68; Samaritan account"
gerizim,1869-1892_index,1879,20,no_hit,,,"Gerizim, traditions of, 1879, 20; marble pedestal with imscrip- tions"
gerizim,1869-1892_index,1879,88,hit_dropped,H0158;H0159,,"Gerizim, tradition of, 1882, 221; the valley of, the scene"
gerizim,1869-1892_index,1882,3,hit_adjacent_page,H0922;H0923;H0924;H1937,,"Gerizim, Colonel Wilson on, 1882, 3."
gerizim,1869-1892_index,1882,221,coded_find,H0206;H0207,F0042,"Gerizim, tradition of, 1882, 221; the valley of, the scene"
gerizim,1869-1892_index,1884,187,coded_find,H0230;H0231,F0043,"Gerizim, traditions of, 1879, 20; marble pedestal with imscrip- tions"
gerizim,1893-1910_index,1896,85,no_hit,,,"Gerizim, 1896, 85."
jericho,1869-1892_index,1869-70,209,hit_dropped,H0011,,"Jericho, mounds at, 1869-70, 209 ; the site of, and"
jericho,1869-1892_index,1874,38,coded_find,H0039;H0040;H0041,F0008,"Jericho, mounds at, 1869-70, 209 ; the site of, and"
jericho,1869-1892_index,1874,72,coded_find,H0048;H0049;H0050;H0051,F0012,"Jericho, 1874, 72."
jericho,1869-1892_index,1874,85,coded_find,H0053;H0793,F0018;F0019;F0020,"Jericho, fragments of sculpture from, 1874, 85, 87."
jericho,1869-1892_index,1874,87,coded_find,H0054;H0055;H0056;H0057,F0021,"Jericho, tra- ditions relating to, 1874, 87; the Book of,"
jericho,1869-1892_index,1875,27,no_hit,,,"Jericho, 45; of the Beer- sheba plains, 1875, 27."
jericho,1869-1892_index,1875,128,no_hit,,,"Jericho, tra- ditions relating to, 1874, 87; the Book of,"
jericho,1869-1892_index,1883,135,no_hit,,,"Jericho, 1883, 135."
jericho,1869-1892_index,1884,5,no_hit,,,"Jericho, Nora on, 1484, 179, Road to the Tih Plateau,"
jericho,1869-1892_index,1885,179,no_hit,,,"Jericho to Jerusalem, road from, 1885, 179."
jericho,1869-1892_index,1885,181,no_hit,,,"Jericho and Nablus, slabs and remains found on a short"
jericho,1869-1892_index,1885,260,no_hit,,,"Jericho, 1885, 260."
jericho,1869-1892_index,1885,283,no_hit,,,"Jericho and the Northern Ghér, 1885, 283."
jericho,1869-1892_index,1888,34,hit_adjacent_page,H1036;H2002,,"Jericho), 1888, 34."
jericho,1869-1892_index,1889,1,coded_find,H0257;H1047,F0051;F0169,"Jericho, 1889, 1."
jericho,1869-1892_index,1891,161,no_hit,,,"Jericho and opposite Tell Damieh, 1891, 161."
jericho,1893-1910_index,1894,175,hit_other,H0369;H1265,,"Jericho, Plain of, Notes on, 1894, 175 ; Herodian Ruins"
jericho,1893-1910_index,1895,89,coded_find,H0383;H0384;H0385;H1288;H1289,F0067;F0068,"Jericho and Jordan, 1895, 89; Jerusalem to Nablus, 1901, 2."
jericho,1893-1910_index,1897,168,no_hit,,,"Jericho, Hotel at, Open, 1897, 168."
jericho,1893-1910_index,1899,127,coded_find,H0442;H0443,F0071,"Jericho, Plain of, Notes on, 1894, 175 ; Herodian Ruins"
jericho,1893-1910_index,1900,63,hit_adjacent_page,H0457;H0458,,"Jericho, 1900, 63."
jericho,1893-1910_index,1901,2,no_hit,,,"Jericho and Jordan, 1895, 89; Jerusalem to Nablus, 1901, 2."
jericho,1893-1910_index,1901,100,no_hit,,,"Jericho, 1901, 100."
jericho,1893-1910_index,1906,88,no_hit,,,"Jericho, 245, German Research in Palestine, 1906, 88, 92, 235,"
jericho,1893-1910_index,1906,92,hit_adjacent_page,H2249,,"Jericho, 245, German Research in Palestine, 1906, 88, 92, 235,"
jericho,1893-1910_index,1906,235,no_hit,,,"Jericho, 245, German Research in Palestine, 1906, 88, 92, 235,"
jericho,1893-1910_index,1907,245,coded_find,H0568,F0085,"Jericho, Plain of, Notes on, 1894, 175 ; Herodian Ruins"
jericho,1893-1910_index,1909,79,hit_adjacent_page,H0593,,"Jericho, Plain of, Notes on, 1894, 175 ; Herodian Ruins"
jericho,1893-1910_index,1910,54,no_hit,,,"Jericho, Plain of, Notes on, 1894, 175 ; Herodian Ruins"
jericho,1893-1910_index,1910,234,no_hit,,,"Jericho, Plain of, Notes on, 1894, 175 ; Herodian Ruins"
mefjir_nuweimeh,1893-1910_index,1894,178,hit_adjacent_page,H0370;H0371;H2113;H2114,,"Mefjir, 1894, 178."
quarantania,1869-1892_index,1872,59,no_hit,,,"Quarantania, the ruins at the foot of, 1872, 59."
quarantania,1869-1892_index,1875,179,hit_dropped,H1834,,"Quarantania Mountain, fortress in the, 1875, 179."
quarantania,1869-1892_index,1882,264,no_hit,,,"Quarantania, 161, High place at Gibeon, the, 1882, 264."
qumran,1869-1892_index,1874,83,coded_find,H1820,F0234,"Gomran, the tombs of, remarks on, 1874, 83; excavation of,"
qumran,1893-1910_index,1903,265,no_hit,,,"Kumran, 1903, 265."
siloam,1869-1892_index,1869-70,89,hit_dropped,H0725,,"Siloam, the Pool of, water-duct and tank at, 1869-70, 89"
siloam,1869-1892_index,1872,116,hit_adjacent_page,H0770,,"Siloam, 1872, 116, 170; identifies En-Rogel with the Fountain of"
siloam,1869-1892_index,1872,170,coded_find,H0775;H0776;H0777;H0778,F0125;F0126,"Siloam, inscriptions and tombs at, 1872, 170, 171; cave dwellers"
siloam,1869-1892_index,1872,171,hit_dropped,H0775;H0776;H0777;H0778,,"Siloam, inscriptions and tombs at, 1872, 170, 171; cave dwellers"
siloam,1869-1892_index,1874,67,hit_adjacent_page,H0792,,"Siloam, 170; over door of white tower at Ramleh, the"
siloam,1869-1892_index,1874,141,no_hit,,,"Silwan, 1874, 141."
siloam,1869-1892_index,1877,202,hit_dropped,H1855;H1856;H1857,,"Siloam, pool that was made, the, 1890, 204; note on,"
siloam,1869-1892_index,1878,187,no_hit,,,"Siloah, the Pool of, on the proposed identification with the"
siloam,1869-1892_index,1879,120,no_hit,,,"Siloam), 1888, 34 ?Ain Suweinit produces but a small quantity"
siloam,1869-1892_index,1879,178,no_hit,,,"Siloah, the Pool of, on the proposed identification with the"
siloam,1869-1892_index,1879,189,no_hit,,,"Siloam, 1879, 189; the waters of, 1884, 75; 1885, 60;"
siloam,1869-1892_index,1880,238,coded_find,H0864;H0865;H1923,F0149,"Siloam, the Pool of, water-duct and tank at, 1869-70, 89"
siloam,1869-1892_index,1881,69,hit_dropped,H0869;H0870,,"Siloam, the Pool of, water-duct and tank at, 1869-70, 89"
siloam,1869-1892_index,1881,114,no_hit,,,"Siloam, the Pool of, water-duct and tank at, 1869-70, 89"
siloam,1869-1892_index,1881,197,hit_dropped,H0185;H0186;H0892;H0893,,"Siloam, 1881, 197."
siloam,1869-1892_index,1882,62,hit_dropped,H0932;H0933;H0934,,"Siloam Inscription, the, 1882, 62, 63; 1883, 170, 210; 1884,"
siloam,1869-1892_index,1882,63,hit_dropped,H0932;H0933;H0934;H1942,,"Siloam Inscription, the, 1882, 62, 63; 1883, 170, 210; 1884,"
siloam,1869-1892_index,1882,122,hit_dropped,H0936,,"Siloam in- scription, the); length of, 1882, 127, 178; measurement"
siloam,1869-1892_index,1882,123,hit_adjacent_page,H0936,,"Siloam in- scription, the); length of, 1882, 127, 178; measurement"
siloam,1869-1892_index,1882,124,hit_adjacent_page,H0937,,"Siloam in- scription, the); length of, 1882, 127, 178; measurement"
siloam,1869-1892_index,1882,127,hit_dropped,H0938;H0939,,"Siloam in- scription, the); length of, 1882, 127, 178; measurement"
siloam,1869-1892_index,1882,178,hit_adjacent_page,H0946;H0947,,"Siloam in- scription, the); length of, 1882, 127, 178; measurement"
siloam,1869-1892_index,1882,180,hit_dropped,H0946;H0947;H0948,,"Siloam in- scription, the); length of, 1882, 127, 178; measurement"
siloam,1869-1892_index,1882,181,hit_adjacent_page,H0948,,"Siloam in- scription, the); length of, 1882, 127, 178; measurement"
siloam,1869-1892_index,1882,183,no_hit,,,"Siloam Tunnel, the, 1882, 183; Mr."
siloam,1869-1892_index,1883,48,no_hit,,,"Siloah, anecdote of a fellah in, 1883, 48."
siloam,1869-1892_index,1883,105,hit_adjacent_page,H0957,,"Siloam and the Pools, 1883, 105 ; note _ on,"
siloam,1869-1892_index,1883,155,hit_dropped,H1964;H1965;H1966,,"Siloah, the Pool of, on the proposed identification with the"
siloam,1869-1892_index,1883,170,hit_dropped,H0961;H0962;H0963,,"Siloam Inscription, the, 1882, 62, 63; 1883, 170, 210; 1884,"
siloam,1869-1892_index,1883,189,no_hit,,,"Siloam and the Pools, 1883, 105 ; note _ on,"
siloam,1869-1892_index,1883,210,hit_dropped,H0970;H0971;H0972,,"Siloam Inscription, the, 1882, 62, 63; 1883, 170, 210; 1884,"
siloam,1869-1892_index,1884,75,hit_dropped,H1972,,"Siloam, 1879, 189; the waters of, 1884, 75; 1885, 60;"
siloam,1869-1892_index,1884,255,hit_dropped,H1002;H1003,,"Siloam Inscription, the, 1882, 62, 63; 1883, 170, 210; 1884,"
siloam,1869-1892_index,1884,755,no_hit,,,"Siloam, 1879, 189; the waters of, 1884, 75; 1885, 60;"
siloam,1869-1892_index,1885,60,hit_dropped,H1010,,"Siloam, 1879, 189; the waters of, 1884, 75; 1885, 60;"
siloam,1869-1892_index,1886,88,coded_find,H1984,F0242,"Siloam, the aqueducts at, 1886, 88-91; discovery of a second"
siloam,1869-1892_index,1886,91,coded_find,H1015;H1016;H1017;H1985,F0167,"Siloam, the, 1886, 91, 92, 197."
siloam,1869-1892_index,1886,92,hit_adjacent_page,H1016;H1017;H1985,,"Siloam, the, 1886, 91, 92, 197."
siloam,1869-1892_index,1886,197,no_hit,,,"Siloam, the, 1886, 91, 92, 197."
siloam,1869-1892_index,1887,104,hit_adjacent_page,H1990,,"Siloam, the aqueducts at, 1886, 88-91; discovery of a second"
siloam,1869-1892_index,1887,112,coded_find,H1992,F0245,"Siloam, inscriptions and tombs at, 1872, 170, 171; cave dwellers"
siloam,1869-1892_index,1887,195,hit_dropped,H1998,,"Siloam, inscriptions and tombs at, 1872, 170, 171; cave dwellers"
siloam,1869-1892_index,1888,34,hit_adjacent_page,H1036;H2002,,"Siloam), 1888, 34 ?Ain Suweinit produces but a small quantity"
siloam,1869-1892_index,1889,35,no_hit,,,"Siloam, 1879, 189; the waters of, 1884, 75; 1885, 60;"
siloam,1869-1892_index,1890,23,no_hit,,,"Siloah spring at Jerusalem, 1890, 23."
siloam,1869-1892_index,1890,125,no_hit,,,"Siloah, the Pool of, on the proposed identification with the"
siloam,1869-1892_index,1890,204,hit_dropped,H1097;H1098;H2041;H2042,,"Siloam, pool that was made, the, 1890, 204; note on,"
siloam,1869-1892_index,1890,208,hit_dropped,H1099;H1100;H1101;H1102;H2044,,"Siloam Inscription, the, 1882, 62, 63; 1883, 170, 210; 1884,"
siloam,1869-1892_index,1890,257,coded_find,H1105;H1106;H2049,F0176,"Siloah, 1890, 257."
siloam,1869-1892_index,1891,2,hit_dropped,H1107;H1108,,"Siloam Inscription, the, 1882, 62, 63; 1883, 170, 210; 1884,"
siloam,1869-1892_index,1891,88,hit_dropped,H1110;H1111;H2054;H2055;H2056,,"Siloam Inscription, the, 1882, 62, 63; 1883, 170, 210; 1884,"
siloam,1869-1892_index,1891,199,hit_dropped,H1113;H2057;H2058,,"Siloam Inscription, the, 1882, 62, 63; 1883, 170, 210; 1884,"
siloam,1869-1892_index,1891,265,hit_dropped,H1115;H1116,,"Siloam Inscription, the, 1882, 62, 63; 1883, 170, 210; 1884,"
siloam,1869-1892_index,1892,197,coded_find,H1129;H1130,F0178,"Silwan, 1892, 197."
siloam,1893-1910_index,1893,23,hit_dropped,H0290;H1168,,"Siloam, 1896, 298; Wall at Pocl of Siloam, crossing Valley,"
siloam,1893-1910_index,1893,139,hit_adjacent_page,H1145;H1146,,"Siloam, 1897, 22; in Church of Notre Dame de Spasme,"
siloam,1893-1910_index,1893,191,no_hit,,,"Siloam, 1896, 298; Wall at Pocl of Siloam, crossing Valley,"
siloam,1893-1910_index,1894,257,no_hit,,,"Siloam, 1897, 22; in Church of Notre Dame de Spasme,"
siloam,1893-1910_index,1894,269,hit_dropped,H1267;H1268;H1269,,"Siloam and later Pules- tinian Inscriptions, Textual Criticism, 1894, 269."
siloam,1893-1910_index,1895,1,hit_adjacent_page,H1284;H1285,,"Siloam, 1897, 22; in Church of Notre Dame de Spasme,"
siloam,1893-1910_index,1895,32,no_hit,,,"Siloam, 1897, 22; in Church of Notre Dame de Spasme,"
siloam,1893-1910_index,1895,34,no_hit,,,"Siloam, 1897, 22; in Church of Notre Dame de Spasme,"
siloam,1893-1910_index,1895,80,no_hit,,,"Siloam, 1897, 22; in Church of Notre Dame de Spasme,"
siloam,1893-1910_index,1895,109,hit_adjacent_page,H2123,,"Siloam, see Siloam; West of City, 1895, 109; at Western"
siloam,1893-1910_index,1895,322,no_hit,,,"Siloam, Ancient Drain, 1904, 186; Aqueduct, 1898, 161, 250; 1902,"
siloam,1893-1910_index,1895,811,no_hit,,,"Siloam, 1896, 298; Wall at Pocl of Siloam, crossing Valley,"
siloam,1893-1910_index,1895,813,no_hit,,,"Siloam, 1896, 298; Wall at Pocl of Siloam, crossing Valley,"
siloam,1893-1910_index,1896,18,no_hit,,,"Siloam, 1897, 22; in Church of Notre Dame de Spasme,"
siloam,1893-1910_index,1896,82,no_hit,,,"Siloam, 1896, 298; Wall at Pocl of Siloam, crossing Valley,"
siloam,1893-1910_index,1896,109,hit_adjacent_page,H2130,,"Siloam, see Siloam; West of City, 1895, 109; at Western"
siloam,1893-1910_index,1896,110,hit_dropped,H2130,,"Siloam, 1904, 186; on Western Hill, 1896, 110."
siloam,1893-1910_index,1896,173,hit_dropped,H2132,,"Siloam, see Siloam; West of City, 1895, 109; at Western"
siloam,1893-1910_index,1896,210,no_hit,,,"Siloam, crossing Valley, 1895, 811, 813; Wall, Second, Extracts from"
siloam,1893-1910_index,1896,298,no_hit,,,"Siloam, 1896, 298; Wall at Pocl of Siloam, crossing Valley,"
siloam,1893-1910_index,1897,2,hit_dropped,H2149;H2150;H2151,,"Siloam, Ancient Drain, 1904, 186; Aqueduct, 1898, 161, 250; 1902,"
siloam,1893-1910_index,1897,11,no_hit,,,"Siloam, 1897, 11, 17,. 26, 109."
siloam,1893-1910_index,1897,17,no_hit,,,"Siloam, 1897, 11, 17,. 26, 109."
siloam,1893-1910_index,1897,22,no_hit,,,"Siloam, 1897, 22; in Church of Notre Dame de Spasme,"
siloam,1893-1910_index,1897,61,hit_adjacent_page,H1354,,"Siloam, 1896, 298; Wall at Pocl of Siloam, crossing Valley,"
siloam,1893-1910_index,1897,98,no_hit,,,"Siloam, Ancient Drain, 1904, 186; Aqueduct, 1898, 161, 250; 1902,"
siloam,1893-1910_index,1897,204,hit_dropped,H0426;H1359,,"Siloam, Inscript on, date of, 1897, 204, 306 ; 1898,"
siloam,1893-1910_index,1897,293,no_hit,,,"Siloam, 1897, 22; in Church of Notre Dame de Spasme,"
siloam,1893-1910_index,1897,306,hit_dropped,H1372;H1373,,"Siloam, Inscript on, date of, 1897, 204, 306 ; 1898,"
siloam,1893-1910_index,1898,56,hit_dropped,H1389;H1390,,"Siloam, Inscript on, date of, 1897, 204, 306 ; 1898,"
siloam,1893-1910_index,1898,158,coded_find,H1397;H1398;H1399,F0191,"Siloam, Inscript on, date of, 1897, 204, 306 ; 1898,"
siloam,1893-1910_index,1898,161,hit_dropped,H2181;H2182;H2183,,"Siloam, Ancient Drain, 1904, 186; Aqueduct, 1898, 161, 250; 1902,"
siloam,1893-1910_index,1898,250,hit_dropped,H1406;H1407;H1408,,"Siloam, Ancient Drain, 1904, 186; Aqueduct, 1898, 161, 250; 1902,"
siloam,1893-1910_index,1899,273,hit_dropped,H0435;H0436;H2193;H2201,,"Siloam Tunnel, 1898, 161, 250; Scheme for Finding, 1899, 273."
siloam,1893-1910_index,1899,353,hit_dropped,H1430;H1431,,"Siloam, Inscript on, date of, 1897, 204, 306 ; 1898,"
siloam,1893-1910_index,1901,4,no_hit,,,"Siloam, 1897, 22; in Church of Notre Dame de Spasme,"
siloam,1893-1910_index,1901,283,no_hit,,,"Siloam, 1897, 22; in Church of Notre Dame de Spasme,"
siloam,1893-1910_index,1902,35,hit_adjacent_page,H2213,,"Siloam, Ancient Drain, 1904, 186; Aqueduct, 1898, 161, 250; 1902,"
siloam,1893-1910_index,1902,121,no_hit,,,"Silwan, Hebrew In- scription in Egyptian Tomb at, 1902, 121."
siloam,1893-1910_index,1902,122,no_hit,,,"Siloam, 1897, 22; in Church of Notre Dame de Spasme,"
siloam,1893-1910_index,1903,246,no_hit,,,"Siloam, 1896, 298; Wall at Pocl of Siloam, crossing Valley,"
siloam,1893-1910_index,1904,186,no_hit,,,"Siloam, 1904, 186; on Western Hill, 1896, 110."
siloam,1893-1910_index,1904,284,hit_dropped,H1487,,"Siloam, Inscript on, date of, 1897, 204, 306 ; 1898,"
siloam,1893-1910_index,1908,341,coded_find,H0583;H0584;H1540,F0197,"Silwan, Tomb near, with Inscrip- tion, 1908, 341; 1909, 73,"
siloam,1893-1910_index,1909,73,hit_dropped,H0591;H0592;H1545,,"Silwan, Tomb near, with Inscrip- tion, 1908, 341; 1909, 73,"
siloam,1893-1910_index,1909,232,hit_dropped,H1552;H1553,,"Silwan, Tomb near, with Inscrip- tion, 1908, 341; 1909, 73,"
siloam,1893-1910_index,1909,289,hit_dropped,H1556;H1557,,"Siloam, Inscript on, date of, 1897, 204, 306 ; 1898,"
wadi_qelt,1869-1892_index,1874,42,hit_adjacent_page,H0042;H0043;H0044;H0045,,"Kelt, the convent of, des- cription of, 1874, 42."
wadi_qelt,1869-1892_index,1874,88,coded_find,H0054;H0055;H0056;H0057;H0058;H0059;H0060,F0022;F0023;F0024,"Kelt, the convent of, 1874, 88 ; bilingual inscription at,"
wadi_qelt,1869-1892_index,1874,89,coded_find,H0055;H0056;H0057;H0058;H0059;H0060;H0061,F0025,"Kelt, 1874, 89; at Gezer, 276, 280; at Aboo Shusheh,"
wadi_qelt,1869-1892_index,1874,103,hit_adjacent_page,H0798,,"Kelt, legends concerning, 1874, 103; perhaps the Brook Cherith, 1878,"
wadi_qelt,1869-1892_index,1875,201,no_hit,,,"Kelt, 1874, 89; at Gezer, 276, 280; at Aboo Shusheh,"
wadi_qelt,1869-1892_index,1878,119,hit_adjacent_page,H0157,,"Kelt, legends concerning, 1874, 103; perhaps the Brook Cherith, 1878,"
