years,getty_id,key,primary_occurrences,second_ocr_occurrences
1869-1870,quarterlystateme01pale,beth_horon,1,1
1869-1870,quarterlystateme01pale,beth_shean,4,4
1869-1870,quarterlystateme01pale,carmel_siah,1,0
1869-1870,quarterlystateme01pale,doq,2,2
1869-1870,quarterlystateme01pale,ein_feshkha,2,2
1869-1870,quarterlystateme01pale,gerizim,10,8
1869-1870,quarterlystateme01pale,gerizim_area,21,22
1869-1870,quarterlystateme01pale,group:zadok,4,3
1869-1870,quarterlystateme01pale,jer_baqa,17,24
1869-1870,quarterlystateme01pale,jer_bethesda,70,68
1869-1870,quarterlystateme01pale,jer_bir_ayyub,71,69
1869-1870,quarterlystateme01pale,jer_east_gate,36,37
1869-1870,quarterlystateme01pale,jer_gethsemane,5,5
1869-1870,quarterlystateme01pale,jer_kidron_east,4,3
1869-1870,quarterlystateme01pale,jer_kidron_mon,2,2
1869-1870,quarterlystateme01pale,jer_se_corner,101,105
1869-1870,quarterlystateme01pale,jer_siloam,29,24
1869-1870,quarterlystateme01pale,jer_south_wall,112,105
1869-1870,quarterlystateme01pale,jer_temple,491,453
1869-1870,quarterlystateme01pale,jer_tombs_kings,8,8
1869-1870,quarterlystateme01pale,jer_tyropoeon,183,164
1869-1870,quarterlystateme01pale,jericho_area,26,20
1869-1870,quarterlystateme01pale,jordan_ford,5,5
1869-1870,quarterlystateme01pale,kh_qumran,4,4
1869-1870,quarterlystateme01pale,kh_yanun,1,2
1869-1870,quarterlystateme01pale,kidron_generic,74,72
1869-1870,quarterlystateme01pale,mar_saba,2,2
1869-1870,quarterlystateme01pale,mount_zion,24,21
1869-1870,quarterlystateme01pale,muhalhil,5,5
1869-1870,quarterlystateme01pale,natuf,6,9
1869-1870,quarterlystateme01pale,nuweimeh,4,4
1869-1870,quarterlystateme01pale,qelt_generic,21,21
1869-1870,quarterlystateme01pale,siloam_generic,25,22
1869-1870,quarterlystateme01pale,tekoa_herodium,11,12
1869-1870,quarterlystateme01pale,tell_el_ful,3,3
1869-1870,quarterlystateme01pale,tell_es_sultan,14,7
1869-1870,quarterlystateme01pale,x_qarn_sartaba,2,2
1871-1872,quarterlystateme03pale,ain_duk,3,4
1871-1872,quarterlystateme03pale,asla,1,0
1871-1872,quarterlystateme03pale,beth_horon,13,13
1871-1872,quarterlystateme03pale,beth_shean,15,15
1871-1872,quarterlystateme03pale,buqeia,1,1
1871-1872,quarterlystateme03pale,choziba,2,2
1871-1872,quarterlystateme03pale,dok_generic,1,1
1871-1872,quarterlystateme03pale,doq,7,7
1871-1872,quarterlystateme03pale,gerizim,22,22
1871-1872,quarterlystateme03pale,gerizim_area,39,44
1871-1872,quarterlystateme03pale,group:achor,0,1
1871-1872,quarterlystateme03pale,group:sekakah,1,1
1871-1872,quarterlystateme03pale,group:zadok,1,1
1871-1872,quarterlystateme03pale,ibziq,1,1
1871-1872,quarterlystateme03pale,jer_baqa,8,10
1871-1872,quarterlystateme03pale,jer_bethesda,11,10
1871-1872,quarterlystateme03pale,jer_bir_ayyub,5,3
1871-1872,quarterlystateme03pale,jer_east_gate,2,2
1871-1872,quarterlystateme03pale,jer_kidron_east,2,1
1871-1872,quarterlystateme03pale,jer_kidron_mon,6,6
1871-1872,quarterlystateme03pale,jer_se_corner,2,2
1871-1872,quarterlystateme03pale,jer_siloam,7,7
1871-1872,quarterlystateme03pale,jer_south_wall,2,2
1871-1872,quarterlystateme03pale,jer_temple,106,111
1871-1872,quarterlystateme03pale,jer_tombs_kings,3,3
1871-1872,quarterlystateme03pale,jer_tyropoeon,3,3
1871-1872,quarterlystateme03pale,jericho_area,11,10
1871-1872,quarterlystateme03pale,jordan_ford,1,1
1871-1872,quarterlystateme03pale,kh_qumran,6,6
1871-1872,quarterlystateme03pale,kh_yanun,2,2
1871-1872,quarterlystateme03pale,kidron_generic,11,11
1871-1872,quarterlystateme03pale,mar_saba,1,1
1871-1872,quarterlystateme03pale,mount_zion,0,1
1871-1872,quarterlystateme03pale,muhalhil,2,2
1871-1872,quarterlystateme03pale,natuf,4,1
1871-1872,quarterlystateme03pale,qelt_generic,8,8
1871-1872,quarterlystateme03pale,siloam_generic,9,9
1871-1872,quarterlystateme03pale,tekoa_herodium,1,1
1871-1872,quarterlystateme03pale,tell_el_ful,2,2
1871-1872,quarterlystateme03pale,tell_es_sultan,5,5
1871-1872,quarterlystateme03pale,transjordan,5,4
1871-1872,quarterlystateme03pale,x_qarn_sartaba,3,3
1873-1874,quarterlystateme05pale,ain_duk,2,7
1873-1874,quarterlystateme05pale,beth_horon,4,4
1873-1874,quarterlystateme05pale,beth_shean,52,55
1873-1874,quarterlystateme05pale,buqeia,1,1
1873-1874,quarterlystateme05pale,carmel_siah,7,9
1873-1874,quarterlystateme05pale,choziba,2,3
1873-1874,quarterlystateme05pale,dok_generic,5,5
1873-1874,quarterlystateme05pale,doq,3,2
1873-1874,quarterlystateme05pale,ein_feshkha,6,3
1873-1874,quarterlystateme05pale,gerizim,68,66
1873-1874,quarterlystateme05pale,gerizim_area,64,62
1873-1874,quarterlystateme05pale,group:achor,4,4
1873-1874,quarterlystateme05pale,hyrcania,2,2
1873-1874,quarterlystateme05pale,ibziq,1,1
1873-1874,quarterlystateme05pale,jer_baqa,13,13
1873-1874,quarterlystateme05pale,jer_bethesda,5,5
1873-1874,quarterlystateme05pale,jer_bir_ayyub,19,22
1873-1874,quarterlystateme05pale,jer_east_gate,8,6
1873-1874,quarterlystateme05pale,jer_gethsemane,1,1
1873-1874,quarterlystateme05pale,jer_kidron_east,2,2
1873-1874,quarterlystateme05pale,jer_se_corner,10,12
1873-1874,quarterlystateme05pale,jer_siloam,1,1
1873-1874,quarterlystateme05pale,jer_south_wall,2,2
1873-1874,quarterlystateme05pale,jer_temple,140,130
1873-1874,quarterlystateme05pale,jer_tombs_kings,12,13
1873-1874,quarterlystateme05pale,jer_tyropoeon,0,4
1873-1874,quarterlystateme05pale,jericho_area,164,152
1873-1874,quarterlystateme05pale,jericho_palaces,3,2
1873-1874,quarterlystateme05pale,jordan_ford,18,18
1873-1874,quarterlystateme05pale,kh_qumran,10,9
1873-1874,quarterlystateme05pale,kidron_generic,13,13
1873-1874,quarterlystateme05pale,mar_saba,16,15
1873-1874,quarterlystateme05pale,mount_zion,7,6
1873-1874,quarterlystateme05pale,muhalhil,6,12
1873-1874,quarterlystateme05pale,natuf,13,13
1873-1874,quarterlystateme05pale,qelt_generic,68,74
1873-1874,quarterlystateme05pale,siloam_generic,18,17
1873-1874,quarterlystateme05pale,tekoa_herodium,9,13
1873-1874,quarterlystateme05pale,tell_el_ful,10,10
1873-1874,quarterlystateme05pale,tell_el_qos,1,1
1873-1874,quarterlystateme05pale,tell_es_sultan,22,20
1873-1874,quarterlystateme05pale,x_khan_el_ahmar,15,14
1873-1874,quarterlystateme05pale,x_qarn_sartaba,42,39
1875-1876,quarterlystateme07pale,beth_horon,7,5
1875-1876,quarterlystateme07pale,beth_shean,86,78
1875-1876,quarterlystateme07pale,buqeia,3,2
1875-1876,quarterlystateme07pale,carmel_siah,2,1
1875-1876,quarterlystateme07pale,choziba,7,8
1875-1876,quarterlystateme07pale,dok_generic,11,12
1875-1876,quarterlystateme07pale,doq,1,1
1875-1876,quarterlystateme07pale,ein_feshkha,10,6
1875-1876,quarterlystateme07pale,ein_ghuweir,2,2
1875-1876,quarterlystateme07pale,gerizim,64,68
1875-1876,quarterlystateme07pale,gerizim_area,71,71
1875-1876,quarterlystateme07pale,group:achor,1,1
1875-1876,quarterlystateme07pale,group:sekakah,3,2
1875-1876,quarterlystateme07pale,hyrcania,3,3
1875-1876,quarterlystateme07pale,ibziq,8,7
1875-1876,quarterlystateme07pale,jer_baqa,2,2
1875-1876,quarterlystateme07pale,jer_bethesda,8,9
1875-1876,quarterlystateme07pale,jer_east_gate,5,5
1875-1876,quarterlystateme07pale,jer_gethsemane,1,1
1875-1876,quarterlystateme07pale,jer_kidron_east,1,1
1875-1876,quarterlystateme07pale,jer_kidron_mon,2,2
1875-1876,quarterlystateme07pale,jer_se_corner,3,3
1875-1876,quarterlystateme07pale,jer_siloam,2,2
1875-1876,quarterlystateme07pale,jer_south_wall,3,2
1875-1876,quarterlystateme07pale,jer_temple,75,64
1875-1876,quarterlystateme07pale,jer_tombs_kings,1,1
1875-1876,quarterlystateme07pale,jer_tyropoeon,7,4
1875-1876,quarterlystateme07pale,jericho_area,64,70
1875-1876,quarterlystateme07pale,jordan_ford,37,34
1875-1876,quarterlystateme07pale,kh_qumran,5,5
1875-1876,quarterlystateme07pale,kidron_generic,5,4
1875-1876,quarterlystateme07pale,mar_saba,7,5
1875-1876,quarterlystateme07pale,mount_zion,9,12
1875-1876,quarterlystateme07pale,natuf,111,89
1875-1876,quarterlystateme07pale,qelt_generic,6,5
1875-1876,quarterlystateme07pale,tekoa_herodium,19,22
1875-1876,quarterlystateme07pale,tell_el_ful,29,26
1875-1876,quarterlystateme07pale,tell_es_sultan,9,9
1875-1876,quarterlystateme07pale,x_khan_el_ahmar,1,1
1875-1876,quarterlystateme07pale,x_qarn_sartaba,20,16
1877-1878,quarterlystateme09pale,ain_duk,12,15
1877-1878,quarterlystateme09pale,beth_horon,16,16
1877-1878,quarterlystateme09pale,beth_shean,58,60
1877-1878,quarterlystateme09pale,buqeia,4,3
1877-1878,quarterlystateme09pale,carmel_siah,1,2
1877-1878,quarterlystateme09pale,choziba,2,2
1877-1878,quarterlystateme09pale,dok_generic,7,9
1877-1878,quarterlystateme09pale,doq,9,6
1877-1878,quarterlystateme09pale,ein_feshkha,2,2
1877-1878,quarterlystateme09pale,ein_ghuweir,2,1
1877-1878,quarterlystateme09pale,gerizim,40,40
1877-1878,quarterlystateme09pale,gerizim_area,142,136
1877-1878,quarterlystateme09pale,group:achor,1,1
1877-1878,quarterlystateme09pale,group:sekakah,1,1
1877-1878,quarterlystateme09pale,hyrcania,1,1
1877-1878,quarterlystateme09pale,jer_baqa,9,3
1877-1878,quarterlystateme09pale,jer_bethesda,4,4
1877-1878,quarterlystateme09pale,jer_bir_ayyub,15,13
1877-1878,quarterlystateme09pale,jer_gethsemane,3,3
1877-1878,quarterlystateme09pale,jer_kidron_east,2,1
1877-1878,quarterlystateme09pale,jer_kidron_mon,1,1
1877-1878,quarterlystateme09pale,jer_se_corner,0,2
1877-1878,quarterlystateme09pale,jer_shaveh,9,7
1877-1878,quarterlystateme09pale,jer_siloam,75,70
1877-1878,quarterlystateme09pale,jer_south_wall,1,0
1877-1878,quarterlystateme09pale,jer_temple,35,32
1877-1878,quarterlystateme09pale,jer_tombs_kings,5,5
1877-1878,quarterlystateme09pale,jer_tyropoeon,6,8
1877-1878,quarterlystateme09pale,jericho_area,83,85
1877-1878,quarterlystateme09pale,jordan_ford,36,36
1877-1878,quarterlystateme09pale,kh_yanun,8,11
1877-1878,quarterlystateme09pale,kidron_generic,14,13
1877-1878,quarterlystateme09pale,mar_saba,1,1
1877-1878,quarterlystateme09pale,mount_zion,24,24
1877-1878,quarterlystateme09pale,muhalhil,2,2
1877-1878,quarterlystateme09pale,natuf,19,14
1877-1878,quarterlystateme09pale,qelt_generic,11,14
1877-1878,quarterlystateme09pale,siloam_generic,44,45
1877-1878,quarterlystateme09pale,tekoa_herodium,7,8
1877-1878,quarterlystateme09pale,tell_el_ful,70,73
1877-1878,quarterlystateme09pale,tell_es_sultan,1,1
1879-1880,quarterlystateme11pale,ain_duk,8,5
1879-1880,quarterlystateme11pale,beth_shean,13,11
1879-1880,quarterlystateme11pale,dok_generic,1,1
1879-1880,quarterlystateme11pale,ein_feshkha,1,1
1879-1880,quarterlystateme11pale,ein_ghuweir,2,1
1879-1880,quarterlystateme11pale,ein_samiya,2,3
1879-1880,quarterlystateme11pale,gerizim,44,41
1879-1880,quarterlystateme11pale,gerizim_area,94,91
1879-1880,quarterlystateme11pale,group:beth_tamar,1,1
1879-1880,quarterlystateme11pale,ibziq,1,1
1879-1880,quarterlystateme11pale,jer_baqa,10,1
1879-1880,quarterlystateme11pale,jer_bethesda,25,21
1879-1880,quarterlystateme11pale,jer_bir_ayyub,5,1
1879-1880,quarterlystateme11pale,jer_east_gate,31,32
1879-1880,quarterlystateme11pale,jer_gethsemane,1,1
1879-1880,quarterlystateme11pale,jer_se_corner,82,86
1879-1880,quarterlystateme11pale,jer_siloam,57,50
1879-1880,quarterlystateme11pale,jer_south_wall,87,77
1879-1880,quarterlystateme11pale,jer_temple,424,348
1879-1880,quarterlystateme11pale,jer_tombs_kings,6,4
1879-1880,quarterlystateme11pale,jer_tyropoeon,106,91
1879-1880,quarterlystateme11pale,jericho_area,34,34
1879-1880,quarterlystateme11pale,jordan_ford,6,6
1879-1880,quarterlystateme11pale,kh_qumran,7,8
1879-1880,quarterlystateme11pale,kh_salhab,2,2
1879-1880,quarterlystateme11pale,kh_yanun,8,7
1879-1880,quarterlystateme11pale,kidron_generic,18,17
1879-1880,quarterlystateme11pale,mount_zion,24,27
1879-1880,quarterlystateme11pale,natuf,27,16
1879-1880,quarterlystateme11pale,siloam_generic,27,25
1879-1880,quarterlystateme11pale,tekoa_herodium,4,4
1879-1880,quarterlystateme11pale,tell_el_ful,33,29
1879-1880,quarterlystateme11pale,transjordan,1,1
1879-1880,quarterlystateme11pale,x_qarn_sartaba,6,4
1881-1882,quarterlystateme13pale,ain_duk,0,2
1881-1882,quarterlystateme13pale,beth_horon,7,5
1881-1882,quarterlystateme13pale,beth_shean,9,13
1881-1882,quarterlystateme13pale,buqeia,6,7
1881-1882,quarterlystateme13pale,choziba,2,2
1881-1882,quarterlystateme13pale,dok_generic,11,11
1881-1882,quarterlystateme13pale,doq,5,3
1881-1882,quarterlystateme13pale,ein_samiya,3,3
1881-1882,quarterlystateme13pale,gerizim,29,29
1881-1882,quarterlystateme13pale,gerizim_area,96,96
1881-1882,quarterlystateme13pale,group:sekakah,1,1
1881-1882,quarterlystateme13pale,ibziq,3,3
1881-1882,quarterlystateme13pale,jer_baqa,5,3
1881-1882,quarterlystateme13pale,jer_bethesda,3,3
1881-1882,quarterlystateme13pale,jer_bir_ayyub,8,8
1881-1882,quarterlystateme13pale,jer_east_gate,7,6
1881-1882,quarterlystateme13pale,jer_gethsemane,1,1
1881-1882,quarterlystateme13pale,jer_kidron_east,2,2
1881-1882,quarterlystateme13pale,jer_kidron_mon,3,3
1881-1882,quarterlystateme13pale,jer_se_corner,9,9
1881-1882,quarterlystateme13pale,jer_siloam,77,73
1881-1882,quarterlystateme13pale,jer_south_wall,6,7
1881-1882,quarterlystateme13pale,jer_temple,156,158
1881-1882,quarterlystateme13pale,jer_tombs_kings,7,8
1881-1882,quarterlystateme13pale,jer_tyropoeon,6,14
1881-1882,quarterlystateme13pale,jericho_area,42,42
1881-1882,quarterlystateme13pale,jordan_ford,12,14
1881-1882,quarterlystateme13pale,kh_yanun,1,1
1881-1882,quarterlystateme13pale,kidron_generic,25,24
1881-1882,quarterlystateme13pale,mar_saba,5,5
1881-1882,quarterlystateme13pale,mount_zion,20,23
1881-1882,quarterlystateme13pale,natuf,13,14
1881-1882,quarterlystateme13pale,qelt_generic,3,3
1881-1882,quarterlystateme13pale,ramat_rahel,4,4
1881-1882,quarterlystateme13pale,siloam_generic,113,105
1881-1882,quarterlystateme13pale,tekoa_herodium,8,8
1881-1882,quarterlystateme13pale,tell_el_ful,46,43
1881-1882,quarterlystateme13pale,tell_es_sultan,1,0
1881-1882,quarterlystateme13pale,x_qarn_sartaba,6,5
1883-1884,quarterlystateme1516pale,ain_duk,0,1
1883-1884,quarterlystateme1516pale,carmel_siah,1,0
1883-1884,quarterlystateme1516pale,dok_generic,6,6
1883-1884,quarterlystateme1516pale,doq,15,15
1883-1884,quarterlystateme1516pale,ein_ghuweir,2,2
1883-1884,quarterlystateme1516pale,gerizim,10,10
1883-1884,quarterlystateme1516pale,gerizim_area,33,33
1883-1884,quarterlystateme1516pale,group:achor,6,5
1883-1884,quarterlystateme1516pale,jer_baqa,9,9
1883-1884,quarterlystateme1516pale,jer_bethesda,2,2
1883-1884,quarterlystateme1516pale,jer_bir_ayyub,51,50
1883-1884,quarterlystateme1516pale,jer_gethsemane,1,1
1883-1884,quarterlystateme1516pale,jer_kidron_east,1,0
1883-1884,quarterlystateme1516pale,jer_kidron_mon,6,6
1883-1884,quarterlystateme1516pale,jer_se_corner,1,1
1883-1884,quarterlystateme1516pale,jer_shaveh,1,1
1883-1884,quarterlystateme1516pale,jer_siloam,115,106
1883-1884,quarterlystateme1516pale,jer_south_wall,6,5
1883-1884,quarterlystateme1516pale,jer_temple,10,11
1883-1884,quarterlystateme1516pale,jer_tombs_kings,11,11
1883-1884,quarterlystateme1516pale,jer_tyropoeon,17,39
1883-1884,quarterlystateme1516pale,jericho_area,30,30
1883-1884,quarterlystateme1516pale,jordan_ford,6,6
1883-1884,quarterlystateme1516pale,kh_qumran,2,2
1883-1884,quarterlystateme1516pale,kh_yanun,1,1
1883-1884,quarterlystateme1516pale,kidron_generic,26,25
1883-1884,quarterlystateme1516pale,mar_saba,2,2
1883-1884,quarterlystateme1516pale,mount_zion,30,31
1883-1884,quarterlystateme1516pale,natuf,66,67
1883-1884,quarterlystateme1516pale,qelt_generic,7,6
1883-1884,quarterlystateme1516pale,siloam_generic,162,167
1883-1884,quarterlystateme1516pale,tekoa_herodium,26,27
1883-1884,quarterlystateme1516pale,tell_el_ful,33,29
1883-1884,quarterlystateme1516pale,x_khan_el_ahmar,1,1
1885-1886,quarterlystateme17pale,ain_duk,1,1
1885-1886,quarterlystateme17pale,beth_shean,5,16
1885-1886,quarterlystateme17pale,buqeia,3,3
1885-1886,quarterlystateme17pale,carmel_siah,1,0
1885-1886,quarterlystateme17pale,choziba,1,1
1885-1886,quarterlystateme17pale,dok_generic,2,2
1885-1886,quarterlystateme17pale,doq,4,4
1885-1886,quarterlystateme17pale,ein_ghuweir,3,3
1885-1886,quarterlystateme17pale,gerizim,8,8
1885-1886,quarterlystateme17pale,gerizim_area,9,14
1885-1886,quarterlystateme17pale,group:achor,4,4
1885-1886,quarterlystateme17pale,group:zadok,1,1
1885-1886,quarterlystateme17pale,ibziq,2,2
1885-1886,quarterlystateme17pale,jer_baqa,1,1
1885-1886,quarterlystateme17pale,jer_bethesda,6,6
1885-1886,quarterlystateme17pale,jer_bir_ayyub,47,47
1885-1886,quarterlystateme17pale,jer_kidron_east,3,3
1885-1886,quarterlystateme17pale,jer_kidron_mon,2,2
1885-1886,quarterlystateme17pale,jer_se_corner,5,5
1885-1886,quarterlystateme17pale,jer_siloam,60,64
1885-1886,quarterlystateme17pale,jer_south_wall,3,3
1885-1886,quarterlystateme17pale,jer_temple,29,30
1885-1886,quarterlystateme17pale,jer_tombs_kings,2,2
1885-1886,quarterlystateme17pale,jer_tyropoeon,11,11
1885-1886,quarterlystateme17pale,jericho_area,49,49
1885-1886,quarterlystateme17pale,jordan_ford,2,2
1885-1886,quarterlystateme17pale,kh_qumran,11,12
1885-1886,quarterlystateme17pale,kidron_generic,37,34
1885-1886,quarterlystateme17pale,mar_saba,1,1
1885-1886,quarterlystateme17pale,mount_zion,23,24
1885-1886,quarterlystateme17pale,natuf,10,9
1885-1886,quarterlystateme17pale,ramat_rahel,1,1
1885-1886,quarterlystateme17pale,siloam_generic,49,50
1885-1886,quarterlystateme17pale,tell_el_ful,4,2
1885-1886,quarterlystateme17pale,tell_es_sultan,2,2
1885-1886,quarterlystateme17pale,x_khan_el_ahmar,1,1
1887-1888,quarterlystateme19pale,beth_horon,1,0
1887-1888,quarterlystateme19pale,beth_shean,17,27
1887-1888,quarterlystateme19pale,gerizim,8,9
1887-1888,quarterlystateme19pale,gerizim_area,14,14
1887-1888,quarterlystateme19pale,group:zadok,2,2
1887-1888,quarterlystateme19pale,jer_baqa,3,3
1887-1888,quarterlystateme19pale,jer_bethesda,184,190
1887-1888,quarterlystateme19pale,jer_bir_ayyub,3,9
1887-1888,quarterlystateme19pale,jer_east_gate,25,19
1887-1888,quarterlystateme19pale,jer_gethsemane,8,9
1887-1888,quarterlystateme19pale,jer_kidron_east,3,3
1887-1888,quarterlystateme19pale,jer_kidron_mon,1,1
1887-1888,quarterlystateme19pale,jer_se_corner,4,5
1887-1888,quarterlystateme19pale,jer_siloam,21,22
1887-1888,quarterlystateme19pale,jer_south_wall,12,11
1887-1888,quarterlystateme19pale,jer_temple,188,177
1887-1888,quarterlystateme19pale,jer_tombs_kings,8,8
1887-1888,quarterlystateme19pale,jer_tyropoeon,1,3
1887-1888,quarterlystateme19pale,jericho_area,20,21
1887-1888,quarterlystateme19pale,jordan_ford,1,1
1887-1888,quarterlystateme19pale,kh_qumran,1,2
1887-1888,quarterlystateme19pale,kidron_generic,17,17
1887-1888,quarterlystateme19pale,mar_saba,2,2
1887-1888,quarterlystateme19pale,mount_zion,21,20
1887-1888,quarterlystateme19pale,muhalhil,6,7
1887-1888,quarterlystateme19pale,natuf,1,1
1887-1888,quarterlystateme19pale,qelt_generic,8,8
1887-1888,quarterlystateme19pale,siloam_generic,16,16
1887-1888,quarterlystateme19pale,tekoa_herodium,1,1
1887-1888,quarterlystateme19pale,x_khan_el_ahmar,1,1
1889-1890,quarterlystateme21pale,beth_horon,1,1
1889-1890,quarterlystateme21pale,beth_shean,5,5
1889-1890,quarterlystateme21pale,buqeia,1,1
1889-1890,quarterlystateme21pale,carmel_siah,1,1
1889-1890,quarterlystateme21pale,dok_generic,1,1
1889-1890,quarterlystateme21pale,gerizim,0,1
1889-1890,quarterlystateme21pale,gerizim_area,14,15
1889-1890,quarterlystateme21pale,jer_baqa,14,13
1889-1890,quarterlystateme21pale,jer_bethesda,27,28
1889-1890,quarterlystateme21pale,jer_bir_ayyub,94,84
1889-1890,quarterlystateme21pale,jer_east_gate,3,3
1889-1890,quarterlystateme21pale,jer_gethsemane,8,5
1889-1890,quarterlystateme21pale,jer_kidron_east,6,5
1889-1890,quarterlystateme21pale,jer_kidron_mon,13,12
1889-1890,quarterlystateme21pale,jer_se_corner,8,8
1889-1890,quarterlystateme21pale,jer_shaveh,8,9
1889-1890,quarterlystateme21pale,jer_siloam,131,121
1889-1890,quarterlystateme21pale,jer_south_wall,8,7
1889-1890,quarterlystateme21pale,jer_temple,54,55
1889-1890,quarterlystateme21pale,jer_tombs_kings,6,6
1889-1890,quarterlystateme21pale,jer_tyropoeon,9,30
1889-1890,quarterlystateme21pale,jericho_area,22,20
1889-1890,quarterlystateme21pale,jordan_ford,1,1
1889-1890,quarterlystateme21pale,kh_salhab,1,1
1889-1890,quarterlystateme21pale,kidron_generic,49,52
1889-1890,quarterlystateme21pale,mar_saba,6,6
1889-1890,quarterlystateme21pale,mount_zion,9,9
1889-1890,quarterlystateme21pale,natuf,10,7
1889-1890,quarterlystateme21pale,qelt_generic,1,0
1889-1890,quarterlystateme21pale,siloam_generic,128,123
1889-1890,quarterlystateme21pale,tell_el_ful,3,3
1889-1890,quarterlystateme21pale,tell_es_sultan,1,1
1889-1890,quarterlystateme21pale,transjordan,5,6
1889-1890,quarterlystateme21pale,x_qarn_sartaba,2,2
1891-1892,quarterlystateme23pale,beth_horon,2,2
1891-1892,quarterlystateme23pale,beth_shean,3,3
1891-1892,quarterlystateme23pale,dok_generic,1,0
1891-1892,quarterlystateme23pale,doq,1,1
1891-1892,quarterlystateme23pale,gerizim,11,11
1891-1892,quarterlystateme23pale,gerizim_area,10,11
1891-1892,quarterlystateme23pale,hyrcania,2,0
1891-1892,quarterlystateme23pale,jer_baqa,7,7
1891-1892,quarterlystateme23pale,jer_bethesda,4,5
1891-1892,quarterlystateme23pale,jer_bir_ayyub,6,10
1891-1892,quarterlystateme23pale,jer_east_gate,6,8
1891-1892,quarterlystateme23pale,jer_gethsemane,1,1
1891-1892,quarterlystateme23pale,jer_kidron_east,3,4
1891-1892,quarterlystateme23pale,jer_se_corner,21,30
1891-1892,quarterlystateme23pale,jer_siloam,35,36
1891-1892,quarterlystateme23pale,jer_south_wall,24,26
1891-1892,quarterlystateme23pale,jer_temple,73,65
1891-1892,quarterlystateme23pale,jer_tombs_kings,11,10
1891-1892,quarterlystateme23pale,jer_tyropoeon,17,21
1891-1892,quarterlystateme23pale,jericho_area,3,3
1891-1892,quarterlystateme23pale,jordan_ford,1,1
1891-1892,quarterlystateme23pale,kh_yanun,5,7
1891-1892,quarterlystateme23pale,kidron_generic,9,12
1891-1892,quarterlystateme23pale,kuhlah,0,1
1891-1892,quarterlystateme23pale,mar_saba,1,1
1891-1892,quarterlystateme23pale,mount_zion,21,32
1891-1892,quarterlystateme23pale,natuf,4,1
1891-1892,quarterlystateme23pale,siloam_generic,43,50
1891-1892,quarterlystateme23pale,tekoa_herodium,3,2
1891-1892,quarterlystateme23pale,tell_el_ful,3,3
1893-1894,quarterlystateme25pale,ain_duk,2,1
1893-1894,quarterlystateme25pale,beth_horon,5,5
1893-1894,quarterlystateme25pale,beth_shean,14,8
1893-1894,quarterlystateme25pale,buqeia,7,5
1893-1894,quarterlystateme25pale,carmel_siah,1,0
1893-1894,quarterlystateme25pale,choziba,5,1
1893-1894,quarterlystateme25pale,dok_generic,8,1
1893-1894,quarterlystateme25pale,doq,9,3
1893-1894,quarterlystateme25pale,ein_ghuweir,2,0
1893-1894,quarterlystateme25pale,gerizim,29,10
1893-1894,quarterlystateme25pale,gerizim_area,59,33
1893-1894,quarterlystateme25pale,hyrcania,2,0
1893-1894,quarterlystateme25pale,ibziq,2,0
1893-1894,quarterlystateme25pale,jer_baqa,6,5
1893-1894,quarterlystateme25pale,jer_bethesda,23,2
1893-1894,quarterlystateme25pale,jer_bir_ayyub,50,22
1893-1894,quarterlystateme25pale,jer_east_gate,8,1
1893-1894,quarterlystateme25pale,jer_gethsemane,14,11
1893-1894,quarterlystateme25pale,jer_kidron_east,3,1
1893-1894,quarterlystateme25pale,jer_kidron_mon,4,2
1893-1894,quarterlystateme25pale,jer_se_corner,15,2
1893-1894,quarterlystateme25pale,jer_siloam,46,27
1893-1894,quarterlystateme25pale,jer_south_wall,12,1
1893-1894,quarterlystateme25pale,jer_temple,144,29
1893-1894,quarterlystateme25pale,jer_tombs_kings,7,6
1893-1894,quarterlystateme25pale,jer_tyropoeon,29,11
1893-1894,quarterlystateme25pale,jericho_area,87,55
1893-1894,quarterlystateme25pale,jericho_palaces,3,3
1893-1894,quarterlystateme25pale,jordan_ford,8,1
1893-1894,quarterlystateme25pale,kh_qumran,9,1
1893-1894,quarterlystateme25pale,kh_yanun,1,0
1893-1894,quarterlystateme25pale,kidron_generic,23,13
1893-1894,quarterlystateme25pale,kuhlah,0,1
1893-1894,quarterlystateme25pale,mar_saba,3,2
1893-1894,quarterlystateme25pale,mount_zion,45,23
1893-1894,quarterlystateme25pale,natuf,26,2
1893-1894,quarterlystateme25pale,nuweimeh,6,6
1893-1894,quarterlystateme25pale,qelt_generic,7,2
1893-1894,quarterlystateme25pale,ramat_rahel,3,1
1893-1894,quarterlystateme25pale,siloam_generic,97,46
1893-1894,quarterlystateme25pale,tekoa_herodium,8,5
1893-1894,quarterlystateme25pale,tell_el_ful,14,1
1893-1894,quarterlystateme25pale,tell_es_sultan,7,7
1893-1894,quarterlystateme25pale,x_khan_el_ahmar,1,1
1893-1894,quarterlystateme25pale,x_qarn_sartaba,9,1
1895-1896,quarterlystateme27pale,beth_horon,3,2
1895-1896,quarterlystateme27pale,beth_shean,44,43
1895-1896,quarterlystateme27pale,buqeia,4,4
1895-1896,quarterlystateme27pale,carmel_siah,3,3
1895-1896,quarterlystateme27pale,choziba,1,1
1895-1896,quarterlystateme27pale,doq,1,1
1895-1896,quarterlystateme27pale,gerizim,20,18
1895-1896,quarterlystateme27pale,gerizim_area,43,40
1895-1896,quarterlystateme27pale,group:achor,1,1
1895-1896,quarterlystateme27pale,jer_baqa,6,4
1895-1896,quarterlystateme27pale,jer_bethesda,12,11
1895-1896,quarterlystateme27pale,jer_bir_ayyub,4,10
1895-1896,quarterlystateme27pale,jer_east_gate,8,7
1895-1896,quarterlystateme27pale,jer_kidron_east,3,3
1895-1896,quarterlystateme27pale,jer_kidron_mon,1,1
1895-1896,quarterlystateme27pale,jer_se_corner,12,11
1895-1896,quarterlystateme27pale,jer_siloam,37,35
1895-1896,quarterlystateme27pale,jer_south_wall,20,17
1895-1896,quarterlystateme27pale,jer_temple,52,45
1895-1896,quarterlystateme27pale,jer_tombs_kings,17,17
1895-1896,quarterlystateme27pale,jer_tyropoeon,19,24
1895-1896,quarterlystateme27pale,jericho_area,50,48
1895-1896,quarterlystateme27pale,jordan_ford,4,3
1895-1896,quarterlystateme27pale,kh_yanun,1,1
1895-1896,quarterlystateme27pale,kidron_generic,11,10
1895-1896,quarterlystateme27pale,mar_saba,7,5
1895-1896,quarterlystateme27pale,mount_zion,66,60
1895-1896,quarterlystateme27pale,natuf,77,62
1895-1896,quarterlystateme27pale,qelt_generic,3,3
1895-1896,quarterlystateme27pale,siloam_generic,96,87
1895-1896,quarterlystateme27pale,tekoa_herodium,3,3
1895-1896,quarterlystateme27pale,tell_el_ful,3,3
1895-1896,quarterlystateme27pale,tell_es_sultan,2,2
1895-1896,quarterlystateme27pale,transjordan,2,1
1895-1896,quarterlystateme27pale,x_khan_el_ahmar,4,3
1897-1898,quarterlystateme29pale,beth_horon,2,1
1897-1898,quarterlystateme29pale,beth_shean,1,1
1897-1898,quarterlystateme29pale,buqeia,1,1
1897-1898,quarterlystateme29pale,carmel_siah,1,1
1897-1898,quarterlystateme29pale,choziba,2,2
1897-1898,quarterlystateme29pale,doq,1,1
1897-1898,quarterlystateme29pale,gerizim_area,51,46
1897-1898,quarterlystateme29pale,ibziq,17,17
1897-1898,quarterlystateme29pale,jer_baqa,5,5
1897-1898,quarterlystateme29pale,jer_bethesda,10,12
1897-1898,quarterlystateme29pale,jer_bir_ayyub,8,6
1897-1898,quarterlystateme29pale,jer_east_gate,4,4
1897-1898,quarterlystateme29pale,jer_gethsemane,20,16
1897-1898,quarterlystateme29pale,jer_kidron_east,4,4
1897-1898,quarterlystateme29pale,jer_kidron_mon,6,6
1897-1898,quarterlystateme29pale,jer_se_corner,10,10
1897-1898,quarterlystateme29pale,jer_shaveh,1,1
1897-1898,quarterlystateme29pale,jer_siloam,88,73
1897-1898,quarterlystateme29pale,jer_south_wall,10,9
1897-1898,quarterlystateme29pale,jer_temple,175,147
1897-1898,quarterlystateme29pale,jer_tombs_kings,32,25
1897-1898,quarterlystateme29pale,jer_tyropoeon,22,32
1897-1898,quarterlystateme29pale,jericho_area,32,28
1897-1898,quarterlystateme29pale,kh_qumran,1,1
1897-1898,quarterlystateme29pale,kidron_generic,28,26
1897-1898,quarterlystateme29pale,mar_saba,16,16
1897-1898,quarterlystateme29pale,mount_zion,22,23
1897-1898,quarterlystateme29pale,muhalhil,0,1
1897-1898,quarterlystateme29pale,qelt_generic,2,0
1897-1898,quarterlystateme29pale,siloam_generic,176,160
1897-1898,quarterlystateme29pale,tekoa_herodium,10,7
1897-1898,quarterlystateme29pale,tell_el_ful,5,5
1897-1898,quarterlystateme29pale,tell_es_sultan,2,2
1897-1898,quarterlystateme29pale,x_khan_el_ahmar,1,1
1899,quarterlystateme31pale,beth_shean,2,2
1899,quarterlystateme31pale,buqeia,2,1
1899,quarterlystateme31pale,choziba,1,1
1899,quarterlystateme31pale,dok_generic,1,0
1899,quarterlystateme31pale,doq,2,2
1899,quarterlystateme31pale,gerizim,2,2
1899,quarterlystateme31pale,gerizim_area,11,10
1899,quarterlystateme31pale,group:zadok,1,1
1899,quarterlystateme31pale,ibziq,7,7
1899,quarterlystateme31pale,jer_baqa,13,7
1899,quarterlystateme31pale,jer_bir_ayyub,2,0
1899,quarterlystateme31pale,jer_east_gate,18,18
1899,quarterlystateme31pale,jer_gethsemane,5,4
1899,quarterlystateme31pale,jer_kidron_mon,2,2
1899,quarterlystateme31pale,jer_se_corner,8,7
1899,quarterlystateme31pale,jer_siloam,8,7
1899,quarterlystateme31pale,jer_south_wall,25,24
1899,quarterlystateme31pale,jer_temple,27,29
1899,quarterlystateme31pale,jer_tombs_kings,4,4
1899,quarterlystateme31pale,jer_tyropoeon,4,2
1899,quarterlystateme31pale,jericho_area,45,38
1899,quarterlystateme31pale,kidron_generic,15,15
1899,quarterlystateme31pale,mar_saba,1,1
1899,quarterlystateme31pale,mount_zion,5,7
1899,quarterlystateme31pale,muhalhil,0,1
1899,quarterlystateme31pale,natuf,7,7
1899,quarterlystateme31pale,nuweimeh,1,0
1899,quarterlystateme31pale,siloam_generic,7,6
1899,quarterlystateme31pale,tekoa_herodium,1,1
1899,quarterlystateme31pale,tell_el_ful,7,6
1899,quarterlystateme31pale,tell_es_sultan,2,2
1899,quarterlystateme31pale,transjordan,3,3
1899,quarterlystateme31pale,x_khan_el_ahmar,1,1
1900,quarterlystateme32pale,beth_horon,3,3
1900,quarterlystateme32pale,beth_shean,7,15
1900,quarterlystateme32pale,dok_generic,1,1
1900,quarterlystateme32pale,doq,4,3
1900,quarterlystateme32pale,ein_feshkha,2,1
1900,quarterlystateme32pale,gerizim,8,2
1900,quarterlystateme32pale,gerizim_area,17,15
1900,quarterlystateme32pale,jer_baqa,3,2
1900,quarterlystateme32pale,jer_bethesda,1,0
1900,quarterlystateme32pale,jer_bir_ayyub,27,47
1900,quarterlystateme32pale,jer_kidron_east,1,1
1900,quarterlystateme32pale,jer_se_corner,1,1
1900,quarterlystateme32pale,jer_siloam,7,6
1900,quarterlystateme32pale,jer_temple,20,15
1900,quarterlystateme32pale,jer_tombs_kings,6,4
1900,quarterlystateme32pale,jericho_area,38,32
1900,quarterlystateme32pale,kh_qumran,1,1
1900,quarterlystateme32pale,kidron_generic,2,2
1900,quarterlystateme32pale,mar_saba,1,0
1900,quarterlystateme32pale,mount_zion,5,8
1900,quarterlystateme32pale,natuf,2,2
1900,quarterlystateme32pale,siloam_generic,4,3
1900,quarterlystateme32pale,tell_el_ful,7,7
1901,quarterlystateme33pale,beth_shean,12,12
1901,quarterlystateme33pale,buqeia,1,1
1901,quarterlystateme33pale,doq,2,2
1901,quarterlystateme33pale,ein_feshkha,3,3
1901,quarterlystateme33pale,gerizim,3,3
1901,quarterlystateme33pale,gerizim_area,14,9
1901,quarterlystateme33pale,jer_baqa,6,5
1901,quarterlystateme33pale,jer_bethesda,15,12
1901,quarterlystateme33pale,jer_bir_ayyub,3,3
1901,quarterlystateme33pale,jer_east_gate,1,1
1901,quarterlystateme33pale,jer_gethsemane,2,2
1901,quarterlystateme33pale,jer_siloam,3,2
1901,quarterlystateme33pale,jer_south_wall,1,1
1901,quarterlystateme33pale,jer_temple,16,12
1901,quarterlystateme33pale,jer_tombs_kings,10,8
1901,quarterlystateme33pale,jer_tyropoeon,1,2
1901,quarterlystateme33pale,jericho_area,18,11
1901,quarterlystateme33pale,jordan_ford,1,1
1901,quarterlystateme33pale,kidron_generic,4,4
1901,quarterlystateme33pale,mount_zion,6,5
1901,quarterlystateme33pale,siloam_generic,8,8
1901,quarterlystateme33pale,tekoa_herodium,3,3
1902,quarterlystateme34pale,beth_horon,10,6
1902,quarterlystateme34pale,beth_shean,3,3
1902,quarterlystateme34pale,choziba,4,3
1902,quarterlystateme34pale,dok_generic,1,1
1902,quarterlystateme34pale,doq,2,2
1902,quarterlystateme34pale,ein_feshkha,104,84
1902,quarterlystateme34pale,gerizim,10,4
1902,quarterlystateme34pale,gerizim_area,33,21
1902,quarterlystateme34pale,ibziq,1,1
1902,quarterlystateme34pale,jer_baqa,2,2
1902,quarterlystateme34pale,jer_bethesda,9,7
1902,quarterlystateme34pale,jer_bir_ayyub,1,3
1902,quarterlystateme34pale,jer_east_gate,2,2
1902,quarterlystateme34pale,jer_gethsemane,18,13
1902,quarterlystateme34pale,jer_kidron_mon,2,2
1902,quarterlystateme34pale,jer_siloam,22,13
1902,quarterlystateme34pale,jer_south_wall,1,1
1902,quarterlystateme34pale,jer_temple,31,25
1902,quarterlystateme34pale,jer_tombs_kings,6,4
1902,quarterlystateme34pale,jer_tyropoeon,10,10
1902,quarterlystateme34pale,jericho_area,22,16
1902,quarterlystateme34pale,jericho_palaces,1,0
1902,quarterlystateme34pale,jordan_ford,1,0
1902,quarterlystateme34pale,kh_qumran,10,3
1902,quarterlystateme34pale,kidron_generic,21,21
1902,quarterlystateme34pale,mount_zion,12,12
1902,quarterlystateme34pale,natuf,1,1
1902,quarterlystateme34pale,siloam_generic,18,18
1902,quarterlystateme34pale,tekoa_herodium,2,1
1902,quarterlystateme34pale,tell_el_ful,1,1
1902,quarterlystateme34pale,wadi_qumran,2,2
1903,quarterlystateme35pale,beth_shean,3,2
1903,quarterlystateme35pale,buqeia,4,3
1903,quarterlystateme35pale,dok_generic,8,8
1903,quarterlystateme35pale,doq,4,4
1903,quarterlystateme35pale,ein_feshkha,6,6
1903,quarterlystateme35pale,gerizim,6,6
1903,quarterlystateme35pale,gerizim_area,6,6
1903,quarterlystateme35pale,jer_baqa,2,2
1903,quarterlystateme35pale,jer_bethesda,2,2
1903,quarterlystateme35pale,jer_gethsemane,4,3
1903,quarterlystateme35pale,jer_kidron_mon,3,1
1903,quarterlystateme35pale,jer_se_corner,1,1
1903,quarterlystateme35pale,jer_siloam,2,1
1903,quarterlystateme35pale,jer_south_wall,3,3
1903,quarterlystateme35pale,jer_temple,59,55
1903,quarterlystateme35pale,jer_tombs_kings,9,8
1903,quarterlystateme35pale,jericho_area,19,14
1903,quarterlystateme35pale,jordan_ford,11,11
1903,quarterlystateme35pale,kh_qumran,3,7
1903,quarterlystateme35pale,kidron_generic,3,3
1903,quarterlystateme35pale,mar_saba,5,3
1903,quarterlystateme35pale,mount_zion,35,39
1903,quarterlystateme35pale,qelt_generic,2,2
1903,quarterlystateme35pale,siloam_generic,5,5
1903,quarterlystateme35pale,transjordan,1,1
1903,quarterlystateme35pale,wadi_qumran,10,10
1904,quarterlystateme36pale,beth_shean,2,2
1904,quarterlystateme36pale,buqeia,0,1
1904,quarterlystateme36pale,dok_generic,4,3
1904,quarterlystateme36pale,ein_feshkha,82,46
1904,quarterlystateme36pale,gerizim,3,1
1904,quarterlystateme36pale,gerizim_area,7,7
1904,quarterlystateme36pale,hyrcania,1,1
1904,quarterlystateme36pale,jer_baqa,7,6
1904,quarterlystateme36pale,jer_bethesda,8,6
1904,quarterlystateme36pale,jer_bir_ayyub,2,0
1904,quarterlystateme36pale,jer_east_gate,1,1
1904,quarterlystateme36pale,jer_kidron_mon,1,1
1904,quarterlystateme36pale,jer_se_corner,1,1
1904,quarterlystateme36pale,jer_siloam,9,6
1904,quarterlystateme36pale,jer_temple,21,16
1904,quarterlystateme36pale,jer_tombs_kings,7,5
1904,quarterlystateme36pale,jer_tyropoeon,2,2
1904,quarterlystateme36pale,jericho_area,33,29
1904,quarterlystateme36pale,jordan_ford,1,1
1904,quarterlystateme36pale,kh_qumran,2,2
1904,quarterlystateme36pale,kidron_generic,5,4
1904,quarterlystateme36pale,mar_saba,4,4
1904,quarterlystateme36pale,mount_zion,3,2
1904,quarterlystateme36pale,muhalhil,1,1
1904,quarterlystateme36pale,natuf,2,3
1904,quarterlystateme36pale,qelt_generic,12,9
1904,quarterlystateme36pale,ramat_rahel,1,1
1904,quarterlystateme36pale,siloam_generic,21,16
1904,quarterlystateme36pale,tekoa_herodium,2,2
1904,quarterlystateme36pale,tell_el_ful,3,3
1904,quarterlystateme36pale,tell_es_sultan,1,1
1904,quarterlystateme36pale,transjordan,1,0
1904,quarterlystateme36pale,wadi_qumran,1,0
1904,quarterlystateme36pale,x_khan_el_ahmar,1,1
1905,quarterlystateme37pale,beth_horon,4,4
1905,quarterlystateme37pale,beth_shean,5,7
1905,quarterlystateme37pale,dok_generic,3,3
1905,quarterlystateme37pale,doq,1,1
1905,quarterlystateme37pale,ein_feshkha,12,10
1905,quarterlystateme37pale,gerizim_area,16,18
1905,quarterlystateme37pale,jer_baqa,2,2
1905,quarterlystateme37pale,jer_bethesda,21,19
1905,quarterlystateme37pale,jer_bir_ayyub,2,2
1905,quarterlystateme37pale,jer_east_gate,1,1
1905,quarterlystateme37pale,jer_gethsemane,1,1
1905,quarterlystateme37pale,jer_se_corner,1,1
1905,quarterlystateme37pale,jer_siloam,11,11
1905,quarterlystateme37pale,jer_south_wall,1,1
1905,quarterlystateme37pale,jer_temple,28,24
1905,quarterlystateme37pale,jer_tombs_kings,7,6
1905,quarterlystateme37pale,jer_tyropoeon,3,4
1905,quarterlystateme37pale,jericho_area,16,11
1905,quarterlystateme37pale,jordan_ford,6,6
1905,quarterlystateme37pale,kh_qumran,2,2
1905,quarterlystateme37pale,kidron_generic,2,1
1905,quarterlystateme37pale,mount_zion,16,14
1905,quarterlystateme37pale,qelt_generic,5,6
1905,quarterlystateme37pale,siloam_generic,8,8
1905,quarterlystateme37pale,tekoa_herodium,1,1
1905,quarterlystateme37pale,tell_el_ful,1,1
1905,quarterlystateme37pale,transjordan,52,45
1905,quarterlystateme37pale,x_khan_el_ahmar,1,1
1905,quarterlystateme37pale,x_qarn_sartaba,2,1
1906,quarterlystateme38pale,beth_horon,1,1
1906,quarterlystateme38pale,beth_shean,1,0
1906,quarterlystateme38pale,carmel_siah,1,1
1906,quarterlystateme38pale,dok_generic,0,2
1906,quarterlystateme38pale,ein_feshkha,8,12
1906,quarterlystateme38pale,gerizim,4,4
1906,quarterlystateme38pale,gerizim_area,24,17
1906,quarterlystateme38pale,jer_baqa,1,1
1906,quarterlystateme38pale,jer_bethesda,8,6
1906,quarterlystateme38pale,jer_bir_ayyub,2,2
1906,quarterlystateme38pale,jer_east_gate,2,2
1906,quarterlystateme38pale,jer_gethsemane,1,1
1906,quarterlystateme38pale,jer_kidron_east,1,1
1906,quarterlystateme38pale,jer_se_corner,2,1
1906,quarterlystateme38pale,jer_siloam,10,9
1906,quarterlystateme38pale,jer_south_wall,5,5
1906,quarterlystateme38pale,jer_temple,28,22
1906,quarterlystateme38pale,jer_tombs_kings,6,5
1906,quarterlystateme38pale,jer_tyropoeon,4,2
1906,quarterlystateme38pale,jericho_area,30,24
1906,quarterlystateme38pale,kh_qumran,1,1
1906,quarterlystateme38pale,kidron_generic,2,2
1906,quarterlystateme38pale,mount_zion,8,7
1906,quarterlystateme38pale,muhalhil,1,2
1906,quarterlystateme38pale,natuf,1,2
1906,quarterlystateme38pale,qelt_generic,2,2
1906,quarterlystateme38pale,siloam_generic,14,14
1906,quarterlystateme38pale,tekoa_herodium,3,3
1906,quarterlystateme38pale,transjordan,4,3
1906,quarterlystateme38pale,wadi_qumran,1,1
1906,quarterlystateme38pale,x_khan_el_ahmar,2,2
1907,quarterlystateme39pale,beth_shean,43,41
1907,quarterlystateme39pale,doq,1,1
1907,quarterlystateme39pale,ein_feshkha,8,8
1907,quarterlystateme39pale,ein_ghuweir,4,3
1907,quarterlystateme39pale,ein_samiya,2,2
1907,quarterlystateme39pale,gerizim,4,4
1907,quarterlystateme39pale,gerizim_area,28,22
1907,quarterlystateme39pale,group:achor,1,1
1907,quarterlystateme39pale,group:zadok,2,2
1907,quarterlystateme39pale,ibziq,1,1
1907,quarterlystateme39pale,jer_baqa,4,3
1907,quarterlystateme39pale,jer_bethesda,6,6
1907,quarterlystateme39pale,jer_bir_ayyub,3,1
1907,quarterlystateme39pale,jer_east_gate,1,1
1907,quarterlystateme39pale,jer_gethsemane,5,3
1907,quarterlystateme39pale,jer_kidron_east,1,1
1907,quarterlystateme39pale,jer_kidron_mon,6,5
1907,quarterlystateme39pale,jer_siloam,4,4
1907,quarterlystateme39pale,jer_south_wall,3,3
1907,quarterlystateme39pale,jer_temple,29,26
1907,quarterlystateme39pale,jer_tombs_kings,7,7
1907,quarterlystateme39pale,jer_tyropoeon,8,5
1907,quarterlystateme39pale,jericho_area,24,22
1907,quarterlystateme39pale,jericho_palaces,1,0
1907,quarterlystateme39pale,jordan_ford,2,1
1907,quarterlystateme39pale,kidron_generic,6,6
1907,quarterlystateme39pale,mount_zion,28,24
1907,quarterlystateme39pale,muhalhil,0,2
1907,quarterlystateme39pale,qelt_generic,4,3
1907,quarterlystateme39pale,siloam_generic,17,15
1907,quarterlystateme39pale,tekoa_herodium,2,2
1907,quarterlystateme39pale,tell_es_sultan,1,1
1907,quarterlystateme39pale,transjordan,7,4
1907,quarterlystateme39pale,x_khan_el_ahmar,1,1
1908,quarterlystateme40pale,beth_horon,4,4
1908,quarterlystateme40pale,beth_shean,8,8
1908,quarterlystateme40pale,ein_feshkha,12,6
1908,quarterlystateme40pale,ein_samiya,1,1
1908,quarterlystateme40pale,gerizim_area,38,39
1908,quarterlystateme40pale,jer_baqa,9,8
1908,quarterlystateme40pale,jer_bethesda,1,1
1908,quarterlystateme40pale,jer_east_gate,7,6
1908,quarterlystateme40pale,jer_kidron_east,1,1
1908,quarterlystateme40pale,jer_kidron_mon,2,2
1908,quarterlystateme40pale,jer_siloam,3,3
1908,quarterlystateme40pale,jer_south_wall,2,2
1908,quarterlystateme40pale,jer_temple,19,20
1908,quarterlystateme40pale,jer_tombs_kings,5,4
1908,quarterlystateme40pale,jer_tyropoeon,1,1
1908,quarterlystateme40pale,jericho_area,15,17
1908,quarterlystateme40pale,jordan_ford,3,3
1908,quarterlystateme40pale,kidron_generic,3,3
1908,quarterlystateme40pale,mar_saba,1,1
1908,quarterlystateme40pale,mount_zion,3,3
1908,quarterlystateme40pale,qelt_generic,4,3
1908,quarterlystateme40pale,siloam_generic,11,13
1908,quarterlystateme40pale,tekoa_herodium,4,4
