pf_id,found_by,why_missed,volume,year,find_page,ia_identifier,leaf,author_or_reporter,place_as_written,place_id,distance_direction,find_type,report_kind,date_period,finder,disposition,quote,georef_confidence,relevance,ocr_flag
PF01,"post-freeze index recall check (index: 'Ain ed Dik, 1874, 86)",OCR and transliteration: 'Dik' for Duk and 'Noue'me' are outside the frozen patterns,QS 1874,1874,86,palestine-exploration-quarterly_1874-04,54,C. Clermont-Ganneau (letters),a tomb in a hillside at the wells of 'Ain ed Dik and 'Ain Noue'me,ain_duk,entrance visible from the bottom of the valley,tomb;sarcophagus,chance,,a Bedawi (opened it; used it as a granary),in situ; sarcophagi and lid fragments left in the chamber,"The chamber had been recently opened, I was told, by a Bedawi",high,"Doq and 'Ain Duk springs (Na'aran); 21 loculi, two sarcophagi, sculptured lid fragment",fair
PF02,"post-freeze index recall check (index: Kumran, 1903, 265; article starts 264)","window rule: graves and cave named, but no discovery term within 300 characters",QS 1903,1903,264,palestine-exploration-quarterly_1903,288,E. W. G. Masterman (Notes on some Ruins and a Rock-cut Aqueduct in the Wady Kumran),"Khurbet Abu Tabak, in the plain called El Bukeia",buqeia,near the road that crosses the plain from north to south,cave;tomb;structure,survey,antiquity (as judged),E. W. G. Masterman; his guide,in situ,a small cemetery evidently of antiquity,high,Buqeia (Achor and Sekakah questions); artificial cave 116 ft long with lamp recesses; guide says Arabs cut away an inscription (CLAIM),good
PF03,"post-freeze index recall check (index: Kumran, 1903, 265)",window rule: 'aqueduct' is not a find term; no strong or feature-plus-discovery term within 300 characters,QS 1903,1903,265-266,palestine-exploration-quarterly_1903,289,E. W. G. Masterman (Notes on some Ruins and a Rock-cut Aqueduct in the Wady Kumran),"the marl plateau below the Wady Kumran, toward Khurbet Kumran",kh_qumran,runs upwards of 400 yards toward the ruins; begins where the Wady Kumran leaves the cliffs,structure,survey,,E. W. G. Masterman,in situ,this built-up channel is but the continuation of a rock-cut aqueduct,high,Qumran water supply; the writer says it was not reported before,good
PF04,"post-freeze index recall check (index: Feshkhah, 1904, 167)","OCR garbled 'Ain es-Sultan ('dAzn es-Sulidn'), so no Jericho key matched on the page",QS 1904,1904,167,palestine-exploration-quarterly_1904,193,"E. W. G. Masterman (Dead Sea Observations, visit of 20-21 Nov. 1903)","'Ain es-Sultan, in the mud-brick debris of the tell",tell_es_sultan,at the spring; the miller's new house across the road,structure;other,chance,,workmen engaged in building,lying in the open,workmen engaged in building had unearthed two pedestals for columns,high,"Jericho, Tell es-Sultan at the spring (east side); not the strip north of the tell; exposure note applies",fair
PF05,"post-freeze index recall check (index: Siloam, 1904, 186)",window rule: 'drain' is not a find term,QS 1904,1904,186,palestine-exploration-quarterly_1904,212,"QS editors, from S. Merrill (Notes and News)",the Kidron Valley about 500 feet south of the Fountain of the Virgin,jer_siloam,about 500 feet south of the Fountain of the Virgin,structure,chance,,villagers of Silwan; examined by S. Merrill (630 ft measured),in situ,the villagers of Silwdn (Siloam) have recently discovered an ancient drain,high,Siloam and the Kidron below Gihon,good
PF06,"post-freeze index recall check (index: Siloam, 1886, 197)",window rule: the cited page has no find term near 'Siloam'; the find is reported two pages on,QS 1886,1886,199,palestine-exploration-quarterly_1886-10,47,C. Schick (Second Aqueduct to the Pool of Siloam),a shaft west of the road across the valley to Silwan,jer_siloam,60 ft west of the road opposite the path to the village,structure,excavation,,C. Schick,in situ; channel full of earth,"to our joy, the rock-hewn channel also",high,Siloam: the earlier conduit from the Virgin's Fountain,good
PF07,"post-freeze index recall check (index: Siloam, 1897, 98)",window rule: no find term within 300 characters,QS 1897,1897,98,palestine-exploration-quarterly_1897,126,F. J. Bliss (Excavations at Jerusalem),the wall and dam at the Pool of Siloam (conduit closed by wall NP),jer_siloam,,structure,excavation,,F. J. Bliss and A. C. Dickie,in situ,These conduits are hewn in the solid rock,high,Siloam: a branch matching Schick's 'Second Aqueduct',good
PF08,"post-freeze index recall check (index: Silwan 'Egyptian Tomb', 1902, 121)",OCR garbled the place name ('Siwy' for Silwan),QS 1902,1902,121,palestine-exploration-quarterly_1902,143,R. A. S. Macalister (Reports),the 'Egyptian Tomb' at Silwan,jer_kidron_east,,inscription;tomb,survey,old Hebrew (as judged),R. A. S. Macalister (visit of 21 Jan. 1902),in situ,the remains of the inscription over its door,high,"Silwan monolith; re-reading of Clermont-Ganneau's inscription, adds an initial letter",fair
PF09,"post-freeze index recall check (index: Quarantania, 1872, 59)",window rule: no find terms on the page,QS 1872,1872,59,palestine-exploration-quarterly_1872-04,33,not determined (Expedition to the East of Jordan),the ruins and thickets at the foot of Mons Quarantania,doq,"at the foot of the mountain, after bathing at Elisha's fountain",structure,survey,of no great antiquity (as judged),the expedition party,in situ,"fragments of water-conduits, mills, and houses, of no great antiquity",medium,Doq and Jericho: ruins below Jebel Qarantal; the oasis of Ain el-Dik lies farther north,good
