url,accessed,method,bytes,sha256,use
https://chre.ashmus.ox.ac.uk/search/?ox_hs[hoardCountries][]=103&ox_hs[hoardTerminalYearRangeStart]=-200&ox_hs[hoardTerminalYearRangeEnd]=140&page=1,2026-10-09,"curl (saved HTML, parsed as text)",2632130,06e3e566683d76788091b894d59813093e8c0c1f32e2251deed15c70570ddf37,"CHRE list of hoards by country (24 Jordan, 22 Israel, 103 Palestinian Territories), terminal year -200 to 140"
https://chre.ashmus.ox.ac.uk/search/?ox_hs[hoardCountries][]=103&ox_hs[hoardTerminalYearRangeStart]=-200&ox_hs[hoardTerminalYearRangeEnd]=140&page=2,2026-10-09,"curl (saved HTML, parsed as text)",2632573,59125a78ca0b8a8696e99162be224e5abb0bd83ea07ee465a76a2cb55e68045a,"CHRE list of hoards by country (24 Jordan, 22 Israel, 103 Palestinian Territories), terminal year -200 to 140"
https://chre.ashmus.ox.ac.uk/search/?ox_hs[hoardCountries][]=103&ox_hs[hoardTerminalYearRangeStart]=-200&ox_hs[hoardTerminalYearRangeEnd]=140&page=3,2026-10-09,"curl (saved HTML, parsed as text)",2620934,289aa6dca4546d7bd250aa24ae620051c95a768c40a78cd943c14fc679206394,"CHRE list of hoards by country (24 Jordan, 22 Israel, 103 Palestinian Territories), terminal year -200 to 140"
https://chre.ashmus.ox.ac.uk/search/?ox_hs[hoardCountries][]=22&ox_hs[hoardTerminalYearRangeStart]=-200&ox_hs[hoardTerminalYearRangeEnd]=140&page=1,2026-10-09,"curl (saved HTML, parsed as text)",2637350,fe4277a29e7e17b89ab1208310adb35e2939cce75a8e0687a96b43d28c42a1ac,"CHRE list of hoards by country (24 Jordan, 22 Israel, 103 Palestinian Territories), terminal year -200 to 140"
https://chre.ashmus.ox.ac.uk/search/?ox_hs[hoardCountries][]=22&ox_hs[hoardTerminalYearRangeStart]=-200&ox_hs[hoardTerminalYearRangeEnd]=140&page=2,2026-10-09,"curl (saved HTML, parsed as text)",2668313,5d9031019650ac119e9b06d674595e39aa4475c006c7e7d9003a50668205402d,"CHRE list of hoards by country (24 Jordan, 22 Israel, 103 Palestinian Territories), terminal year -200 to 140"
https://chre.ashmus.ox.ac.uk/search/?ox_hs[hoardCountries][]=22&ox_hs[hoardTerminalYearRangeStart]=-200&ox_hs[hoardTerminalYearRangeEnd]=140&page=3,2026-10-09,"curl (saved HTML, parsed as text)",2644693,2c99b29c95b506a51aa0208a86cc0ef343558d8264f0f046ebe260c9b739760b,"CHRE list of hoards by country (24 Jordan, 22 Israel, 103 Palestinian Territories), terminal year -200 to 140"
https://chre.ashmus.ox.ac.uk/search/?ox_hs[hoardCountries][]=22&ox_hs[hoardTerminalYearRangeStart]=-200&ox_hs[hoardTerminalYearRangeEnd]=140&page=4,2026-10-09,"curl (saved HTML, parsed as text)",2627033,23c1cfdab4340c2a80d159367c72f2874171e7567164bd5f45e2a06c5de53e4d,"CHRE list of hoards by country (24 Jordan, 22 Israel, 103 Palestinian Territories), terminal year -200 to 140"
https://chre.ashmus.ox.ac.uk/search/?ox_hs[hoardCountries][]=22&ox_hs[hoardTerminalYearRangeStart]=-200&ox_hs[hoardTerminalYearRangeEnd]=140&page=5,2026-10-09,"curl (saved HTML, parsed as text)",2624056,2842ccb82ee88f3624e2cb9d274de3e833822682ec42bf73d94cfe81a99626d1,"CHRE list of hoards by country (24 Jordan, 22 Israel, 103 Palestinian Territories), terminal year -200 to 140"
https://chre.ashmus.ox.ac.uk/search/?ox_hs[hoardCountries][]=22&ox_hs[hoardTerminalYearRangeStart]=-200&ox_hs[hoardTerminalYearRangeEnd]=140&page=6,2026-10-09,"curl (saved HTML, parsed as text)",2641320,5277c97c1ff30f18e45d960d3c850a28ab3471be386257b403195c6d39e1e0ec,"CHRE list of hoards by country (24 Jordan, 22 Israel, 103 Palestinian Territories), terminal year -200 to 140"
https://chre.ashmus.ox.ac.uk/search/?ox_hs[hoardCountries][]=22&ox_hs[hoardTerminalYearRangeStart]=-200&ox_hs[hoardTerminalYearRangeEnd]=140&page=7,2026-10-09,"curl (saved HTML, parsed as text)",2623821,a716f4eeb33185b832ecda39e105c7a17742335b917ca0c340d5c158c6ddba34,"CHRE list of hoards by country (24 Jordan, 22 Israel, 103 Palestinian Territories), terminal year -200 to 140"
https://chre.ashmus.ox.ac.uk/search/?ox_hs[hoardCountries][]=22&ox_hs[hoardTerminalYearRangeStart]=-200&ox_hs[hoardTerminalYearRangeEnd]=140&page=8,2026-10-09,"curl (saved HTML, parsed as text)",2623717,4d70d75302380936e18f11d4c4a00c5b84688135e2d5a0161335303a7df12413,"CHRE list of hoards by country (24 Jordan, 22 Israel, 103 Palestinian Territories), terminal year -200 to 140"
https://chre.ashmus.ox.ac.uk/search/?ox_hs[hoardCountries][]=22&ox_hs[hoardTerminalYearRangeStart]=-200&ox_hs[hoardTerminalYearRangeEnd]=140&page=9,2026-10-09,"curl (saved HTML, parsed as text)",2609139,5c8dd80095c095366b0d092f5ddb3d0f2075a874c2f457314466efb0e48cc145,"CHRE list of hoards by country (24 Jordan, 22 Israel, 103 Palestinian Territories), terminal year -200 to 140"
https://chre.ashmus.ox.ac.uk/search/?ox_hs[hoardCountries][]=22&ox_hs[hoardTerminalYearRangeStart]=-200&ox_hs[hoardTerminalYearRangeEnd]=140&page=10,2026-10-09,"curl (saved HTML, parsed as text)",2579079,841e90cfd95fdcb724a1bc44a9056db5fee9d0c6a920824e12565dbac9bbd64e,"CHRE list of hoards by country (24 Jordan, 22 Israel, 103 Palestinian Territories), terminal year -200 to 140"
https://chre.ashmus.ox.ac.uk/search/?ox_hs[hoardCountries][]=24&ox_hs[hoardTerminalYearRangeStart]=-200&ox_hs[hoardTerminalYearRangeEnd]=140&page=1,2026-10-09,"curl (saved HTML, parsed as text)",2583520,0222e3680bb79a52998af8cba3109d76b07c851914f64ec799416744fdaedb31,"CHRE list of hoards by country (24 Jordan, 22 Israel, 103 Palestinian Territories), terminal year -200 to 140"
https://chre.ashmus.ox.ac.uk/hoard/5386,2026-10-09,"curl (saved HTML, parsed as text)",87968,7399d6b5e7aee4e59a5250c8927f2266b1daa417e1d401a3e6c71ba8f207a46a,CHRE hoard record 5386
https://chre.ashmus.ox.ac.uk/hoard/5387,2026-10-09,"curl (saved HTML, parsed as text)",84603,79baf744d10f931791e0c0a4d2a87e105d7214afe86dff3b7ce9c57beefac8f2,CHRE hoard record 5387
https://chre.ashmus.ox.ac.uk/hoard/6935,2026-10-09,"curl (saved HTML, parsed as text)",67395,491f2689843532429ffdf2869493e2f9398ffd9f05429861c25cba7b842d4ca7,CHRE hoard record 6935
https://chre.ashmus.ox.ac.uk/hoard/7547,2026-10-09,"curl (saved HTML, parsed as text)",70869,f374c92d89cb07b4e0019d97f915a686f774058470453ff4898d586df24e218a,CHRE hoard record 7547
https://chre.ashmus.ox.ac.uk/hoard/7548,2026-10-09,"curl (saved HTML, parsed as text)",70642,be986e09f11e526778bfcbf096be6bb7b5295796726481233bcb73a2873da78d,CHRE hoard record 7548
https://chre.ashmus.ox.ac.uk/hoard/7564,2026-10-09,"curl (saved HTML, parsed as text)",71761,6bf3f8bf8d4d69f1d8c1e7299ad76f67bc9a1127d381d939dd8754a97f394631,CHRE hoard record 7564
https://chre.ashmus.ox.ac.uk/hoard/7584,2026-10-09,"curl (saved HTML, parsed as text)",70269,4ec44d3a29af81a908e7b12ae53e0363fe7f166bbee172f49b3c0f57a1bda654,CHRE hoard record 7584
https://chre.ashmus.ox.ac.uk/hoard/7594,2026-10-09,"curl (saved HTML, parsed as text)",74538,2e7a8fe9067610d11ed7756cb02965bb2c13650cc58d0df43912f72cef9b3f24,CHRE hoard record 7594
https://chre.ashmus.ox.ac.uk/hoard/7596,2026-10-09,"curl (saved HTML, parsed as text)",73707,2bac9ce3452f613eb25e2f567735aa0712efc556de0ebe86d67cd2d5e8e8412e,CHRE hoard record 7596
https://chre.ashmus.ox.ac.uk/hoard/7606,2026-10-09,"curl (saved HTML, parsed as text)",71725,da0ba1f34ba3691f9d173aa35d571595d970cca682fa8677cd7a903529e332fb,CHRE hoard record 7606
https://chre.ashmus.ox.ac.uk/hoard/7608,2026-10-09,"curl (saved HTML, parsed as text)",63672,758bcf4e9b42c04b9d651e75566bb9f6206270af54cbc3b11b6db9e4fad8cc57,CHRE hoard record 7608
https://chre.ashmus.ox.ac.uk/hoard/7618,2026-10-09,"curl (saved HTML, parsed as text)",68594,4d306d79064b4dc56feb6924ea6270cbcb6ce5214a5bfa65ee101a22f9ed35d6,CHRE hoard record 7618
https://chre.ashmus.ox.ac.uk/hoard/7653,2026-10-09,"curl (saved HTML, parsed as text)",67020,0f79d6a24b59713063b443c5578494d1f7cecf1a0714d0bd7075256051ca596e,CHRE hoard record 7653
https://chre.ashmus.ox.ac.uk/hoard/7691,2026-10-09,"curl (saved HTML, parsed as text)",66466,8c0260cede13f0bd02dda0f822305813afca75611290d629ad8fe9adaec9eb09,CHRE hoard record 7691
https://chre.ashmus.ox.ac.uk/hoard/7701,2026-10-09,"curl (saved HTML, parsed as text)",71102,2522fdd1c15d424b254f0bc4ab0510983526180f7a64dae72fa2fb92453dc8e3,CHRE hoard record 7701
https://chre.ashmus.ox.ac.uk/hoard/7702,2026-10-09,"curl (saved HTML, parsed as text)",73322,72651a88762b3c26675b6863ad22bb6644b62f3ee7c13bd4b45b0ecee74903e4,CHRE hoard record 7702
https://chre.ashmus.ox.ac.uk/hoard/7704,2026-10-09,"curl (saved HTML, parsed as text)",73059,c03175a7b1bcebb002eaab4a3403371702b8f387abefe2e535d69f756f0e6a2b,CHRE hoard record 7704
https://chre.ashmus.ox.ac.uk/hoard/7705,2026-10-09,"curl (saved HTML, parsed as text)",66859,8f4f49ea756343a5216e8e7c3db222787828b14fa8b733b753030fba1e79c6f3,CHRE hoard record 7705
https://chre.ashmus.ox.ac.uk/hoard/7722,2026-10-09,"curl (saved HTML, parsed as text)",70674,fdcfd12acf1f3a9ab5e6d58d74dc7da631aa3892a1753a690f99bb474d98e709,CHRE hoard record 7722
https://chre.ashmus.ox.ac.uk/hoard/7723,2026-10-09,"curl (saved HTML, parsed as text)",66730,554dec87df3a4ed40b45c9e40b0bb702e53f346e21400c1ec22d72c9a58684c1,CHRE hoard record 7723
https://chre.ashmus.ox.ac.uk/hoard/7725,2026-10-09,"curl (saved HTML, parsed as text)",70742,ab7bd885aafdaa8bb4b066775569491370578629959ff94c6bc08e0e82cd97e4,CHRE hoard record 7725
https://chre.ashmus.ox.ac.uk/hoard/7726,2026-10-09,"curl (saved HTML, parsed as text)",74285,88b7c4722d3e297f0fa44978b4f648a6543f378ea3ee6ca99b983bcacfc29a49,CHRE hoard record 7726
https://chre.ashmus.ox.ac.uk/hoard/7733,2026-10-09,"curl (saved HTML, parsed as text)",71395,1db713379be182a5219cca07f09854f8da1ef195fba5a5f0532a2a66a6aab038,CHRE hoard record 7733
https://chre.ashmus.ox.ac.uk/hoard/7740,2026-10-09,"curl (saved HTML, parsed as text)",68215,8141f3acb6a35d15e8b68aa23304926971f6a2e79df04825b2f1a42f9d802a95,CHRE hoard record 7740
https://chre.ashmus.ox.ac.uk/hoard/7813,2026-10-09,"curl (saved HTML, parsed as text)",79360,7989b5ee7085844363254489465402e6ab6b7466c3e0fa077bd130632e9f6164,CHRE hoard record 7813
https://chre.ashmus.ox.ac.uk/hoard/7819,2026-10-09,"curl (saved HTML, parsed as text)",69029,2f9d6f7da2ae7ef3973c66f509977f411deba8a13686c488af18b54b5b48911d,CHRE hoard record 7819
https://chre.ashmus.ox.ac.uk/hoard/7830,2026-10-09,"curl (saved HTML, parsed as text)",63501,8e37a3ed8f90a69dd3a5dd7f27a5c93e9991f4ea75fac9550a68bc614531343a,CHRE hoard record 7830
https://chre.ashmus.ox.ac.uk/hoard/7834,2026-10-09,"curl (saved HTML, parsed as text)",66389,ff1f3394aced44c82f7f8e38f3961259957d5c3ca479c25743421cbfe5415b2a,CHRE hoard record 7834
https://chre.ashmus.ox.ac.uk/hoard/7844,2026-10-09,"curl (saved HTML, parsed as text)",70290,56d376283dccf00d13a38815fda9383f024fadb69351a293546c70f63fde2953,CHRE hoard record 7844
https://chre.ashmus.ox.ac.uk/hoard/7953,2026-10-09,"curl (saved HTML, parsed as text)",70764,71cafe0759bd9cfbcf4f63d25345ab6eba0a4b459c4f52ffd37b2670c274c776,CHRE hoard record 7953
https://chre.ashmus.ox.ac.uk/hoard/7957,2026-10-09,"curl (saved HTML, parsed as text)",68090,073bf1b55e29b84db4e28b53d5be2879c00f92de7fea460d0e176b1f07009781,CHRE hoard record 7957
https://chre.ashmus.ox.ac.uk/hoard/7959,2026-10-09,"curl (saved HTML, parsed as text)",69374,297210a55ca032b67505fc51a39f16dba1d5ebc26d1afc992f2f9d444a02e0d7,CHRE hoard record 7959
https://chre.ashmus.ox.ac.uk/hoard/8033,2026-10-09,"curl (saved HTML, parsed as text)",63306,ffc13b3160592f95490bb12df5738bb0e31c736ef14ec76d08fd7680af83403d,CHRE hoard record 8033
https://chre.ashmus.ox.ac.uk/hoard/8046,2026-10-09,"curl (saved HTML, parsed as text)",69456,e18a4ad4811fb6bdde0b7ab704fae270fa7842afc631dc9d1ac5d86ab0d1c7e9,CHRE hoard record 8046
https://chre.ashmus.ox.ac.uk/hoard/8079,2026-10-09,"curl (saved HTML, parsed as text)",73863,7bd7f5636a18af1712b4e7f930823d34aed0c28014809d9eab70df630ac907e9,CHRE hoard record 8079
https://chre.ashmus.ox.ac.uk/hoard/8084,2026-10-09,"curl (saved HTML, parsed as text)",68683,6cee980ef80d2b36c288a6797f215e1c131c1f5c2c6d8b15d4e8303cd508b3ae,CHRE hoard record 8084
https://chre.ashmus.ox.ac.uk/hoard/8085,2026-10-09,"curl (saved HTML, parsed as text)",68154,68717603f5a86159cc1c3e4f4958d11cf1df37367cfdfdb6d62930c6b23352ad,CHRE hoard record 8085
https://chre.ashmus.ox.ac.uk/hoard/8086,2026-10-09,"curl (saved HTML, parsed as text)",68300,0ca8d0e0585c11db2aeada386ba2b35f64434ce68f2af1237431a47420bd7219,CHRE hoard record 8086
https://chre.ashmus.ox.ac.uk/hoard/8093,2026-10-09,"curl (saved HTML, parsed as text)",67777,73a03d9219014558e87b549d804d230c935290bd68f743c2dd0d113230520d67,CHRE hoard record 8093
https://chre.ashmus.ox.ac.uk/hoard/8095,2026-10-09,"curl (saved HTML, parsed as text)",66481,30bbe53789a2de32ee47201529abc26cea39718dcab58f5658176fde8a39f538,CHRE hoard record 8095
https://chre.ashmus.ox.ac.uk/hoard/8096,2026-10-09,"curl (saved HTML, parsed as text)",69926,024e3bdbe87ca3cb96490ad0c0f27c92fef2a016628a28eb3b9fc10bcaabf6f0,CHRE hoard record 8096
https://chre.ashmus.ox.ac.uk/hoard/8115,2026-10-09,"curl (saved HTML, parsed as text)",69174,3e623395e86d2d0af3e1094314b65454344a5e30e1090ca34f4459ff0b902308,CHRE hoard record 8115
https://chre.ashmus.ox.ac.uk/hoard/8134,2026-10-09,"curl (saved HTML, parsed as text)",65595,1968ef096a8f01a9902f0953dd7f122a91769f0499c2b36825da2e2c168ea664,CHRE hoard record 8134
https://chre.ashmus.ox.ac.uk/hoard/8149,2026-10-09,"curl (saved HTML, parsed as text)",69831,1abe55ad09bcbf66219b8a1d8be03847fdc5f7a6c0148a3089dd9673cc5d7bf0,CHRE hoard record 8149
https://chre.ashmus.ox.ac.uk/hoard/8159,2026-10-09,"curl (saved HTML, parsed as text)",67950,75809b493371b7e511caa312bac2f0e9b1e5d229ba1c8dfa505373521879492f,CHRE hoard record 8159
https://chre.ashmus.ox.ac.uk/hoard/8162,2026-10-09,"curl (saved HTML, parsed as text)",68848,09a52fc38a9f12178f48eb2f10ee8cc56c16b39c68a1f95de65e328f839715c7,CHRE hoard record 8162
https://chre.ashmus.ox.ac.uk/hoard/8172,2026-10-09,"curl (saved HTML, parsed as text)",71281,d8cbf37348ea12742f7de5475635bef87d32185acd93a4ea54cd8b0b13b1d5dd,CHRE hoard record 8172
https://chre.ashmus.ox.ac.uk/hoard/8173,2026-10-09,"curl (saved HTML, parsed as text)",77841,39e49a406781c77af09f03ae617f8a303f8263be805ba56fae4618eeccf49be5,CHRE hoard record 8173
https://chre.ashmus.ox.ac.uk/hoard/8178,2026-10-09,"curl (saved HTML, parsed as text)",67647,61464718acece0fa839dc213959774cdd3bc5dfc3b70fc79b270cc7679ea3bda,CHRE hoard record 8178
https://chre.ashmus.ox.ac.uk/hoard/8179,2026-10-09,"curl (saved HTML, parsed as text)",67535,ffa9b280a45ccec6e1717a2bc425b99b4a4b84be315e77b347e679b46458a596,CHRE hoard record 8179
https://chre.ashmus.ox.ac.uk/hoard/8180,2026-10-09,"curl (saved HTML, parsed as text)",67604,a38262eaec252d21266d35996f46aca60bd2194d97881c7d6b79c40232769b18,CHRE hoard record 8180
https://chre.ashmus.ox.ac.uk/hoard/8189,2026-10-09,"curl (saved HTML, parsed as text)",68854,7e6aca045745c7f89fab16201af7f92d962c80de51445f3ceefdf789a6b037d4,CHRE hoard record 8189
https://chre.ashmus.ox.ac.uk/hoard/8445,2026-10-09,"curl (saved HTML, parsed as text)",66786,8331ac7051bf6a8237e149014d70807c16be12f2da0f9a7503754d8c941ddac4,CHRE hoard record 8445
https://chre.ashmus.ox.ac.uk/hoard/8455,2026-10-09,"curl (saved HTML, parsed as text)",70078,74d6aaaf8a56f0ec46ef0e54d51de71979f799cf90420826bd2d23b1d0702cd9,CHRE hoard record 8455
https://chre.ashmus.ox.ac.uk/hoard/8457,2026-10-09,"curl (saved HTML, parsed as text)",63706,36883fd137fccbe950a79a262093f84d8e4edddefe13b30542f0e9ac0b078f4b,CHRE hoard record 8457
https://chre.ashmus.ox.ac.uk/hoard/8464,2026-10-09,"curl (saved HTML, parsed as text)",68404,bceea5e9e713bf454bce5a02276c8cb1ec96ff78fa968df79d079b4db65ca992,CHRE hoard record 8464
https://chre.ashmus.ox.ac.uk/hoard/8465,2026-10-09,"curl (saved HTML, parsed as text)",68064,b6406af6bb1695a4b6697de39c479e577a03b926c1f94cdf8d2310008e945fb5,CHRE hoard record 8465
https://chre.ashmus.ox.ac.uk/hoard/8466,2026-10-09,"curl (saved HTML, parsed as text)",68781,8696d1939fdeef13e22c05e02a89370e6d1287f5ef1f612fd49936588de14681,CHRE hoard record 8466
https://chre.ashmus.ox.ac.uk/hoard/8493,2026-10-09,"curl (saved HTML, parsed as text)",68248,7b5f750adc1389cbb289c6f77c34d7309cda726a46ecde101ffcd770bfee2994,CHRE hoard record 8493
https://chre.ashmus.ox.ac.uk/hoard/8495,2026-10-09,"curl (saved HTML, parsed as text)",68180,97251281b153fd3cb578dd05748a3d5459813a52d6888cdf9b8c51ae85ea85f5,CHRE hoard record 8495
https://chre.ashmus.ox.ac.uk/hoard/8498,2026-10-09,"curl (saved HTML, parsed as text)",65227,6399292eede98394f5e6dbe6e09662d875dd1f645c2224a139af0ae923c26175,CHRE hoard record 8498
https://chre.ashmus.ox.ac.uk/hoard/8499,2026-10-09,"curl (saved HTML, parsed as text)",69809,28704b116183d2b0590316a09004c02b4af06b8d1dabf4663455086b39bfee81,CHRE hoard record 8499
https://chre.ashmus.ox.ac.uk/hoard/8500,2026-10-09,"curl (saved HTML, parsed as text)",69075,bb133b644616b74632c4b5b8f353fe89b4c38722b8bd0bf16e0715fee5c6ffa0,CHRE hoard record 8500
https://chre.ashmus.ox.ac.uk/hoard/8501,2026-10-09,"curl (saved HTML, parsed as text)",69465,32eb0344b31049c9eae13bc4d5de2c4e8f49cd4c709763515a3ac6b6763a23e6,CHRE hoard record 8501
https://chre.ashmus.ox.ac.uk/hoard/8514,2026-10-09,"curl (saved HTML, parsed as text)",68510,ef69b727f4f80f8deb71aa7f770cac4dd7c0d776bad9ec19ea50572f4dd99aee,CHRE hoard record 8514
https://chre.ashmus.ox.ac.uk/hoard/8515,2026-10-09,"curl (saved HTML, parsed as text)",68731,146068313e42ca8dec4e1add4f069c90e40ca7790a74048372d23cdb2546fc00,CHRE hoard record 8515
https://chre.ashmus.ox.ac.uk/hoard/8669,2026-10-09,"curl (saved HTML, parsed as text)",70655,bf552654675a303510bd2f849ae86396f779449821de36be0ce5964eab432e6b,CHRE hoard record 8669
https://chre.ashmus.ox.ac.uk/hoard/8785,2026-10-09,"curl (saved HTML, parsed as text)",67361,9a56c3b4482227e293ebed1b66e0a771ee4788b62b3acbf60dc3363ae03b29b1,CHRE hoard record 8785
https://chre.ashmus.ox.ac.uk/hoard/8786,2026-10-09,"curl (saved HTML, parsed as text)",67163,3131424b957780de1f16139721755577ae4c13f7ae17c229fadb6a1838eb89e9,CHRE hoard record 8786
https://chre.ashmus.ox.ac.uk/hoard/9007,2026-10-09,"curl (saved HTML, parsed as text)",66817,4d3bf77a7bd1d5dbf6018d2f25041770705f006878154ab057a18efedaa503ac,CHRE hoard record 9007
https://chre.ashmus.ox.ac.uk/hoard/9008,2026-10-09,"curl (saved HTML, parsed as text)",66501,2c17e537cc5fe61e516029a9935391adb6d65ad2b4cd2cfc684ae1c039b99008,CHRE hoard record 9008
https://chre.ashmus.ox.ac.uk/hoard/9009,2026-10-09,"curl (saved HTML, parsed as text)",67268,c5c6e295510df65a7f02b16c1e567118f4e8e0221abe949411a8287a05fc5e04,CHRE hoard record 9009
https://chre.ashmus.ox.ac.uk/hoard/9010,2026-10-09,"curl (saved HTML, parsed as text)",66384,8339d41f03dbf2abfe5bd75d5f8461f9716a5e0a80d13fb4063191738992652f,CHRE hoard record 9010
https://chre.ashmus.ox.ac.uk/hoard/9011,2026-10-09,"curl (saved HTML, parsed as text)",66547,caa01c4c3c8263926c23454de9d4ac2c191b274b00444d56b839129bba01a9ce,CHRE hoard record 9011
https://chre.ashmus.ox.ac.uk/hoard/9012,2026-10-09,"curl (saved HTML, parsed as text)",70715,3200bf165c411f4e3fae08b976179710fa302e97791d33db65ce0de56cba66d9,CHRE hoard record 9012
https://chre.ashmus.ox.ac.uk/hoard/9016,2026-10-09,"curl (saved HTML, parsed as text)",68234,8ab3bf6b19203f7134f7feabec18c0c37466390797e414e07ec2908b45459f74,CHRE hoard record 9016
https://chre.ashmus.ox.ac.uk/hoard/20035,2026-10-09,"curl (saved HTML, parsed as text)",68542,335de9469bc94e7f9d9c14a8c8885572e647aa37cafae6ec4c18f09565fbd0ef,CHRE hoard record 20035
https://chre.ashmus.ox.ac.uk/hoard/20983,2026-10-09,"curl (saved HTML, parsed as text)",67397,e020f2abc3a2e0b48d0bfec2384c2026da01dd27c15cdf9309e3f205ae582f38,CHRE hoard record 20983
https://chre.ashmus.ox.ac.uk/hoard/20984,2026-10-09,"curl (saved HTML, parsed as text)",68397,cdb338fa992c0b84525d35ae53130485649da397d2a78719ce2702b6df1a3018,CHRE hoard record 20984
https://chre.ashmus.ox.ac.uk/hoard/20986,2026-10-09,"curl (saved HTML, parsed as text)",67618,fbc2b8c362a3286b7050b2a39f44fa75cc2817b795ea96e0f1ce42123b895f17,CHRE hoard record 20986
https://chre.ashmus.ox.ac.uk/hoard/20987,2026-10-09,"curl (saved HTML, parsed as text)",67220,8dbeefaeb39a7f1a5e133c672828c7ccaccef38224c3d3400f8f135e4a2fd5d5,CHRE hoard record 20987
https://chre.ashmus.ox.ac.uk/hoard/20988,2026-10-09,"curl (saved HTML, parsed as text)",67508,dd546c9ca9751ebd4860f61b9efaf8831055b46df3a105e24d291c5475a2527d,CHRE hoard record 20988
https://chre.ashmus.ox.ac.uk/hoard/20989,2026-10-09,"curl (saved HTML, parsed as text)",67806,8b869fc29f83b035f2c9a74e3133732a401f271c6739acbb9a007836d686d9f5,CHRE hoard record 20989
https://chre.ashmus.ox.ac.uk/hoard/20990,2026-10-09,"curl (saved HTML, parsed as text)",66847,e99baa82690e5090a029d464c640a23633c3b58d8bad111e13678c77ac2569ff,CHRE hoard record 20990
https://chre.ashmus.ox.ac.uk/hoard/21042,2026-10-09,"curl (saved HTML, parsed as text)",67022,470313a42342a69c0cef36a5f76294178dbd6feb9ad864bf7f575bc9013be39e,CHRE hoard record 21042
https://chre.ashmus.ox.ac.uk/hoard/21648,2026-10-09,"curl (saved HTML, parsed as text)",67051,ba2612b224ff019d1654f0f7632c470366cdb04c5365ebf9fefcc8ca22c382e2,CHRE hoard record 21648
https://byustudies.byu.edu/article/the-masada-fragments-the-qumran-scrolls-and-the-new-testament,2026-10-09,WebFetch (text summary; no local copy kept),,,Masada genizah context (row new02)
https://en.wikipedia.org/wiki/Cave_of_Letters,2026-10-09,WebFetch (text summary; no local copy kept),,,"Cave of Letters documents and vessel cache (rows new01, t02H22)"
https://www.jewishvirtuallibrary.org/judean-desert-caves,2026-10-09,WebFetch (text summary; no local copy kept),,,"Encyclopaedia Judaica 2007 text (rows new01, t02H22)"
https://www.coinworld.com/news/world-coins/silver-coin-hoard-found-in-israel.html,2026-10-09,WebFetch (text summary; no local copy kept),,,Modi'in 2016 hoard context (row t02X05)
https://ferrelljenkins.blog/2011/04/14/the-joy-of-hidden-treasures/,2026-10-09,WebFetch (text summary; no local copy kept),,,checked; 'Isfiya museum sign only; no new row
https://www.jpost.com/israel/archaeologists-find-120-coins-from-the-bar-kokhba-revolt-era-154373,2026-10-09,WebFetch (text summary; no local copy kept),,,checked; no find context given; no new row
research/agent_review_2026-10-07/wave1/T02_hoard_match/chre_details.json,2026-10-09,repository file (read only),152923,51d8a4cc8efab2454ee3aa91e26e4a096e37cd87b1e07665f24088f91ca95e40,reused T02 data
research/agent_review_2026-10-07/wave1/T02_hoard_match/chre_extra.json,2026-10-09,repository file (read only),7239,5502d43bc05e7b7ea7214fff3c40d0c374efd9b764b49cd9a88ffac2e13c9201,reused T02 data
research/agent_review_2026-10-07/wave1/T02_hoard_match/chre_list_raw.csv,2026-10-09,repository file (read only),40188,1a0d5ab1aa9843159f0f21fc826e8e15155ff778074e60ba2b9eb5e52161739b,reused T02 data
research/agent_review_2026-10-07/wave1/T02_hoard_match/hoards.json,2026-10-09,repository file (read only),66853,e5972e7f486ed7bac1e5db424f9174a855895f7f02b40e03b04f4069baa3e4d8,reused T02 data
research/agent_review_2026-10-07/wave1/T02_hoard_match/entry_features.csv,2026-10-09,repository file (read only),5584,a13ba89abb7c30ca40e665d95fca0910998ef3279b0d51ec5cbd99af02d9da75,reused T02 data
