unit_id,name,coded_by,A_C1,A_C2,A_C3s,A_C3t,B_C1,B_C2,B_C3s,B_C3t,final_C1,final_C2,final_C3s,final_C3t,A_features
S71,Tell Jenin,A,UNKNOWN,UNKNOWN,UNKNOWN,UNKNOWN,,,,,UNKNOWN,UNKNOWN,UNKNOWN,UNKNOWN,"{""C1"": [], ""C2"": [], ""C3s"": [], ""C3t"": []}"
S103,Kh. Bal'ame,A+B,UNKNOWN,UNKNOWN,UNKNOWN,UNKNOWN,UNKNOWN,UNKNOWN,UNKNOWN,UNKNOWN,UNKNOWN,UNKNOWN,UNKNOWN,UNKNOWN,"{""C1"": [], ""C2"": [], ""C3s"": [], ""C3t"": []}"
S153,Kh. Umm el-Buṭm,A,UNKNOWN,UNKNOWN,UNKNOWN,UNKNOWN,,,,,UNKNOWN,UNKNOWN,UNKNOWN,UNKNOWN,"{""C1"": [], ""C2"": [], ""C3s"": [], ""C3t"": []}"
S178,Kh. Tannin,A+B,UNKNOWN,UNKNOWN,UNKNOWN,UNKNOWN,UNKNOWN,UNKNOWN,UNKNOWN,UNKNOWN,UNKNOWN,UNKNOWN,UNKNOWN,UNKNOWN,"{""C1"": [], ""C2"": [], ""C3s"": [], ""C3t"": []}"
S200,Kh. Qa'un 3,A,UNKNOWN,UNKNOWN,UNKNOWN,UNKNOWN,,,,,UNKNOWN,UNKNOWN,UNKNOWN,UNKNOWN,"{""C1"": [], ""C2"": [], ""C3s"": [], ""C3t"": []}"
S206,Tell Qa'un,A,UNKNOWN,MATCH,MATCH,UNKNOWN,,,,,UNKNOWN,MATCH,MATCH,UNKNOWN,"{""C1"": [], ""C2"": [""f7""], ""C3s"": [""f8""], ""C3t"": []}"
S208,Khallaiyel Madkhul 2,A+B,UNKNOWN,UNKNOWN,UNKNOWN,UNKNOWN,UNKNOWN,UNKNOWN,UNKNOWN,UNKNOWN,UNKNOWN,UNKNOWN,UNKNOWN,UNKNOWN,"{""C1"": [], ""C2"": [], ""C3s"": [], ""C3t"": []}"
S214,Khallaiyel Madkhul 1,A,UNKNOWN,UNKNOWN,UNKNOWN,UNKNOWN,,,,,UNKNOWN,UNKNOWN,UNKNOWN,UNKNOWN,"{""C1"": [], ""C2"": [], ""C3s"": [], ""C3t"": []}"
S219,Tilfit,A,UNKNOWN,MATCH,UNKNOWN,UNKNOWN,,,,,UNKNOWN,MATCH,UNKNOWN,UNKNOWN,"{""C1"": [], ""C2"": [""f2"", ""f3""], ""C3s"": [], ""C3t"": []}"
S223,Kh. esh-Sheikh Safiryyan,A,UNKNOWN,MATCH,UNKNOWN,UNKNOWN,,,,,UNKNOWN,MATCH,UNKNOWN,UNKNOWN,"{""C1"": [], ""C2"": [""f7"", ""f8""], ""C3s"": [], ""C3t"": []}"
S241,Tell Mukehaz 2,A,UNKNOWN,UNKNOWN,UNKNOWN,UNKNOWN,,,,,UNKNOWN,UNKNOWN,UNKNOWN,UNKNOWN,"{""C1"": [], ""C2"": [], ""C3s"": [], ""C3t"": []}"
S257,Bardala,A,UNKNOWN,UNKNOWN,UNKNOWN,UNKNOWN,,,,,UNKNOWN,UNKNOWN,UNKNOWN,UNKNOWN,"{""C1"": [], ""C2"": [], ""C3s"": [], ""C3t"": []}"
S278,es-Sahl A,A,UNKNOWN,UNKNOWN,UNKNOWN,UNKNOWN,,,,,UNKNOWN,UNKNOWN,UNKNOWN,UNKNOWN,"{""C1"": [], ""C2"": [], ""C3s"": [], ""C3t"": []}"
S331,Kh. Ibziq,A,UNKNOWN,MATCH,UNKNOWN,UNKNOWN,,,,,UNKNOWN,MATCH,UNKNOWN,UNKNOWN,"{""C1"": [], ""C2"": [""f5"", ""f6"", ""f7"", ""f8""], ""C3s"": [], ""C3t"": []}"
S398,Tayasir,A,UNKNOWN,UNKNOWN,UNKNOWN,UNKNOWN,,,,,UNKNOWN,UNKNOWN,UNKNOWN,UNKNOWN,"{""C1"": [], ""C2"": [], ""C3s"": [], ""C3t"": []}"
S440,Kh. el-Maliḥ A,A,UNKNOWN,UNKNOWN,UNKNOWN,UNKNOWN,,,,,UNKNOWN,UNKNOWN,UNKNOWN,UNKNOWN,"{""C1"": [], ""C2"": [], ""C3s"": [], ""C3t"": []}"
S444,Kh. el-Maliḥ B,A,UNKNOWN,UNKNOWN,UNKNOWN,UNKNOWN,,,,,UNKNOWN,UNKNOWN,UNKNOWN,UNKNOWN,"{""C1"": [], ""C2"": [], ""C3s"": [], ""C3t"": []}"
S447,Fass ej-Jamal,A,UNKNOWN,UNKNOWN,UNKNOWN,UNKNOWN,,,,,UNKNOWN,UNKNOWN,UNKNOWN,UNKNOWN,"{""C1"": [], ""C2"": [], ""C3s"": [], ""C3t"": []}"
S493,Kh. Wahrane,A,UNKNOWN,UNKNOWN,UNKNOWN,UNKNOWN,,,,,UNKNOWN,UNKNOWN,UNKNOWN,UNKNOWN,"{""C1"": [], ""C2"": [], ""C3s"": [], ""C3t"": []}"
S503,E.P. 147 B,A,UNKNOWN,UNKNOWN,UNKNOWN,UNKNOWN,,,,,UNKNOWN,UNKNOWN,UNKNOWN,UNKNOWN,"{""C1"": [], ""C2"": [], ""C3s"": [], ""C3t"": []}"
S563,Yaṣid,A+B,UNKNOWN,UNKNOWN,UNKNOWN,UNKNOWN,UNKNOWN,UNKNOWN,UNKNOWN,UNKNOWN,UNKNOWN,UNKNOWN,UNKNOWN,UNKNOWN,"{""C1"": [], ""C2"": [], ""C3s"": [], ""C3t"": []}"
S577,Kh. es-Suwede,A,UNKNOWN,UNKNOWN,UNKNOWN,UNKNOWN,,,,,UNKNOWN,UNKNOWN,UNKNOWN,UNKNOWN,"{""C1"": [], ""C2"": [], ""C3s"": [], ""C3t"": []}"
S592,Kh. Burj el-Fari'a,A+B,MATCH,UNKNOWN,UNKNOWN,UNKNOWN,MATCH,UNKNOWN,UNKNOWN,UNKNOWN,MATCH,UNKNOWN,UNKNOWN,UNKNOWN,"{""C1"": [""f7""], ""C2"": [], ""C3s"": [], ""C3t"": []}"
S676,Kh. 'Aṭuf,A+B,UNKNOWN,UNKNOWN,FAIL,UNKNOWN,UNKNOWN,UNKNOWN,FAIL,UNKNOWN,UNKNOWN,UNKNOWN,FAIL,UNKNOWN,"{""C1"": [], ""C2"": [], ""C3s"": [], ""C3t"": []}"
S701,Khallet Makḥul,A,UNKNOWN,UNKNOWN,UNKNOWN,UNKNOWN,,,,,UNKNOWN,UNKNOWN,UNKNOWN,UNKNOWN,"{""C1"": [], ""C2"": [], ""C3s"": [], ""C3t"": []}"
S709,Kh. eṣ-Ṣun'a,A,UNKNOWN,UNKNOWN,UNKNOWN,UNKNOWN,,,,,UNKNOWN,UNKNOWN,UNKNOWN,UNKNOWN,"{""C1"": [], ""C2"": [], ""C3s"": [], ""C3t"": []}"
S743,Kh. Mufiyye,A,UNKNOWN,UNKNOWN,UNKNOWN,UNKNOWN,,,,,UNKNOWN,UNKNOWN,UNKNOWN,UNKNOWN,"{""C1"": [], ""C2"": [], ""C3s"": [], ""C3t"": []}"
S778,Kh. el-Kuz A,A+B,UNKNOWN,UNKNOWN,UNKNOWN,UNKNOWN,UNKNOWN,UNKNOWN,UNKNOWN,UNKNOWN,UNKNOWN,UNKNOWN,UNKNOWN,UNKNOWN,"{""C1"": [], ""C2"": [], ""C3s"": [], ""C3t"": []}"
S779,Tel el-Hadad,A,UNKNOWN,UNKNOWN,MATCH,UNKNOWN,,,,,UNKNOWN,UNKNOWN,MATCH,UNKNOWN,"{""C1"": [], ""C2"": [], ""C3s"": [""f1"", ""f2""], ""C3t"": []}"
S790,Bab en-Naqb,A+B,UNKNOWN,UNKNOWN,MATCH,UNKNOWN,UNKNOWN,UNKNOWN,MATCH,UNKNOWN,UNKNOWN,UNKNOWN,MATCH,UNKNOWN,"{""C1"": [], ""C2"": [], ""C3s"": [""f3"", ""f4""], ""C3t"": []}"
S791,'Ein Shibli',A,UNKNOWN,UNKNOWN,MATCH,UNKNOWN,,,,,UNKNOWN,UNKNOWN,MATCH,UNKNOWN,"{""C1"": [], ""C2"": [], ""C3s"": [""f3"", ""f4""], ""C3t"": []}"
S806,Kh. el-Kenisseh,A+B,UNKNOWN,UNKNOWN,UNKNOWN,UNKNOWN,UNKNOWN,UNKNOWN,UNKNOWN,UNKNOWN,UNKNOWN,UNKNOWN,UNKNOWN,UNKNOWN,"{""C1"": [], ""C2"": [], ""C3s"": [], ""C3t"": []}"
S825,'Askar,A,UNKNOWN,UNKNOWN,UNKNOWN,UNKNOWN,,,,,UNKNOWN,UNKNOWN,UNKNOWN,UNKNOWN,"{""C1"": [], ""C2"": [], ""C3s"": [], ""C3t"": []}"
E96,Balata - Ancient Shechem,A,UNKNOWN,UNKNOWN,MATCH,UNKNOWN,,,,,UNKNOWN,UNKNOWN,MATCH,UNKNOWN,"{""C1"": [], ""C2"": [], ""C3s"": [""f1""], ""C3t"": []}"
S836,Kh. el-Ghirur,A+B,UNKNOWN,UNKNOWN,UNKNOWN,UNKNOWN,UNKNOWN,UNKNOWN,UNKNOWN,UNKNOWN,UNKNOWN,UNKNOWN,UNKNOWN,UNKNOWN,"{""C1"": [], ""C2"": [], ""C3s"": [], ""C3t"": []}"
S839,Salim (Shechem),A,UNKNOWN,UNKNOWN,UNKNOWN,UNKNOWN,,,,,UNKNOWN,UNKNOWN,UNKNOWN,UNKNOWN,"{""C1"": [], ""C2"": [], ""C3s"": [], ""C3t"": []}"
E99,Tananir,A,UNKNOWN,MATCH,MATCH,UNKNOWN,,,,,UNKNOWN,MATCH,MATCH,UNKNOWN,"{""C1"": [], ""C2"": [""s4_s4f2""], ""C3s"": [""f4"", ""f5""], ""C3t"": []}"
S842,Kh. esh-Sheikh Nasrallah,A,MATCH,UNKNOWN,UNKNOWN,UNKNOWN,,,,,MATCH,UNKNOWN,UNKNOWN,UNKNOWN,"{""C1"": [""f11""], ""C2"": [], ""C3s"": [], ""C3t"": []}"
S845,Kh. es-Saleh,A,UNKNOWN,MATCH,MATCH,UNKNOWN,,,,,UNKNOWN,MATCH,MATCH,UNKNOWN,"{""C1"": [], ""C2"": [""f2""], ""C3s"": [""f3"", ""f4""], ""C3t"": []}"
S848,Kh. Maraḥ el-'Inab,A,UNKNOWN,UNKNOWN,MATCH,UNKNOWN,,,,,UNKNOWN,UNKNOWN,MATCH,UNKNOWN,"{""C1"": [], ""C2"": [], ""C3s"": [""f2"", ""f3""], ""C3t"": []}"
S857,Tell Abu Sidreh,A+B,UNKNOWN,UNKNOWN,UNKNOWN,UNKNOWN,UNKNOWN,UNKNOWN,UNKNOWN,UNKNOWN,UNKNOWN,UNKNOWN,UNKNOWN,UNKNOWN,"{""C1"": [], ""C2"": [], ""C3s"": [], ""C3t"": []}"
S874,Kh. Baṣaliyye,A,UNKNOWN,UNKNOWN,UNKNOWN,UNKNOWN,,,,,UNKNOWN,UNKNOWN,UNKNOWN,UNKNOWN,"{""C1"": [], ""C2"": [], ""C3s"": [], ""C3t"": []}"
S876,Ras Muhammad,A+B,UNKNOWN,UNKNOWN,UNKNOWN,UNKNOWN,UNKNOWN,UNKNOWN,UNKNOWN,UNKNOWN,UNKNOWN,UNKNOWN,UNKNOWN,UNKNOWN,"{""C1"": [], ""C2"": [], ""C3s"": [], ""C3t"": []}"
S888,Kh. Kafr Beita,A,UNKNOWN,UNKNOWN,UNKNOWN,UNKNOWN,,,,,UNKNOWN,UNKNOWN,UNKNOWN,UNKNOWN,"{""C1"": [], ""C2"": [], ""C3s"": [], ""C3t"": []}"
S916,en-Na'ajeh 4,A+B,UNKNOWN,UNKNOWN,UNKNOWN,UNKNOWN,UNKNOWN,UNKNOWN,UNKNOWN,UNKNOWN,UNKNOWN,UNKNOWN,UNKNOWN,UNKNOWN,"{""C1"": [], ""C2"": [], ""C3s"": [], ""C3t"": []}"
S961,Kh. el-Butmen,A+B,UNKNOWN,UNKNOWN,UNKNOWN,UNKNOWN,UNKNOWN,UNKNOWN,UNKNOWN,UNKNOWN,UNKNOWN,UNKNOWN,UNKNOWN,UNKNOWN,"{""C1"": [], ""C2"": [], ""C3s"": [], ""C3t"": []}"
S1003,el-Medakakin,A,UNKNOWN,UNKNOWN,UNKNOWN,UNKNOWN,,,,,UNKNOWN,UNKNOWN,UNKNOWN,UNKNOWN,"{""C1"": [], ""C2"": [], ""C3s"": [], ""C3t"": []}"
S1019,Joret el-Karaireh,A,UNKNOWN,UNKNOWN,UNKNOWN,UNKNOWN,,,,,UNKNOWN,UNKNOWN,UNKNOWN,UNKNOWN,"{""C1"": [], ""C2"": [], ""C3s"": [], ""C3t"": []}"
S1029,Kh. Tana et-Tahta,A,UNKNOWN,UNKNOWN,MATCH,UNKNOWN,,,,,UNKNOWN,UNKNOWN,MATCH,UNKNOWN,"{""C1"": [], ""C2"": [], ""C3s"": [""f5""], ""C3t"": []}"
S1031,Umm Sawaneh 1,A,UNKNOWN,UNKNOWN,UNKNOWN,UNKNOWN,,,,,UNKNOWN,UNKNOWN,UNKNOWN,UNKNOWN,"{""C1"": [], ""C2"": [], ""C3s"": [], ""C3t"": []}"
S1032,Udala,A,UNKNOWN,MATCH,MATCH,UNKNOWN,,,,,UNKNOWN,MATCH,MATCH,UNKNOWN,"{""C1"": [], ""C2"": [""f3"", ""f4""], ""C3s"": [""f5"", ""f6"", ""f7""], ""C3t"": []}"
S1035,Kh. Matar,A,UNKNOWN,UNKNOWN,UNKNOWN,UNKNOWN,,,,,UNKNOWN,UNKNOWN,UNKNOWN,UNKNOWN,"{""C1"": [], ""C2"": [], ""C3s"": [], ""C3t"": []}"
S1042,Umm Sawaneh 4,A,UNKNOWN,UNKNOWN,UNKNOWN,UNKNOWN,,,,,UNKNOWN,UNKNOWN,UNKNOWN,UNKNOWN,"{""C1"": [], ""C2"": [], ""C3s"": [], ""C3t"": []}"
S1060,E.P. 236,A,UNKNOWN,UNKNOWN,UNKNOWN,UNKNOWN,,,,,UNKNOWN,UNKNOWN,UNKNOWN,UNKNOWN,"{""C1"": [], ""C2"": [], ""C3s"": [], ""C3t"": []}"
S1061,-,A,UNKNOWN,UNKNOWN,UNKNOWN,UNKNOWN,,,,,UNKNOWN,UNKNOWN,UNKNOWN,UNKNOWN,"{""C1"": [], ""C2"": [], ""C3s"": [], ""C3t"": []}"
S1080,Tell el-Mazar,A,UNKNOWN,UNKNOWN,UNKNOWN,UNKNOWN,,,,,UNKNOWN,UNKNOWN,UNKNOWN,UNKNOWN,"{""C1"": [], ""C2"": [], ""C3s"": [], ""C3t"": []}"
S1089,'Iraq er-Resifeh 4,A,UNKNOWN,MATCH,UNKNOWN,UNKNOWN,,,,,UNKNOWN,MATCH,UNKNOWN,UNKNOWN,"{""C1"": [], ""C2"": [""f2""], ""C3s"": [], ""C3t"": []}"
S1092,Wadi edh-Dhba' 3,A,UNKNOWN,MATCH,UNKNOWN,UNKNOWN,,,,,UNKNOWN,MATCH,UNKNOWN,UNKNOWN,"{""C1"": [], ""C2"": [""f1"", ""f2"", ""f5""], ""C3s"": [], ""C3t"": []}"
S1109,-,A,UNKNOWN,UNKNOWN,UNKNOWN,UNKNOWN,,,,,UNKNOWN,UNKNOWN,UNKNOWN,UNKNOWN,"{""C1"": [], ""C2"": [], ""C3s"": [], ""C3t"": []}"
S1116,Tell eṣ-Ṣimadi,A,UNKNOWN,UNKNOWN,MATCH,UNKNOWN,,,,,UNKNOWN,UNKNOWN,MATCH,UNKNOWN,"{""C1"": [], ""C2"": [], ""C3s"": [""f7"", ""f8""], ""C3t"": []}"
S1137,Qarawet et-Tahta,A,UNKNOWN,MATCH,MATCH,UNKNOWN,,,,,UNKNOWN,MATCH,MATCH,UNKNOWN,"{""C1"": [], ""C2"": [""f6""], ""C3s"": [""f4""], ""C3t"": []}"
S1148,-,A,UNKNOWN,MATCH,UNKNOWN,UNKNOWN,,,,,UNKNOWN,MATCH,UNKNOWN,UNKNOWN,"{""C1"": [], ""C2"": [""f2""], ""C3s"": [], ""C3t"": []}"
S1163,'Ain Abu Daraj Fort,A+B,UNKNOWN,UNKNOWN,UNKNOWN,UNKNOWN,UNKNOWN,UNKNOWN,UNKNOWN,UNKNOWN,UNKNOWN,UNKNOWN,UNKNOWN,UNKNOWN,"{""C1"": [], ""C2"": [], ""C3s"": [], ""C3t"": []}"
S1169,Wadi Khallal el-Fal 1,A,UNKNOWN,MATCH,UNKNOWN,UNKNOWN,,,,,UNKNOWN,MATCH,UNKNOWN,UNKNOWN,"{""C1"": [], ""C2"": [""f5""], ""C3s"": [], ""C3t"": []}"
S1170,Umm Hallal,A,UNKNOWN,UNKNOWN,UNKNOWN,UNKNOWN,,,,,UNKNOWN,UNKNOWN,UNKNOWN,UNKNOWN,"{""C1"": [], ""C2"": [], ""C3s"": [], ""C3t"": []}"
S5986,Wadi Zamor 4,A,UNKNOWN,UNKNOWN,UNKNOWN,UNKNOWN,,,,,UNKNOWN,UNKNOWN,UNKNOWN,UNKNOWN,"{""C1"": [], ""C2"": [], ""C3s"": [], ""C3t"": []}"
S1173,Rujm es-Si'a,A,UNKNOWN,UNKNOWN,UNKNOWN,UNKNOWN,,,,,UNKNOWN,UNKNOWN,UNKNOWN,UNKNOWN,"{""C1"": [], ""C2"": [], ""C3s"": [], ""C3t"": []}"
S1200,Kh. 'Afrata,A,UNKNOWN,MATCH,UNKNOWN,UNKNOWN,,,,,UNKNOWN,MATCH,UNKNOWN,UNKNOWN,"{""C1"": [], ""C2"": [""f7""], ""C3s"": [], ""C3t"": []}"
S1209,Kh. Samara,A,UNKNOWN,UNKNOWN,UNKNOWN,UNKNOWN,,,,,UNKNOWN,UNKNOWN,UNKNOWN,UNKNOWN,"{""C1"": [], ""C2"": [], ""C3s"": [], ""C3t"": []}"
S1217,Kh. 'Afrit,A,UNKNOWN,MATCH,UNKNOWN,UNKNOWN,,,,,UNKNOWN,MATCH,UNKNOWN,UNKNOWN,"{""C1"": [], ""C2"": [""f1"", ""f2"", ""f5""], ""C3s"": [], ""C3t"": []}"
S1218,Yatma,A,MATCH,UNKNOWN,UNKNOWN,UNKNOWN,,,,,MATCH,UNKNOWN,UNKNOWN,UNKNOWN,"{""C1"": [""f2""], ""C2"": [], ""C3s"": [], ""C3t"": []}"
S1245,Kh. Tuweiyil,A,UNKNOWN,UNKNOWN,UNKNOWN,UNKNOWN,,,,,UNKNOWN,UNKNOWN,UNKNOWN,UNKNOWN,"{""C1"": [], ""C2"": [], ""C3s"": [], ""C3t"": []}"
S1252,Kh. Miras ed-Din,A+B,UNKNOWN,UNKNOWN,UNKNOWN,UNKNOWN,UNKNOWN,UNKNOWN,UNKNOWN,UNKNOWN,UNKNOWN,UNKNOWN,UNKNOWN,UNKNOWN,"{""C1"": [], ""C2"": [], ""C3s"": [], ""C3t"": []}"
S1253,ed-Dirs,A,UNKNOWN,UNKNOWN,UNKNOWN,UNKNOWN,,,,,UNKNOWN,UNKNOWN,UNKNOWN,UNKNOWN,"{""C1"": [], ""C2"": [], ""C3s"": [], ""C3t"": []}"
S1269,Kh. Tawil 1,A,UNKNOWN,UNKNOWN,UNKNOWN,UNKNOWN,,,,,UNKNOWN,UNKNOWN,UNKNOWN,UNKNOWN,"{""C1"": [], ""C2"": [], ""C3s"": [], ""C3t"": []}"
S1275,Masu'a 2,A,UNKNOWN,MATCH,UNKNOWN,UNKNOWN,,,,,UNKNOWN,MATCH,UNKNOWN,UNKNOWN,"{""C1"": [], ""C2"": [""f3""], ""C3s"": [], ""C3t"": []}"
S1283,Qarn Sarṭaba,A,UNKNOWN,MATCH,UNKNOWN,UNKNOWN,,,,,UNKNOWN,MATCH,UNKNOWN,UNKNOWN,"{""C1"": [], ""C2"": [""f11""], ""C3s"": [], ""C3t"": []}"
S1295,"Lower Sartaba, Kh. Kuffah",A,UNKNOWN,UNKNOWN,UNKNOWN,UNKNOWN,,,,,UNKNOWN,UNKNOWN,UNKNOWN,UNKNOWN,"{""C1"": [], ""C2"": [], ""C3s"": [], ""C3t"": []}"
S1334,'Ain el-Mana',A,UNKNOWN,UNKNOWN,UNKNOWN,UNKNOWN,,,,,UNKNOWN,UNKNOWN,UNKNOWN,UNKNOWN,"{""C1"": [], ""C2"": [], ""C3s"": [], ""C3t"": []}"
S1336,Tell 'Abeid 1,A,UNKNOWN,UNKNOWN,UNKNOWN,UNKNOWN,,,,,UNKNOWN,UNKNOWN,UNKNOWN,UNKNOWN,"{""C1"": [], ""C2"": [], ""C3s"": [], ""C3t"": []}"
S1346,Tell 'Abeid 2,A,UNKNOWN,UNKNOWN,UNKNOWN,UNKNOWN,,,,,UNKNOWN,UNKNOWN,UNKNOWN,UNKNOWN,"{""C1"": [], ""C2"": [], ""C3s"": [], ""C3t"": []}"
S1348,Kh. esh-Shuna,A,UNKNOWN,UNKNOWN,UNKNOWN,UNKNOWN,,,,,UNKNOWN,UNKNOWN,UNKNOWN,UNKNOWN,"{""C1"": [], ""C2"": [], ""C3s"": [], ""C3t"": []}"
S1380,Kh. el-Qariq,A+B,UNKNOWN,UNKNOWN,UNKNOWN,UNKNOWN,UNKNOWN,UNKNOWN,UNKNOWN,UNKNOWN,UNKNOWN,UNKNOWN,UNKNOWN,UNKNOWN,"{""C1"": [], ""C2"": [], ""C3s"": [], ""C3t"": []}"
S1382,Yafit 8,A,MATCH,UNKNOWN,UNKNOWN,UNKNOWN,,,,,MATCH,UNKNOWN,UNKNOWN,UNKNOWN,"{""C1"": [""f1""], ""C2"": [], ""C3s"": [], ""C3t"": []}"
S1390,Wadi Ahmar 4,A+B,UNKNOWN,UNKNOWN,UNKNOWN,UNKNOWN,UNKNOWN,UNKNOWN,UNKNOWN,UNKNOWN,UNKNOWN,UNKNOWN,UNKNOWN,UNKNOWN,"{""C1"": [], ""C2"": [], ""C3s"": [], ""C3t"": []}"
S1394,Kh. 'Ein 'Eina,A,UNKNOWN,UNKNOWN,UNKNOWN,UNKNOWN,,,,,UNKNOWN,UNKNOWN,UNKNOWN,UNKNOWN,"{""C1"": [], ""C2"": [], ""C3s"": [], ""C3t"": []}"
S1432,Qaryut,A,UNKNOWN,UNKNOWN,UNKNOWN,UNKNOWN,,,,,UNKNOWN,UNKNOWN,UNKNOWN,UNKNOWN,"{""C1"": [], ""C2"": [], ""C3s"": [], ""C3t"": []}"
S1436,Jalud,A,UNKNOWN,UNKNOWN,UNKNOWN,UNKNOWN,,,,,UNKNOWN,UNKNOWN,UNKNOWN,UNKNOWN,"{""C1"": [], ""C2"": [], ""C3s"": [], ""C3t"": []}"
S1441,el-Marmale,A,UNKNOWN,UNKNOWN,UNKNOWN,UNKNOWN,,,,,UNKNOWN,UNKNOWN,UNKNOWN,UNKNOWN,"{""C1"": [], ""C2"": [], ""C3s"": [], ""C3t"": []}"
S1443,E.P. -145,A,UNKNOWN,UNKNOWN,UNKNOWN,UNKNOWN,,,,,UNKNOWN,UNKNOWN,UNKNOWN,UNKNOWN,"{""C1"": [], ""C2"": [], ""C3s"": [], ""C3t"": []}"
S1457,Tal'at 'Amreh 1,A,UNKNOWN,UNKNOWN,UNKNOWN,UNKNOWN,,,,,UNKNOWN,UNKNOWN,UNKNOWN,UNKNOWN,"{""C1"": [], ""C2"": [], ""C3s"": [], ""C3t"": []}"
S1458,Kh. el-Qasr A,A+B,UNKNOWN,UNKNOWN,UNKNOWN,UNKNOWN,UNKNOWN,UNKNOWN,UNKNOWN,UNKNOWN,UNKNOWN,UNKNOWN,UNKNOWN,UNKNOWN,"{""C1"": [], ""C2"": [], ""C3s"": [], ""C3t"": []}"
S1469,Kh. Birkat el-Qasr,A,UNKNOWN,UNKNOWN,UNKNOWN,UNKNOWN,,,,,UNKNOWN,UNKNOWN,UNKNOWN,UNKNOWN,"{""C1"": [], ""C2"": [], ""C3s"": [], ""C3t"": []}"
S1474,Yafit 3,A,UNKNOWN,UNKNOWN,UNKNOWN,UNKNOWN,,,,,UNKNOWN,UNKNOWN,UNKNOWN,UNKNOWN,"{""C1"": [], ""C2"": [], ""C3s"": [], ""C3t"": []}"
S1481,-,A,UNKNOWN,UNKNOWN,UNKNOWN,UNKNOWN,,,,,UNKNOWN,UNKNOWN,UNKNOWN,UNKNOWN,"{""C1"": [], ""C2"": [], ""C3s"": [], ""C3t"": []}"
S1486,Rujm Abu Muḥeir,A,UNKNOWN,UNKNOWN,UNKNOWN,UNKNOWN,,,,,UNKNOWN,UNKNOWN,UNKNOWN,UNKNOWN,"{""C1"": [], ""C2"": [], ""C3s"": [], ""C3t"": []}"
S1488,Kh. Sara,A+B,UNKNOWN,UNKNOWN,UNKNOWN,UNKNOWN,UNKNOWN,UNKNOWN,UNKNOWN,UNKNOWN,UNKNOWN,UNKNOWN,UNKNOWN,UNKNOWN,"{""C1"": [], ""C2"": [], ""C3s"": [], ""C3t"": []}"
S1492,Tell Shiloh,A+B,UNKNOWN,MATCH,UNKNOWN,UNKNOWN,UNKNOWN,MATCH,UNKNOWN,UNKNOWN,UNKNOWN,MATCH,UNKNOWN,UNKNOWN,"{""C1"": [], ""C2"": [""s4_s4f3"", ""s4_s4f5""], ""C3s"": [], ""C3t"": []}"
S6040,Tell esh-Sheikh Dhiab,A+B,MATCH,MATCH,UNKNOWN,UNKNOWN,MATCH,MATCH,UNKNOWN,UNKNOWN,MATCH,MATCH,UNKNOWN,UNKNOWN,"{""C1"": [""f4""], ""C2"": [""f5""], ""C3s"": [], ""C3t"": []}"
S1502,Kh. Sara C,A,UNKNOWN,MATCH,MATCH,UNKNOWN,,,,,UNKNOWN,MATCH,MATCH,UNKNOWN,"{""C1"": [], ""C2"": [""f3""], ""C3s"": [""f4""], ""C3t"": []}"
S1509,-,A+B,MATCH,UNKNOWN,UNKNOWN,UNKNOWN,MATCH,UNKNOWN,UNKNOWN,UNKNOWN,MATCH,UNKNOWN,UNKNOWN,UNKNOWN,"{""C1"": [""f1"", ""f2"", ""f6""], ""C2"": [], ""C3s"": [], ""C3t"": []}"
S1511,Jebel Shi'b el-Misr,A,UNKNOWN,UNKNOWN,UNKNOWN,UNKNOWN,,,,,UNKNOWN,UNKNOWN,UNKNOWN,UNKNOWN,"{""C1"": [], ""C2"": [], ""C3s"": [], ""C3t"": []}"
S1516,Kh. Najmat Khuneifis,A,UNKNOWN,UNKNOWN,UNKNOWN,UNKNOWN,,,,,UNKNOWN,UNKNOWN,UNKNOWN,UNKNOWN,"{""C1"": [], ""C2"": [], ""C3s"": [], ""C3t"": []}"
S1525,Kh. er-Rafid,A,UNKNOWN,UNKNOWN,MATCH,UNKNOWN,,,,,UNKNOWN,UNKNOWN,MATCH,UNKNOWN,"{""C1"": [], ""C2"": [], ""C3s"": [""f1""], ""C3t"": []}"
S1537,Tell esh-Sheikh Dhiab,A,UNKNOWN,UNKNOWN,UNKNOWN,UNKNOWN,,,,,UNKNOWN,UNKNOWN,UNKNOWN,UNKNOWN,"{""C1"": [], ""C2"": [], ""C3s"": [], ""C3t"": []}"
S1563,Turmus 'Aiya,A,UNKNOWN,UNKNOWN,UNKNOWN,UNKNOWN,,,,,UNKNOWN,UNKNOWN,UNKNOWN,UNKNOWN,"{""C1"": [], ""C2"": [], ""C3s"": [], ""C3t"": []}"
S5991,Fussail 2,A,MATCH,UNKNOWN,UNKNOWN,UNKNOWN,,,,,MATCH,UNKNOWN,UNKNOWN,UNKNOWN,"{""C1"": [""f2"", ""f3""], ""C2"": [], ""C3s"": [], ""C3t"": []}"
S1579,Kh. Faṣayil,A,UNKNOWN,UNKNOWN,UNKNOWN,UNKNOWN,,,,,UNKNOWN,UNKNOWN,UNKNOWN,UNKNOWN,"{""C1"": [], ""C2"": [], ""C3s"": [], ""C3t"": []}"
S1593,Kh. ed-Dashe,A,UNKNOWN,UNKNOWN,UNKNOWN,UNKNOWN,,,,,UNKNOWN,UNKNOWN,UNKNOWN,UNKNOWN,"{""C1"": [], ""C2"": [], ""C3s"": [], ""C3t"": []}"
S1597,Kh. el-Budud,A,UNKNOWN,UNKNOWN,UNKNOWN,UNKNOWN,,,,,UNKNOWN,UNKNOWN,UNKNOWN,UNKNOWN,"{""C1"": [], ""C2"": [], ""C3s"": [], ""C3t"": []}"
S1609,Kh. Siya',A,UNKNOWN,UNKNOWN,UNKNOWN,UNKNOWN,,,,,UNKNOWN,UNKNOWN,UNKNOWN,UNKNOWN,"{""C1"": [], ""C2"": [], ""C3s"": [], ""C3t"": []}"
S1658,Kh. Marjame,A,UNKNOWN,UNKNOWN,MATCH,UNKNOWN,,,,,UNKNOWN,UNKNOWN,MATCH,UNKNOWN,"{""C1"": [], ""C2"": [], ""C3s"": [""f6"", ""f8"", ""f9""], ""C3t"": []}"
S1667,Kh. Samiyye,A+B,UNKNOWN,MATCH,MATCH,UNKNOWN,UNKNOWN,MATCH,MATCH,UNKNOWN,UNKNOWN,MATCH,MATCH,UNKNOWN,"{""C1"": [], ""C2"": [""f9""], ""C3s"": [""f12"", ""f14"", ""f15"", ""s4_s4f1"", ""s4_s4f2"", ""s4_s4f3""], ""C3t"": []}"
S6000,Netiv Hagdud 2,A,UNKNOWN,UNKNOWN,UNKNOWN,UNKNOWN,,,,,UNKNOWN,UNKNOWN,UNKNOWN,UNKNOWN,"{""C1"": [], ""C2"": [], ""C3s"": [], ""C3t"": []}"
S6005,Niran 11,A,UNKNOWN,UNKNOWN,UNKNOWN,UNKNOWN,,,,,UNKNOWN,UNKNOWN,UNKNOWN,UNKNOWN,"{""C1"": [], ""C2"": [], ""C3s"": [], ""C3t"": []}"
S1718,el-Khirbeh,A+B,UNKNOWN,UNKNOWN,UNKNOWN,UNKNOWN,UNKNOWN,UNKNOWN,UNKNOWN,UNKNOWN,UNKNOWN,UNKNOWN,UNKNOWN,UNKNOWN,"{""C1"": [], ""C2"": [], ""C3s"": [], ""C3t"": []}"
S1737,Kh. el-Kadh-dhaba,A+B,UNKNOWN,UNKNOWN,UNKNOWN,UNKNOWN,UNKNOWN,UNKNOWN,UNKNOWN,UNKNOWN,UNKNOWN,UNKNOWN,UNKNOWN,UNKNOWN,"{""C1"": [], ""C2"": [], ""C3s"": [], ""C3t"": []}"
S6011,E.P. -140,A,UNKNOWN,UNKNOWN,UNKNOWN,UNKNOWN,,,,,UNKNOWN,UNKNOWN,UNKNOWN,UNKNOWN,"{""C1"": [], ""C2"": [], ""C3s"": [], ""C3t"": []}"
S1739,Kh. el-Beyadat,A,UNKNOWN,UNKNOWN,UNKNOWN,UNKNOWN,,,,,UNKNOWN,UNKNOWN,UNKNOWN,UNKNOWN,"{""C1"": [], ""C2"": [], ""C3s"": [], ""C3t"": []}"
S6013,el-Mastara 1,A,UNKNOWN,UNKNOWN,UNKNOWN,UNKNOWN,,,,,UNKNOWN,UNKNOWN,UNKNOWN,UNKNOWN,"{""C1"": [], ""C2"": [], ""C3s"": [], ""C3t"": []}"
S6017,E.P. -66,A,UNKNOWN,UNKNOWN,UNKNOWN,UNKNOWN,,,,,UNKNOWN,UNKNOWN,UNKNOWN,UNKNOWN,"{""C1"": [], ""C2"": [], ""C3s"": [], ""C3t"": []}"
S6018,Aujeh Fortress,A,UNKNOWN,UNKNOWN,UNKNOWN,UNKNOWN,,,,,UNKNOWN,UNKNOWN,UNKNOWN,UNKNOWN,"{""C1"": [], ""C2"": [], ""C3s"": [], ""C3t"": []}"
S1772,Kh. ed-Dis,A,UNKNOWN,UNKNOWN,UNKNOWN,UNKNOWN,,,,,UNKNOWN,UNKNOWN,UNKNOWN,UNKNOWN,"{""C1"": [], ""C2"": [], ""C3s"": [], ""C3t"": []}"
S6019,Wadi Aujah 1,A+B,UNKNOWN,UNKNOWN,UNKNOWN,UNKNOWN,UNKNOWN,MATCH,UNKNOWN,UNKNOWN,UNKNOWN,UNKNOWN,UNKNOWN,UNKNOWN,"{""C1"": [], ""C2"": [], ""C3s"": [], ""C3t"": []}"
S1782,Kh. Dar Haiyeh,A,UNKNOWN,MATCH,UNKNOWN,UNKNOWN,,,,,UNKNOWN,MATCH,UNKNOWN,UNKNOWN,"{""C1"": [], ""C2"": [""f3""], ""C3s"": [], ""C3t"": []}"
S1785,Kh. el-'Awja,A,UNKNOWN,MATCH,UNKNOWN,UNKNOWN,,,,,UNKNOWN,MATCH,UNKNOWN,UNKNOWN,"{""C1"": [], ""C2"": [""f3"", ""f6""], ""C3s"": [], ""C3t"": []}"
S1790,Ein el-'Auja,A,UNKNOWN,MATCH,UNKNOWN,UNKNOWN,,,,,UNKNOWN,MATCH,UNKNOWN,UNKNOWN,"{""C1"": [], ""C2"": [""f3"", ""f6""], ""C3s"": [], ""C3t"": []}"
S1793,Kh. Tantura,A,UNKNOWN,UNKNOWN,UNKNOWN,UNKNOWN,,,,,UNKNOWN,UNKNOWN,UNKNOWN,UNKNOWN,"{""C1"": [], ""C2"": [], ""C3s"": [], ""C3t"": []}"
S1798,Kh. Umm 'Azbe,A,MATCH,UNKNOWN,UNKNOWN,UNKNOWN,,,,,MATCH,UNKNOWN,UNKNOWN,UNKNOWN,"{""C1"": [""f2""], ""C2"": [], ""C3s"": [], ""C3t"": []}"
S1808,Malkhaka el-Wadin,A+B,UNKNOWN,UNKNOWN,MATCH,UNKNOWN,UNKNOWN,UNKNOWN,MATCH,UNKNOWN,UNKNOWN,UNKNOWN,MATCH,UNKNOWN,"{""C1"": [], ""C2"": [], ""C3s"": [""f3""], ""C3t"": []}"
S1810,Kh. el-'Aliya,A,UNKNOWN,UNKNOWN,UNKNOWN,UNKNOWN,,,,,UNKNOWN,UNKNOWN,UNKNOWN,UNKNOWN,"{""C1"": [], ""C2"": [], ""C3s"": [], ""C3t"": []}"
S1816,El-Qaṣr,A,UNKNOWN,UNKNOWN,UNKNOWN,UNKNOWN,,,,,UNKNOWN,UNKNOWN,UNKNOWN,UNKNOWN,"{""C1"": [], ""C2"": [], ""C3s"": [], ""C3t"": []}"
S1831,Kh. el-Kilya,A+B,UNKNOWN,MATCH,UNKNOWN,UNKNOWN,UNKNOWN,UNKNOWN,UNKNOWN,UNKNOWN,UNKNOWN,UNKNOWN,UNKNOWN,UNKNOWN,"{""C1"": [], ""C2"": [""s4_s4f1""], ""C3s"": [], ""C3t"": []}"
S1845,Rammun,A,UNKNOWN,UNKNOWN,UNKNOWN,UNKNOWN,,,,,UNKNOWN,UNKNOWN,UNKNOWN,UNKNOWN,"{""C1"": [], ""C2"": [], ""C3s"": [], ""C3t"": []}"
S1876,Kh. Abu Rashid,A,UNKNOWN,UNKNOWN,UNKNOWN,UNKNOWN,,,,,UNKNOWN,UNKNOWN,UNKNOWN,UNKNOWN,"{""C1"": [], ""C2"": [], ""C3s"": [], ""C3t"": []}"
S1929,Kh. el-Khudriya,A,UNKNOWN,MATCH,MATCH,UNKNOWN,,,,,UNKNOWN,MATCH,MATCH,UNKNOWN,"{""C1"": [], ""C2"": [""s4_s4f1"", ""s4_s4f2""], ""C3s"": [""f2"", ""f3"", ""s4_s4f3""], ""C3t"": []}"
S1934,Deir Dibwan,A,UNKNOWN,UNKNOWN,UNKNOWN,UNKNOWN,,,,,UNKNOWN,UNKNOWN,UNKNOWN,UNKNOWN,"{""C1"": [], ""C2"": [], ""C3s"": [], ""C3t"": []}"
S1963,Kh. Ḥaiyan,A,UNKNOWN,UNKNOWN,UNKNOWN,UNKNOWN,,,,,UNKNOWN,UNKNOWN,UNKNOWN,UNKNOWN,"{""C1"": [], ""C2"": [], ""C3s"": [], ""C3t"": []}"
S1969,-,A,UNKNOWN,UNKNOWN,UNKNOWN,UNKNOWN,,,,,UNKNOWN,UNKNOWN,UNKNOWN,UNKNOWN,"{""C1"": [], ""C2"": [], ""C3s"": [], ""C3t"": []}"
S2041,-,A+B,UNKNOWN,UNKNOWN,UNKNOWN,UNKNOWN,UNKNOWN,UNKNOWN,UNKNOWN,UNKNOWN,UNKNOWN,UNKNOWN,UNKNOWN,UNKNOWN,"{""C1"": [], ""C2"": [], ""C3s"": [], ""C3t"": []}"
S2045,Khallat ed-Dinnabiya,A,UNKNOWN,MATCH,UNKNOWN,UNKNOWN,,,,,UNKNOWN,MATCH,UNKNOWN,UNKNOWN,"{""C1"": [], ""C2"": [""f25"", ""f30"", ""f33"", ""f37"", ""f38"", ""f39"", ""f45""], ""C3s"": [], ""C3t"": []}"
S2093,-,A+B,UNKNOWN,UNKNOWN,UNKNOWN,UNKNOWN,UNKNOWN,UNKNOWN,UNKNOWN,UNKNOWN,UNKNOWN,UNKNOWN,UNKNOWN,UNKNOWN,"{""C1"": [], ""C2"": [], ""C3s"": [], ""C3t"": []}"
S2253,Kh. Tell el-'Askar,A,UNKNOWN,UNKNOWN,UNKNOWN,UNKNOWN,,,,,UNKNOWN,UNKNOWN,UNKNOWN,UNKNOWN,"{""C1"": [], ""C2"": [], ""C3s"": [], ""C3t"": []}"
S2376,Tell Maryam,A,UNKNOWN,MATCH,MATCH,UNKNOWN,,,,,UNKNOWN,MATCH,MATCH,UNKNOWN,"{""C1"": [], ""C2"": [""f2"", ""f3""], ""C3s"": [""f4"", ""f5""], ""C3t"": []}"
S2411,Kh. ed-Dawwara,A,UNKNOWN,MATCH,UNKNOWN,UNKNOWN,,,,,UNKNOWN,MATCH,UNKNOWN,UNKNOWN,"{""C1"": [], ""C2"": [""f4""], ""C3s"": [], ""C3t"": []}"
S2430,Tell es-Samrat,A,UNKNOWN,MATCH,MATCH,UNKNOWN,,,,,UNKNOWN,MATCH,MATCH,UNKNOWN,"{""C1"": [], ""C2"": [""f14"", ""f15"", ""f65""], ""C3s"": [""f16"", ""f60"", ""f63"", ""f64"", ""f66"", ""f67"", ""f68"", ""f69"", ""f70"", ""f71"", ""f72"", ""f73""], ""C3t"": []}"
S2431,Kh. el-Qubba,A,UNKNOWN,MATCH,UNKNOWN,UNKNOWN,,,,,UNKNOWN,MATCH,UNKNOWN,UNKNOWN,"{""C1"": [], ""C2"": [""f6"", ""f7""], ""C3s"": [], ""C3t"": []}"
S2488,Kh. Marjama,A,UNKNOWN,UNKNOWN,MATCH,UNKNOWN,,,,,UNKNOWN,UNKNOWN,MATCH,UNKNOWN,"{""C1"": [], ""C2"": [], ""C3s"": [""f6""], ""C3t"": []}"
S2490,el-'Aleiliyat,A,UNKNOWN,UNKNOWN,MATCH,UNKNOWN,,,,,UNKNOWN,UNKNOWN,MATCH,UNKNOWN,"{""C1"": [], ""C2"": [], ""C3s"": [""f9""], ""C3t"": []}"
S2514,Nusib 'Uweishira,A+B,UNKNOWN,UNKNOWN,UNKNOWN,UNKNOWN,UNKNOWN,UNKNOWN,UNKNOWN,UNKNOWN,UNKNOWN,UNKNOWN,UNKNOWN,UNKNOWN,"{""C1"": [], ""C2"": [], ""C3s"": [], ""C3t"": []}"
S2515,-,A+B,MATCH,UNKNOWN,UNKNOWN,UNKNOWN,MATCH,UNKNOWN,UNKNOWN,UNKNOWN,MATCH,UNKNOWN,UNKNOWN,UNKNOWN,"{""C1"": [""f4""], ""C2"": [], ""C3s"": [], ""C3t"": []}"
S2525,-,A,UNKNOWN,MATCH,UNKNOWN,UNKNOWN,,,,,UNKNOWN,MATCH,UNKNOWN,UNKNOWN,"{""C1"": [], ""C2"": [""f7"", ""f8"", ""f9""], ""C3s"": [], ""C3t"": []}"
S2526,el-Hadaba,A+B,MATCH,UNKNOWN,UNKNOWN,UNKNOWN,MATCH,UNKNOWN,UNKNOWN,UNKNOWN,MATCH,UNKNOWN,UNKNOWN,UNKNOWN,"{""C1"": [""f7""], ""C2"": [], ""C3s"": [], ""C3t"": []}"
S2530,-,A,UNKNOWN,UNKNOWN,UNKNOWN,UNKNOWN,,,,,UNKNOWN,UNKNOWN,UNKNOWN,UNKNOWN,"{""C1"": [], ""C2"": [], ""C3s"": [], ""C3t"": []}"
S2539,Tulul Abu el-'Alaiq,A+B,MATCH,MATCH,UNKNOWN,UNKNOWN,MATCH,MATCH,UNKNOWN,UNKNOWN,MATCH,MATCH,UNKNOWN,UNKNOWN,"{""C1"": [""f2"", ""f27"", ""f42""], ""C2"": [""f3"", ""f7"", ""f8"", ""f9"", ""f24""], ""C3s"": [], ""C3t"": []}"
S2562,Megharat el-Jai,A,UNKNOWN,MATCH,UNKNOWN,UNKNOWN,,,,,UNKNOWN,MATCH,UNKNOWN,UNKNOWN,"{""C1"": [], ""C2"": [""f3""], ""C3s"": [], ""C3t"": []}"
S2565,Kh. et-Tinat,A+B,UNKNOWN,MATCH,UNKNOWN,UNKNOWN,UNKNOWN,MATCH,UNKNOWN,UNKNOWN,UNKNOWN,MATCH,UNKNOWN,UNKNOWN,"{""C1"": [], ""C2"": [""f7""], ""C3s"": [], ""C3t"": []}"
S2589,Kypros,A+B,MATCH,MATCH,UNKNOWN,UNKNOWN,MATCH,MATCH,UNKNOWN,UNKNOWN,MATCH,MATCH,UNKNOWN,UNKNOWN,"{""C1"": [""f28""], ""C2"": [""f3"", ""f4"", ""f17""], ""C3s"": [], ""C3t"": []}"
S2605,Kh. Mugheifir,A+B,UNKNOWN,UNKNOWN,UNKNOWN,UNKNOWN,UNKNOWN,UNKNOWN,UNKNOWN,UNKNOWN,UNKNOWN,UNKNOWN,UNKNOWN,UNKNOWN,"{""C1"": [], ""C2"": [], ""C3s"": [], ""C3t"": []}"
S2629,Tell Mugheifir,A,UNKNOWN,UNKNOWN,UNKNOWN,UNKNOWN,,,,,UNKNOWN,UNKNOWN,UNKNOWN,UNKNOWN,"{""C1"": [], ""C2"": [], ""C3s"": [], ""C3t"": []}"
S2631,Kh. el-Kharaba,A,UNKNOWN,UNKNOWN,MATCH,UNKNOWN,,,,,UNKNOWN,UNKNOWN,MATCH,UNKNOWN,"{""C1"": [], ""C2"": [], ""C3s"": [""f4""], ""C3t"": []}"
S2686,Kh. 'Ein Fara,A,UNKNOWN,UNKNOWN,UNKNOWN,UNKNOWN,,,,,UNKNOWN,UNKNOWN,UNKNOWN,UNKNOWN,"{""C1"": [], ""C2"": [], ""C3s"": [], ""C3t"": []}"
S2689,Jurat Musa,A,UNKNOWN,UNKNOWN,UNKNOWN,UNKNOWN,,,,,UNKNOWN,UNKNOWN,UNKNOWN,UNKNOWN,"{""C1"": [], ""C2"": [], ""C3s"": [], ""C3t"": []}"
S2698,Kh. Abu 'Aum,A,MATCH,UNKNOWN,UNKNOWN,UNKNOWN,,,,,MATCH,UNKNOWN,UNKNOWN,UNKNOWN,"{""C1"": [""f5"", ""f9"", ""f10""], ""C2"": [], ""C3s"": [], ""C3t"": []}"
S2699,Wadi Fara,A,UNKNOWN,UNKNOWN,MATCH,UNKNOWN,,,,,UNKNOWN,UNKNOWN,MATCH,UNKNOWN,"{""C1"": [], ""C2"": [], ""C3s"": [""f13""], ""C3t"": []}"
S2709,'Ein Fara,A,UNKNOWN,UNKNOWN,UNKNOWN,UNKNOWN,,,,,UNKNOWN,UNKNOWN,UNKNOWN,UNKNOWN,"{""C1"": [], ""C2"": [], ""C3s"": [], ""C3t"": []}"
S2759,Kh. Abu Musarraḥ,A,UNKNOWN,MATCH,UNKNOWN,UNKNOWN,,,,,UNKNOWN,MATCH,UNKNOWN,UNKNOWN,"{""C1"": [], ""C2"": [""f7""], ""C3s"": [], ""C3t"": []}"
S2806,Kh. 'Almit,A,UNKNOWN,UNKNOWN,UNKNOWN,UNKNOWN,,,,,UNKNOWN,UNKNOWN,UNKNOWN,UNKNOWN,"{""C1"": [], ""C2"": [], ""C3s"": [], ""C3t"": []}"
S2849,-,A+B,UNKNOWN,MATCH,MATCH,UNKNOWN,UNKNOWN,MATCH,MATCH,UNKNOWN,UNKNOWN,MATCH,MATCH,UNKNOWN,"{""C1"": [], ""C2"": [""f2"", ""f3"", ""f8"", ""f9"", ""f10"", ""f19""], ""C3s"": [""f4"", ""f5"", ""f6"", ""f7"", ""f11"", ""f12"", ""f13"", ""f14""], ""C3t"": []}"
S2990,Qaṣr er-Rawabi,A,UNKNOWN,MATCH,UNKNOWN,UNKNOWN,,,,,UNKNOWN,MATCH,UNKNOWN,UNKNOWN,"{""C1"": [], ""C2"": [""f4"", ""f5""], ""C3s"": [], ""C3t"": []}"
S3001,Kh. Deir es-Sidd,A+B,UNKNOWN,MATCH,UNKNOWN,UNKNOWN,UNKNOWN,MATCH,UNKNOWN,UNKNOWN,UNKNOWN,MATCH,UNKNOWN,UNKNOWN,"{""C1"": [], ""C2"": [""f18""], ""C3s"": [], ""C3t"": []}"
S3036,Kh. esh-Sheikh 'Antar,A+B,UNKNOWN,MATCH,MATCH,UNKNOWN,UNKNOWN,MATCH,MATCH,UNKNOWN,UNKNOWN,MATCH,MATCH,UNKNOWN,"{""C1"": [], ""C2"": [""f4"", ""f5"", ""f6"", ""f8"", ""f9"", ""f10"", ""f12"", ""f13""], ""C3s"": [""f7"", ""f11"", ""f14""], ""C3t"": []}"
S3049,Qaṣr 'Ali,A,UNKNOWN,MATCH,UNKNOWN,UNKNOWN,,,,,UNKNOWN,MATCH,UNKNOWN,UNKNOWN,"{""C1"": [], ""C2"": [""f3""], ""C3s"": [], ""C3t"": []}"
S3137,el-Muntar,A+B,MATCH,MATCH,UNKNOWN,UNKNOWN,MATCH,MATCH,UNKNOWN,UNKNOWN,MATCH,MATCH,UNKNOWN,UNKNOWN,"{""C1"": [""f5"", ""f6""], ""C2"": [""f2""], ""C3s"": [], ""C3t"": []}"
S3170,Zanaba,A+B,UNKNOWN,MATCH,UNKNOWN,UNKNOWN,UNKNOWN,MATCH,UNKNOWN,UNKNOWN,UNKNOWN,MATCH,UNKNOWN,UNKNOWN,"{""C1"": [], ""C2"": [""f3"", ""f4""], ""C3s"": [], ""C3t"": []}"
S3243,ez-Zu'aiyim,A+B,UNKNOWN,MATCH,UNKNOWN,UNKNOWN,UNKNOWN,MATCH,UNKNOWN,UNKNOWN,UNKNOWN,MATCH,UNKNOWN,UNKNOWN,"{""C1"": [], ""C2"": [""f15"", ""f16""], ""C3s"": [], ""C3t"": []}"
S3321,Mashru' el-'Eizariya,A,UNKNOWN,MATCH,UNKNOWN,UNKNOWN,,,,,UNKNOWN,MATCH,UNKNOWN,UNKNOWN,"{""C1"": [], ""C2"": [""f1"", ""f2""], ""C3s"": [], ""C3t"": []}"
S3419,Ras el-'Eizariya,A+B,UNKNOWN,MATCH,MATCH,UNKNOWN,UNKNOWN,MATCH,MATCH,UNKNOWN,UNKNOWN,MATCH,MATCH,UNKNOWN,"{""C1"": [], ""C2"": [""f4""], ""C3s"": [""f3""], ""C3t"": []}"
S3520,-,A,UNKNOWN,MATCH,UNKNOWN,UNKNOWN,,,,,UNKNOWN,MATCH,UNKNOWN,UNKNOWN,"{""C1"": [], ""C2"": [""f3"", ""f4"", ""f8""], ""C3s"": [], ""C3t"": []}"
S3609,Abu Dis,A,UNKNOWN,MATCH,UNKNOWN,UNKNOWN,,,,,UNKNOWN,MATCH,UNKNOWN,UNKNOWN,"{""C1"": [], ""C2"": [""f4""], ""C3s"": [], ""C3t"": []}"
S3875,Kh. Abu Ṭabaq,A,UNKNOWN,UNKNOWN,UNKNOWN,UNKNOWN,,,,,UNKNOWN,UNKNOWN,UNKNOWN,UNKNOWN,"{""C1"": [], ""C2"": [], ""C3s"": [], ""C3t"": []}"
S3881,Kh. Abu Ṭabaq,A,UNKNOWN,UNKNOWN,UNKNOWN,UNKNOWN,,,,,UNKNOWN,UNKNOWN,UNKNOWN,UNKNOWN,"{""C1"": [], ""C2"": [], ""C3s"": [], ""C3t"": []}"
E754,Kh. Qumran,A,UNKNOWN,MATCH,MATCH,UNKNOWN,,,,,UNKNOWN,MATCH,MATCH,UNKNOWN,"{""C1"": [], ""C2"": [""f13"", ""f14"", ""f16"", ""f17"", ""f18"", ""f19""], ""C3s"": [""s4_f23""], ""C3t"": []}"
S3896,Kh. Abu Ṭabaq,A,UNKNOWN,UNKNOWN,UNKNOWN,UNKNOWN,,,,,UNKNOWN,UNKNOWN,UNKNOWN,UNKNOWN,"{""C1"": [], ""C2"": [], ""C3s"": [], ""C3t"": []}"
S3897,Kh. Abu Ṭabaq,A,UNKNOWN,UNKNOWN,UNKNOWN,UNKNOWN,,,,,UNKNOWN,UNKNOWN,UNKNOWN,UNKNOWN,"{""C1"": [], ""C2"": [], ""C3s"": [], ""C3t"": []}"
S3961,-,A,UNKNOWN,MATCH,MATCH,UNKNOWN,,,,,UNKNOWN,MATCH,MATCH,UNKNOWN,"{""C1"": [], ""C2"": [""f4"", ""f5"", ""f6"", ""f7"", ""f8"", ""f9"", ""f10""], ""C3s"": [""f13""], ""C3t"": []}"
S4109,Hyrcania,A,UNKNOWN,MATCH,UNKNOWN,UNKNOWN,,,,,UNKNOWN,MATCH,UNKNOWN,UNKNOWN,"{""C1"": [], ""C2"": [""f10"", ""f11"", ""f12""], ""C3s"": [], ""C3t"": []}"
S4115,Kurm El 'Ajaz,A,UNKNOWN,UNKNOWN,UNKNOWN,UNKNOWN,,,,,UNKNOWN,UNKNOWN,UNKNOWN,UNKNOWN,"{""C1"": [], ""C2"": [], ""C3s"": [], ""C3t"": []}"
S4167,Kh. el Makari,A,UNKNOWN,UNKNOWN,UNKNOWN,UNKNOWN,,,,,UNKNOWN,UNKNOWN,UNKNOWN,UNKNOWN,"{""C1"": [], ""C2"": [], ""C3s"": [], ""C3t"": []}"
S4183,Naḥal Qidron,A,UNKNOWN,UNKNOWN,UNKNOWN,UNKNOWN,,,,,UNKNOWN,UNKNOWN,UNKNOWN,UNKNOWN,"{""C1"": [], ""C2"": [], ""C3s"": [], ""C3t"": []}"
S112,Kh. en-Najjar,A+B,UNKNOWN,UNKNOWN,UNKNOWN,UNKNOWN,UNKNOWN,UNKNOWN,UNKNOWN,UNKNOWN,UNKNOWN,UNKNOWN,UNKNOWN,UNKNOWN,"{""C1"": [], ""C2"": [], ""C3s"": [], ""C3t"": []}"
S137,Kh. Sab'ein,A+B,UNKNOWN,UNKNOWN,UNKNOWN,UNKNOWN,UNKNOWN,UNKNOWN,UNKNOWN,UNKNOWN,UNKNOWN,UNKNOWN,UNKNOWN,UNKNOWN,"{""C1"": [], ""C2"": [], ""C3s"": [], ""C3t"": []}"
S144,Khallet et-Ṭabaiheh,A,UNKNOWN,UNKNOWN,UNKNOWN,UNKNOWN,,,,,UNKNOWN,UNKNOWN,UNKNOWN,UNKNOWN,"{""C1"": [], ""C2"": [], ""C3s"": [], ""C3t"": []}"
S152,Kh. Za'tara,A,UNKNOWN,UNKNOWN,UNKNOWN,UNKNOWN,,,,,UNKNOWN,UNKNOWN,UNKNOWN,UNKNOWN,"{""C1"": [], ""C2"": [], ""C3s"": [], ""C3t"": []}"
S157,El-Muraba'ah,A+B,UNKNOWN,UNKNOWN,UNKNOWN,UNKNOWN,UNKNOWN,UNKNOWN,UNKNOWN,UNKNOWN,UNKNOWN,UNKNOWN,UNKNOWN,UNKNOWN,"{""C1"": [], ""C2"": [], ""C3s"": [], ""C3t"": []}"
S197,Kh. Qa'un 1,A+B,UNKNOWN,UNKNOWN,UNKNOWN,UNKNOWN,UNKNOWN,UNKNOWN,UNKNOWN,UNKNOWN,UNKNOWN,UNKNOWN,UNKNOWN,UNKNOWN,"{""C1"": [], ""C2"": [], ""C3s"": [], ""C3t"": []}"
S203,Er-Randeh,A,UNKNOWN,MATCH,UNKNOWN,UNKNOWN,,,,,UNKNOWN,MATCH,UNKNOWN,UNKNOWN,"{""C1"": [], ""C2"": [""f5""], ""C3s"": [], ""C3t"": []}"
S204,Kh. Qa'un 2,A,UNKNOWN,UNKNOWN,UNKNOWN,UNKNOWN,,,,,UNKNOWN,UNKNOWN,UNKNOWN,UNKNOWN,"{""C1"": [], ""C2"": [], ""C3s"": [], ""C3t"": []}"
S210,Wadi Qa'un 1,A,UNKNOWN,UNKNOWN,UNKNOWN,UNKNOWN,,,,,UNKNOWN,UNKNOWN,UNKNOWN,UNKNOWN,"{""C1"": [], ""C2"": [], ""C3s"": [], ""C3t"": []}"
S386,Iraq el-Mardom,A,UNKNOWN,UNKNOWN,UNKNOWN,UNKNOWN,,,,,UNKNOWN,UNKNOWN,UNKNOWN,UNKNOWN,"{""C1"": [], ""C2"": [], ""C3s"": [], ""C3t"": []}"
S418,Tell ed-Diblaqa,A,UNKNOWN,UNKNOWN,UNKNOWN,UNKNOWN,,,,,UNKNOWN,UNKNOWN,UNKNOWN,UNKNOWN,"{""C1"": [], ""C2"": [], ""C3s"": [], ""C3t"": []}"
S432,Kh. el-Maliḥ C,A+B,UNKNOWN,UNKNOWN,UNKNOWN,UNKNOWN,UNKNOWN,UNKNOWN,UNKNOWN,UNKNOWN,UNKNOWN,UNKNOWN,UNKNOWN,UNKNOWN,"{""C1"": [], ""C2"": [], ""C3s"": [], ""C3t"": []}"
S452,Kh. el-Mite,A,MATCH,UNKNOWN,UNKNOWN,UNKNOWN,,,,,MATCH,UNKNOWN,UNKNOWN,UNKNOWN,"{""C1"": [""f1""], ""C2"": [], ""C3s"": [], ""C3t"": []}"
S458,el-Bird,A,MATCH,UNKNOWN,UNKNOWN,UNKNOWN,,,,,MATCH,UNKNOWN,UNKNOWN,UNKNOWN,"{""C1"": [""f1""], ""C2"": [], ""C3s"": [], ""C3t"": []}"
S695,el-Khelayel,A+B,UNKNOWN,UNKNOWN,UNKNOWN,UNKNOWN,UNKNOWN,UNKNOWN,UNKNOWN,UNKNOWN,UNKNOWN,UNKNOWN,UNKNOWN,UNKNOWN,"{""C1"": [], ""C2"": [], ""C3s"": [], ""C3t"": []}"
S770,Kh. Beit-Hasan,A+B,UNKNOWN,UNKNOWN,UNKNOWN,UNKNOWN,UNKNOWN,UNKNOWN,UNKNOWN,UNKNOWN,UNKNOWN,UNKNOWN,UNKNOWN,UNKNOWN,"{""C1"": [], ""C2"": [], ""C3s"": [], ""C3t"": []}"
S780,Kh. el-Kuz B,A,UNKNOWN,UNKNOWN,UNKNOWN,UNKNOWN,,,,,UNKNOWN,UNKNOWN,UNKNOWN,UNKNOWN,"{""C1"": [], ""C2"": [], ""C3s"": [], ""C3t"": []}"
S798,el-Qul'ah,A,UNKNOWN,UNKNOWN,UNKNOWN,UNKNOWN,,,,,UNKNOWN,UNKNOWN,UNKNOWN,UNKNOWN,"{""C1"": [], ""C2"": [], ""C3s"": [], ""C3t"": []}"
S827,Deir el-Ḥaṭab,A,UNKNOWN,UNKNOWN,UNKNOWN,UNKNOWN,,,,,UNKNOWN,UNKNOWN,UNKNOWN,UNKNOWN,"{""C1"": [], ""C2"": [], ""C3s"": [], ""C3t"": []}"
S829,er-Rjjum,A+B,UNKNOWN,UNKNOWN,UNKNOWN,UNKNOWN,UNKNOWN,UNKNOWN,UNKNOWN,UNKNOWN,UNKNOWN,UNKNOWN,UNKNOWN,UNKNOWN,"{""C1"": [], ""C2"": [], ""C3s"": [], ""C3t"": []}"
S841,Tel Abu Rumh,A+B,UNKNOWN,UNKNOWN,UNKNOWN,UNKNOWN,UNKNOWN,UNKNOWN,UNKNOWN,UNKNOWN,UNKNOWN,UNKNOWN,UNKNOWN,UNKNOWN,"{""C1"": [], ""C2"": [], ""C3s"": [], ""C3t"": []}"
S843,Kh. edh-Dhra',A,UNKNOWN,MATCH,MATCH,UNKNOWN,,,,,UNKNOWN,MATCH,MATCH,UNKNOWN,"{""C1"": [], ""C2"": [""f1""], ""C3s"": [""f2"", ""f3""], ""C3t"": []}"
S1072,Fari'a el-Juftlik,A,UNKNOWN,UNKNOWN,UNKNOWN,UNKNOWN,,,,,UNKNOWN,UNKNOWN,UNKNOWN,UNKNOWN,"{""C1"": [], ""C2"": [], ""C3s"": [], ""C3t"": []}"
S1199,-,A,UNKNOWN,UNKNOWN,UNKNOWN,UNKNOWN,,,,,UNKNOWN,UNKNOWN,UNKNOWN,UNKNOWN,"{""C1"": [], ""C2"": [], ""C3s"": [], ""C3t"": []}"
S1240,Qabalan,A,UNKNOWN,UNKNOWN,UNKNOWN,UNKNOWN,,,,,UNKNOWN,UNKNOWN,UNKNOWN,UNKNOWN,"{""C1"": [], ""C2"": [], ""C3s"": [], ""C3t"": []}"
S1255,Kh. Tawil 2,A,UNKNOWN,UNKNOWN,UNKNOWN,UNKNOWN,,,,,UNKNOWN,UNKNOWN,UNKNOWN,UNKNOWN,"{""C1"": [], ""C2"": [], ""C3s"": [], ""C3t"": []}"
S1296,Kh. Tawil 3,A,UNKNOWN,UNKNOWN,UNKNOWN,UNKNOWN,,,,,UNKNOWN,UNKNOWN,UNKNOWN,UNKNOWN,"{""C1"": [], ""C2"": [], ""C3s"": [], ""C3t"": []}"
S1319,Masu'a 9,A,UNKNOWN,UNKNOWN,MATCH,UNKNOWN,,,,,UNKNOWN,UNKNOWN,MATCH,UNKNOWN,"{""C1"": [], ""C2"": [], ""C3s"": [""f1"", ""f2""], ""C3t"": []}"
S1464,Faṣa'el,A,UNKNOWN,UNKNOWN,UNKNOWN,UNKNOWN,,,,,UNKNOWN,UNKNOWN,UNKNOWN,UNKNOWN,"{""C1"": [], ""C2"": [], ""C3s"": [], ""C3t"": []}"
S1485,Yafit 5,A,UNKNOWN,UNKNOWN,UNKNOWN,UNKNOWN,,,,,UNKNOWN,UNKNOWN,UNKNOWN,UNKNOWN,"{""C1"": [], ""C2"": [], ""C3s"": [], ""C3t"": []}"
S6035,Faṣa'el 4,A,MATCH,UNKNOWN,UNKNOWN,UNKNOWN,,,,,MATCH,UNKNOWN,UNKNOWN,UNKNOWN,"{""C1"": [""f6""], ""C2"": [], ""C3s"": [], ""C3t"": []}"
S1623,Kh. Abu Falaḥ,A,UNKNOWN,UNKNOWN,UNKNOWN,UNKNOWN,,,,,UNKNOWN,UNKNOWN,UNKNOWN,UNKNOWN,"{""C1"": [], ""C2"": [], ""C3s"": [], ""C3t"": []}"
S1666,Water Line - 'Ein Samiya,A,UNKNOWN,UNKNOWN,UNKNOWN,UNKNOWN,,,,,UNKNOWN,UNKNOWN,UNKNOWN,UNKNOWN,"{""C1"": [], ""C2"": [], ""C3s"": [], ""C3t"": []}"
S1765,Kh. el-'Awja et-Taḥta,A,UNKNOWN,UNKNOWN,UNKNOWN,UNKNOWN,,,,,UNKNOWN,UNKNOWN,UNKNOWN,UNKNOWN,"{""C1"": [], ""C2"": [], ""C3s"": [], ""C3t"": []}"
S1775,Kh. el-'Auja el-Fauqa,A,UNKNOWN,UNKNOWN,UNKNOWN,UNKNOWN,,,,,UNKNOWN,UNKNOWN,UNKNOWN,UNKNOWN,"{""C1"": [], ""C2"": [], ""C3s"": [], ""C3t"": []}"
S1791,-,A,UNKNOWN,UNKNOWN,UNKNOWN,UNKNOWN,,,,,UNKNOWN,UNKNOWN,UNKNOWN,UNKNOWN,"{""C1"": [], ""C2"": [], ""C3s"": [], ""C3t"": []}"
S1841,-,A+B,UNKNOWN,UNKNOWN,UNKNOWN,UNKNOWN,UNKNOWN,UNKNOWN,UNKNOWN,UNKNOWN,UNKNOWN,UNKNOWN,UNKNOWN,UNKNOWN,"{""C1"": [], ""C2"": [], ""C3s"": [], ""C3t"": []}"
S2037,-,A,UNKNOWN,UNKNOWN,MATCH,UNKNOWN,,,,,UNKNOWN,UNKNOWN,MATCH,UNKNOWN,"{""C1"": [], ""C2"": [], ""C3s"": [""f8""], ""C3t"": []}"
S2096,-,A+B,UNKNOWN,MATCH,MATCH,UNKNOWN,UNKNOWN,MATCH,MATCH,UNKNOWN,UNKNOWN,MATCH,MATCH,UNKNOWN,"{""C1"": [], ""C2"": [""f1"", ""f2"", ""f4""], ""C3s"": [""f5""], ""C3t"": []}"
E334,Tell es-Sultan,A+B,MATCH,UNKNOWN,MATCH,UNKNOWN,MATCH,UNKNOWN,MATCH,UNKNOWN,MATCH,UNKNOWN,MATCH,UNKNOWN,"{""C1"": [""f89""], ""C2"": [], ""C3s"": [""f107""], ""C3t"": []}"
S2363,-,A,UNKNOWN,UNKNOWN,UNKNOWN,UNKNOWN,,,,,UNKNOWN,UNKNOWN,UNKNOWN,UNKNOWN,"{""C1"": [], ""C2"": [], ""C3s"": [], ""C3t"": []}"
E357,Naḥal Mikhmas,A+B,MATCH,MATCH,MATCH,UNKNOWN,MATCH,MATCH,UNKNOWN,UNKNOWN,MATCH,MATCH,UNKNOWN,UNKNOWN,"{""C1"": [""f4""], ""C2"": [""f6"", ""f7""], ""C3s"": [""f8""], ""C3t"": []}"
S2547,-,A,MATCH,UNKNOWN,UNKNOWN,UNKNOWN,,,,,MATCH,UNKNOWN,UNKNOWN,UNKNOWN,"{""C1"": [""f2"", ""f28""], ""C2"": [], ""C3s"": [], ""C3t"": []}"
S2594,-,A+B,UNKNOWN,MATCH,MATCH,UNKNOWN,UNKNOWN,MATCH,MATCH,UNKNOWN,UNKNOWN,MATCH,MATCH,UNKNOWN,"{""C1"": [], ""C2"": [""f4"", ""f5""], ""C3s"": [""f2""], ""C3t"": []}"
S2626,Ras Shiḥ,A,UNKNOWN,UNKNOWN,MATCH,UNKNOWN,,,,,UNKNOWN,UNKNOWN,MATCH,UNKNOWN,"{""C1"": [], ""C2"": [], ""C3s"": [""f4"", ""f9"", ""f10""], ""C3t"": []}"
S2653,Wadi Fara,A,UNKNOWN,UNKNOWN,MATCH,UNKNOWN,,,,,UNKNOWN,UNKNOWN,MATCH,UNKNOWN,"{""C1"": [], ""C2"": [], ""C3s"": [""f2""], ""C3t"": []}"
S2811,'En Hogla,A,UNKNOWN,MATCH,UNKNOWN,UNKNOWN,,,,,UNKNOWN,MATCH,UNKNOWN,UNKNOWN,"{""C1"": [], ""C2"": [""f7""], ""C3s"": [], ""C3t"": []}"
S2944,-,A,UNKNOWN,UNKNOWN,UNKNOWN,UNKNOWN,,,,,UNKNOWN,UNKNOWN,UNKNOWN,UNKNOWN,"{""C1"": [], ""C2"": [], ""C3s"": [], ""C3t"": []}"
S3072,-,A+B,UNKNOWN,MATCH,MATCH,UNKNOWN,UNKNOWN,MATCH,MATCH,UNKNOWN,UNKNOWN,MATCH,MATCH,UNKNOWN,"{""C1"": [], ""C2"": [""f3"", ""f6"", ""f8"", ""f11""], ""C3s"": [""f4"", ""f7"", ""f9"", ""f12""], ""C3t"": []}"
S3134,-,A+B,UNKNOWN,MATCH,UNKNOWN,UNKNOWN,UNKNOWN,MATCH,MATCH,UNKNOWN,UNKNOWN,MATCH,UNKNOWN,UNKNOWN,"{""C1"": [], ""C2"": [""f8"", ""f9""], ""C3s"": [], ""C3t"": []}"
S3612,Wadi Abu Hindi,A,UNKNOWN,UNKNOWN,UNKNOWN,UNKNOWN,,,,,UNKNOWN,UNKNOWN,UNKNOWN,UNKNOWN,"{""C1"": [], ""C2"": [], ""C3s"": [], ""C3t"": []}"
S3769,Wadi Abu Hindi,A+B,UNKNOWN,MATCH,UNKNOWN,UNKNOWN,UNKNOWN,MATCH,UNKNOWN,UNKNOWN,UNKNOWN,MATCH,UNKNOWN,UNKNOWN,"{""C1"": [], ""C2"": [""f1""], ""C3s"": [], ""C3t"": []}"
S3883,Kh. Karm Abu Ṭabaq,A,UNKNOWN,UNKNOWN,UNKNOWN,UNKNOWN,,,,,UNKNOWN,UNKNOWN,UNKNOWN,UNKNOWN,"{""C1"": [], ""C2"": [], ""C3s"": [], ""C3t"": []}"
S4436,Trig. Point 451-N,A,UNKNOWN,UNKNOWN,UNKNOWN,UNKNOWN,,,,,UNKNOWN,UNKNOWN,UNKNOWN,UNKNOWN,"{""C1"": [], ""C2"": [], ""C3s"": [], ""C3t"": []}"
