item_id,window,name_as_printed,feature_class,anchor_kind,pick_error_m,tile_lat,tile_lon,notes
Q01,Q_qumran,Kh. Qumrān,ruin,label_centre,100,31.7420915,35.4588461,No separate ruin symbol is legible; a dotted enclosure lies just south of the label.
Q02,Q_qumran,Anc. Aqueduct,aqueduct,line_label,40,31.7412339,35.4571295,Line drawn from the Wadi Qumran waterfall east to the dotted enclosure.
Q03,Q_qumran,Cem.,tomb,label_centre,60,31.7412339,35.4597044,Cemetery label east of the dotted enclosure; no grave symbols legible.
Q04,Q_qumran,R,symbol_unidentified,symbol,15,31.7411244,35.4591680,Letter R beside a short line inside the dotted enclosure; meaning not fixed without the legend.
Q05,Q_qumran,Waterfall,landform,label_centre,100,31.7417631,35.4557347,At the head of the aqueduct line in Wadi Qumran.
Q06,Q_qumran,Waterfall,landform,label_centre,100,31.7395185,35.4564857,Lower fall in Wadi Qumran.
Q07,Q_qumran,Waterfall,landform,label_centre,100,31.7464710,35.4558420,Fall in the wadi north of Kh. Qumran.
Q08,Q_qumran,Broken Ground,landform,label_centre,100,31.7438251,35.4587388,Terrain label.
Q09,Q_qumran,Masbaʿ ʿIrnāh,locality,label_centre,100,31.7354429,35.4631734,Reading of the first word uncertain; label inside a green vegetation area with tree and reed symbols on the delta.
Q10,Q_qumran,Canal,aqueduct,label_centre,60,31.7345182,35.4587388,Label beside a channel line south of the wadi mouth.
Q11,Q_qumran,636 (trig),other,symbol,15,31.7351631,35.4660773,Trig station 636 with height -387.7.
Q12,Q_qumran,639 (trig),other,symbol,15,31.7338795,35.4511213,Trig station 639 with height -72.1.
Q13,Q_qumran,Qumrān,wadi,label_centre,100,31.7409601,35.4404354,Valley name along Wadi Qumran (the word Wadi lies outside the window).
Q14,Q_qumran,Nuqeib el Kheil,landform,label_centre,100,31.7383141,35.4423666,Pass name south of Wadi Qumran.
Q15,Q_qumran,,road,line_point,40,31.7403579,35.4617429,Dashed track (two parallel dashed lines) running NE-SW about 150 m east of the dotted enclosure.
F01,Q_feshkha,Sp. ʿEin Fashkha,spring,symbol,15,31.7142224,35.4506278,Spring dot; marsh (reed) symbols around it.
F02,Q_feshkha,Sp. ʿEin et Tannūr,spring,symbol,15,31.7208117,35.4521728,Spring dot north of ʿEin Fashkha.
F03,Q_feshkha,B.M.(P.E.F.) Observation Rock,other,label_centre,60,31.7134558,35.4501987,PEF bench mark label below the spring; a line runs from the spring to the shore.
F04,Q_feshkha,Rās Fashkha,landform,label_centre,100,31.7087097,35.4551339,Headland name.
F05,Q_feshkha,Waterfall,landform,label_centre,100,31.7209395,35.4478383,
F06,Q_feshkha,Waterfall,landform,label_centre,100,31.7185667,35.4465508,
F07,Q_feshkha,640 (trig),other,symbol,15,31.7166501,35.4444051,Trig station 640 with height -36.5.
F08,Q_feshkha,,other,area_centre,40,31.7172890,35.4525590,Marsh (reed symbols) between the cliff-foot track and the shore from ʿEin et Tannur to ʿEin Fashkha.
F09,Q_feshkha,,other,line_point,15,31.7131820,35.4528809,Dead Sea shoreline as drawn in the 1940s (east end of the line from the spring).
F10,Q_feshkha,,road,line_point,40,31.7134558,35.4509497,Dashed track along the cliff foot past ʿEin Fashkha.
P01,K_palaces,Tell el ʿAlāyiq,tell,label_centre,100,31.8505314,35.4341912,Label north of the main road; trig 833 beside it; Wadi Qilt canal just north.
P02,K_palaces,833 (trig),other,symbol,15,31.8503468,35.4362646,Trig station 833 (superscript H) with height -198.9.
P03,K_palaces,Birkat en Nabī Mūsā,pool,area_centre,40,31.8478748,35.4399124,Rectangle (solid line inside a dotted line) with palm symbols; south of the road and east of the Tell el ʿAlāyiq label.
P04,K_palaces,Kh. Kakūn,ruin,area_centre,40,31.8464849,35.4331183,Cluster of black building squares inside a dotted outline north-east of the label.
P05,K_palaces,Aqueduct,aqueduct,line_label,40,31.8481254,35.4301143,Aqueduct line south-west of the road toward Kh. Kakun.
P06,K_palaces,Aqueduct,aqueduct,line_label,40,31.8497658,35.4434180,Aqueduct line east of Birkat en Nabi Musa parallel to the road.
P07,K_palaces,Canal,aqueduct,line_label,40,31.8517708,35.4341912,Canal along the north bank of Wadi el Qilt (dotted-line channel).
P08,K_palaces,Wādī el Qilt,wadi,label_centre,100,31.8514062,35.4434180,
P09,K_palaces,Sahl es Suteih,landform,label_centre,100,31.8581498,35.4342985,Plain name on sheet 19-14 north of the sheet edge.
P10,K_palaces,W. Shuqq ed Dabiʿ,wadi,label_centre,100,31.8570563,35.4290414,Reading confirmed on the next sheet west (C06).
P11,K_palaces,Sharandah,locality,label_centre,100,31.8602457,35.4401994,Among green parcels marked B.
P12,K_palaces,El Qasab,locality,label_centre,100,31.8562361,35.4455638,
P13,K_palaces,P.E.,symbol_unidentified,symbol,15,31.8482621,35.4314634,Letters P.E. at a small square west of the Tell el ʿAlāyiq label; meaning not fixed without the legend.
P14,K_palaces,,road,line_point,15,31.8498570,35.4380536,Main road (red-and-black band) Jerusalem-Jericho south of Wadi el Qilt.
P15,K_palaces,,other,area_centre,40,31.8486950,35.4369619,Green parcel with letters a and B. and two buildings; garden (INFERENCE).
A01,K_asla,[Wā]dī el ʿAsla,wadi,label_centre,100,31.7811434,35.4411757,Label along the track; the first letters are cut by the window edge.
A02,K_asla,El Kueisira,locality,label_centre,100,31.7797754,35.4395664,Label beside the track.
A03,K_asla,Broken Ground,landform,label_centre,100,31.7832410,35.4407734,A second Broken Ground label lies 600 m south-west.
A04,K_asla,Hajar el ʿAsba,landform,label_centre,100,31.7787037,35.4513681,
A05,K_asla,Sahsūl Hamīd,landform,label_centre,100,31.7764236,35.4520386,
A06,K_asla,Jaufat el ʿAsla,landform,label_centre,100,31.7724104,35.4446626,Same name as SWP XVIII 'Jofet el Asla'.
A07,K_asla,[H]ajar el Minbata,landform,label_centre,100,31.7727068,35.4370183,First letter cut by the window edge.
A08,K_asla,JEBEL HARMŪN,landform,label_centre,100,31.7693320,35.4425168,
A09,K_asla,Tabaq el Quneitira,landform,label_centre,100,31.7663675,35.4484177,
A10,K_asla,Jaufat Zabin,landform,label_centre,100,31.7629696,35.4500270,
A11,K_asla,Dhahr Dhinneib ʿAiyir,landform,label_centre,100,31.7693776,35.4598171,
A12,K_asla,W. ed Dab[...],wadi,label_centre,100,31.7797754,35.4650474,Cut by the window edge; the wadi carries a dotted double line (track).
A13,K_asla,293 (trig),other,symbol,15,31.7800718,35.4470766,Trig 293 (G) height -84.5.
A14,K_asla,296 (trig),other,symbol,15,31.7695828,35.4539162,Trig 296 (G) height -62.0.
A15,K_asla,297 (trig),other,symbol,15,31.7647940,35.4539162,Trig 297 (G) height -49.0.
A16,K_asla,299 (trig),other,symbol,15,31.7735733,35.4391640,Trig 299 (G) height 5.0.
A17,K_asla,41 (trig),other,symbol,15,31.7662535,35.4438579,Trig 41 (M) height 68.2.
A18,K_asla,294 (trig),other,symbol,15,31.7840618,35.4611582,Trig 294 (G) height -273.3.
A19,K_asla,295 (trig),other,symbol,15,31.7755571,35.4655838,Trig 295 (G) height -300.0.
A20,K_asla,,road,line_point,15,31.7822834,35.4438579,Track (double line with black dashes) along Wadi el ʿAsla.
C01,W_choziba,Deir Mār Jiryis,monastery_church,symbol,15,31.8437508,35.4113173,Black building symbol on the north cliff of Wadi el Qilt.
C02,W_choziba,Aqueduct,aqueduct,line_label,40,31.8459563,35.4163170,Aqueduct line on the north side of Wadi el Qilt east of the monastery.
C03,W_choziba,Aqueduct,aqueduct,line_label,40,31.8397587,35.4030132,Aqueduct line along Wadi el Qilt west of the monastery.
C04,W_choziba,Manzil Jabr,other,symbol,40,31.8436232,35.4148149,Small symbol on the old road with the label to its east; Manzil means a halting place (INFERENCE).
C05,W_choziba,W. Umm Sīra,wadi,label_centre,100,31.8483259,35.4092360,
C06,W_choziba,[Sh]uqq ed Dabiʿ,wadi,label_centre,100,31.8499663,35.4040861,Western part of the W. Shuqq ed Dabiʿ label.
C07,W_choziba,Umm Sīra,locality,label_centre,100,31.8470500,35.4039788,
C08,W_choziba,[Wādī el] Qilt,wadi,label_centre,100,31.8390296,35.4065537,Large spaced letters along the wadi.
C09,W_choziba,839 (trig),other,symbol,15,31.8425841,35.4129910,Trig 839 (T) height -1.8.
C10,W_choziba,840 (trig),other,symbol,15,31.8375348,35.4017258,Trig 840 (T) height -7.5.
C11,W_choziba,,road,line_point,15,31.8408524,35.4128838,Old road (brown dashed band) through Manzil Jabr.
J01,T_jericho,Jebel Abū Saraj,landform,label_centre,100,31.8809650,35.4240203,Ridge name west of the cliff of Jebel Quruntul.
J02,T_jericho,839 (trig),other,symbol,15,31.8817849,35.4273033,Trig 839 (H) height 89.6 on the cliff top.
J03,T_jericho,[...] el Fauqānī,landform,label_centre,100,31.8824226,35.4287410,Cliff name; first word outside the view.
J04,T_jericho,Jebel Quruntul,landform,label_centre,100,31.8743142,35.4263806,
J05,T_jericho,Cem.,tomb,symbol,40,31.8746786,35.4301786,Small oval outline labelled Cem. at the cliff foot north of the monastery.
J06,T_jericho,Tāḥūnat el Hawā,mill,label_centre,100,31.8737128,35.4282045,Name means windmill (INFERENCE); no separate symbol legible.
J07,T_jericho,Caves,cave,symbol,15,31.8736400,35.4315948,Cave symbol beside the monastery buildings.
J08,T_jericho,Deir el Quruntul,monastery_church,symbol,15,31.8732208,35.4310369,Three black building symbols on the cliff; labels Monastery and Ch. beside them.
J09,T_jericho,Ch.,monastery_church,symbol,15,31.8726742,35.4310584,Church symbol at the south building of the monastery.
J10,T_jericho,W. el Mafjir,wadi,label_centre,100,31.8713075,35.4267025,
J11,T_jericho,2006 (trig),other,symbol,15,31.8702506,35.4293847,Trig 2006 height 65.8.
J12,T_jericho,Jebel Mughr el Biss,landform,label_centre,100,31.8686652,35.4245567,Mughr means caves (name only; no cave symbol at the label).
J13,T_jericho,Ed Duyūk et Tahtānī,locality,label_centre,100,31.8677540,35.4359293,
J14,T_jericho,Sidrat es Suwwāna,locality,label_centre,100,31.8657494,35.4363585,
J15,T_jericho,Canal,aqueduct,line_label,40,31.8796895,35.4324961,Canal running south from Duyuk along the cliff foot.
J16,T_jericho,Canal,aqueduct,line_label,40,31.8672984,35.4385042,Canal in Ed Duyuk et Tahtani.
J17,T_jericho,Duyūk,built_up,area_centre,40,31.8811836,35.4375386,Village buildings beside the road.
J18,T_jericho,Bāb eth Thiniya,landform,label_centre,100,31.8775941,35.4406500,
J19,T_jericho,Sugar Mill(s) / Et Tawāḥīn,mill,symbol,20,31.8727653,35.4388690,Oval outline with a dot; trig 837 on a mound symbol to its west.
J20,T_jericho,837 (trig),other,symbol,15,31.8727653,35.4380751,Trig 837 (H) height 139.6 on a small mound symbol.
J21,T_jericho,Shajarat es Sayāla,other,symbol,20,31.8706697,35.4407573,Tree symbol with trig 545 (A) height -201.6.
J22,T_jericho,,road,line_point,15,31.8769563,35.4393625,Main road (red band) Jericho to Beisan.
N01,T_jericho,ʿEin en Nuʿeima,spring,symbol,15,31.8953218,35.4218531,Spring dot with Sp.; trig 841 just east.
N02,T_jericho,ʿEin ed Duyūk,spring,symbol,15,31.8948299,35.4218960,Blue spring dot 55 m south of ʿEin en Nuʿeima.
N03,T_jericho,841 (trig),other,symbol,15,31.8953582,35.4229259,Trig 841 (H) height -122.2.
N04,T_jericho,Dār es Safā,locality,label_centre,100,31.8922247,35.4169607,
N05,T_jericho,W. Halq er Rummāna,wadi,label_centre,100,31.8859391,35.4178190,
N06,T_jericho,[...]ab Halq er Rummāna,landform,label_centre,100,31.8826595,35.4184628,First word cut by the view edge.
N07,T_jericho,Nuqb Abū Saraj,landform,label_centre,100,31.8902571,35.4245567,Pass name written along the cliff road (Nuqb ... Abū ... Saraj); the places_v2 point for cave IV/17 falls on this label.
N08,T_jericho,(Tree) 840 (trig),other,symbol,15,31.8892186,35.4270458,Trig 840 (H) marked (Tree).
N09,T_jericho,Maqām el Imām ʿAlī,shrine,label_centre,100,31.8925344,35.4318953,No separate shrine symbol legible.
N10,T_jericho,Ruins,ruin,area_centre,40,31.8915779,35.4324317,Dotted enclosure with Ruins label and two Cem. labels south-west of Nuʿeima village.
N11,T_jericho,Cem.,tomb,label_centre,60,31.8916690,35.4315197,Cemetery inside the dotted enclosure.
N12,T_jericho,Cem.,tomb,label_centre,60,31.8909403,35.4312515,Second cemetery label west of the road.
N13,T_jericho,Nuʿeima,built_up,area_centre,40,31.8903117,35.4340196,Village buildings east of the road.
N14,T_jericho,Canal,aqueduct,line_label,40,31.8914049,35.4289770,Canal along the road south-west of Nuʿeima.
N15,T_jericho,,cave,symbol,15,31.8953218,35.4271960,Cave symbol (as at Deir el Quruntul) without a label; meaning taken from the labelled symbol (INFERENCE).
N16,T_jericho,Ed Duyūk el Fauqānī,locality,label_centre,100,31.8830239,35.4296207,Written along the cliff foot.
N17,T_jericho,842 (trig),other,symbol,15,31.8954129,35.4358435,Trig 842 at the view edge.
U01,T_jericho,W. en Nuʿeima,wadi,label_centre,100,31.8834912,35.4454249,
U02,T_jericho,Eth Thiniya,locality,label_centre,100,31.8805974,35.4426481,
U03,T_jericho,838 (trig),other,symbol,15,31.8800614,35.4422189,Trig 838 (H) height -143.2 inside a hachured ring (a mound symbol).
U04,T_jericho,Shawāhid Sayidnā Mūsā,other,symbol,15,31.8946370,35.4370438,Triangle symbol with the name; name means witnesses (cairns) of our lord Moses (INFERENCE).
U05,T_jericho,843 (trig),other,symbol,15,31.8877139,35.4503476,Trig 843 (H) height -183.2 among hachures.
U06,T_jericho,Tāḥūnat el Mafjir,mill,label_centre,100,31.8857419,35.4540080,Mill label; letter R with a black square 40 m west.
U07,T_jericho,R ■,ruin,symbol,15,31.8862778,35.4529982,Letter R beside a black square near Tahunat el Mafjir; R read as ruin or antiquity (INFERENCE; the legend was not read).
U08,T_jericho,Cave,cave,symbol,15,31.8853775,35.4551188,Cave symbol with label south of Tahunat el Mafjir.
U09,T_jericho,Jisr Abū Ghabbūsh,other,symbol,15,31.8824837,35.4565325,Bridge on the road over Wadi en Nuʿeima.
U10,T_jericho,Daribat el Ghuzlān,locality,label_centre,100,31.8786681,35.4537556,
U11,T_jericho,Tell Deir Ghannām,tell,label_centre,100,31.8771675,35.4560276,A Ruins label just below.
U12,T_jericho,Ruins,ruin,label_centre,60,31.8764172,35.4562800,Ruins label under Tell Deir Ghannām.
U13,T_jericho,Canal,aqueduct,line_label,40,31.8786681,35.4436578,Canal from Bāb eth Thiniya east.
U14,T_jericho,2003 (trig),other,symbol,15,31.8948513,35.4562800,Trig 2003 height -87.7.
U15,T_jericho,Khirbat el Mafjar (R.),ruin,symbol,15,31.8817849,35.4595113,Purple square with R. south-west of the Khirbat el Mafjar label.
U16,T_jericho,Khirbat el Mafjar,ruin,label_centre,100,31.8832425,35.4614425,
T01,T_jericho,Tell Abū Khurs,tell,symbol,15,31.8692605,35.4593682,Hachured mound symbol with trig 845 (H) height -253.2.
T02,T_jericho,Abū Khurs,locality,label_centre,100,31.8683615,35.4576516,
T03,T_jericho,Tell el Matlab,tell,label_centre,100,31.8682400,35.4619431,No mound symbol legible.
T04,T_jericho,El Marājim,locality,label_centre,100,31.8667821,35.4655194,
T05,T_jericho,Qanāt Wāṣil,aqueduct,line_label,40,31.8648382,35.4646611,Channel line labelled Qanat (a water channel).
T06,T_jericho,Abū el Kharāwī,locality,label_centre,100,31.8654457,35.4703832,
T07,T_jericho,Landing Ground,other,label_centre,100,31.8673895,35.4739594,Purple overprint.
T08,T_jericho,Qatr en Nimr,locality,label_centre,100,31.8655672,35.4533601,
T09,T_jericho,El Mashaʿ,locality,label_centre,100,31.8682400,35.4489255,
T10,T_jericho,En Nabra,locality,label_centre,100,31.8628943,35.4635167,
T11,T_jericho,Esh Shiqāq,locality,label_centre,100,31.8607074,35.4748178,
T12,T_jericho,Qanāt Umm et Tawābīn,aqueduct,line_label,40,31.8592494,35.4652333,Channel line.
T13,T_jericho,Umm et Tawābīn,locality,label_centre,100,31.8563333,35.4643750,
T14,T_jericho,Jericho,built_up,area_centre,40,31.8560903,35.4592252,Town centre at the road junction; label further east.
T15,T_jericho,Nunnery,monastery_church,label_centre,60,31.8566979,35.4560781,
T16,T_jericho,Govt. Agric. Station,other,label_centre,60,31.8571839,35.4626584,
T17,T_jericho,Cem.,tomb,label_centre,60,31.8545108,35.4563642,Cemetery at the south-west edge of the town; Mill label beside it.
T18,T_jericho,Mill,mill,label_centre,60,31.8545108,35.4573655,
T19,T_jericho,Cem.,tomb,label_centre,60,31.8550697,35.4622293,Cemetery at the east edge of the town.
T20,T_jericho,Abattoir,other,label_centre,60,31.8540247,35.4646611,
T21,T_jericho,Wādī el Qilt,wadi,label_centre,100,31.8531742,35.4595113,
T22,T_jericho,Ed Dabba,locality,label_centre,100,31.8506225,35.4613709,
T23,T_jericho,Gov. & Police Offices,built_up,symbol,20,31.8500149,35.4497838,Large walled building on sheet 19-13 south of Wadi el Qilt with a street grid around it.
T24,T_jericho,,built_up,area_centre,60,31.8492858,35.4526448,Street grid with buildings south of Wadi el Qilt (sheet 19-13).
T25,T_jericho,Tell el ʿArāyis,tell,symbol,15,31.8654943,35.4462934,Hachured mound symbol with trig 844 (H) height -225.0.
T26,T_jericho,Tell Abū Hindi,tell,symbol,15,31.8650751,35.4447484,Small hachured mound symbol east of the label.
T27,T_jericho,Tell es Samrāt,tell,symbol,15,31.8652355,35.4401135,Hachured mound symbol with trig 836 (H) height -207.6.
T28,T_jericho,Tell es Sulṭān,tell,label_centre,100,31.8717691,35.4422307,Label west of the hachured outline; the outline spans about 120 m east-west. Read on the view opened after the registration fit was saved (the label lies inside the masked box).
T29,T_jericho,Tell es Sulṭān (outline),tell,area_centre,40,31.8700319,35.4436541,Centre of the visible hachured outline south of its north end.
T30,T_jericho,ʿEin es Sulṭān,spring,symbol,15,31.8703842,35.4446340,Spring dot with Sp. east of the tell outline beside the road.
T31,T_jericho,El Baiyād & El Batābīt,locality,label_centre,100,31.8715444,35.4500484,
T32,T_jericho,653 (trig),other,symbol,15,31.8733120,35.4459786,Trig 653 (B) height -224.3 in the protected strip (viewed after the fit was saved).
T33,T_jericho,,road,line_point,15,31.8742838,35.4456925,Junction of dashed tracks in the protected strip (viewed after the fit was saved).
D01,M_duk,Sahl el Mīdān,landform,label_centre,100,31.9033555,35.4255652,Plain name east of the springs (sheet 19-14).
D02,M_duk,W. Umm [...],wadi,label_centre,100,31.9061790,35.4168749,Cut by the view edge.
H01,B_hyrcania,El Mird,ruin,label_centre,100,31.7190960,35.3629518,Name of the summit site; the hachured summit lies 130 m east.
H02,B_hyrcania,848 (trig),other,symbol,15,31.7191325,35.3656983,Trig 848 (T) on the hachured summit; heights 247.5 (c. of cross) and 249.0.
H03,B_hyrcania,,cave,symbol,15,31.7190595,35.3654408,Cave symbol (c with a dot) beside the trig on the summit (INFERENCE from the labelled cave symbols elsewhere).
H04,B_hyrcania,Vault,other,symbol,15,31.7181469,35.3650975,Arrow from the label Vault to a point on the south slope of the summit.
H05,B_hyrcania,Mār Sābā (Underground Ch.),monastery_church,label_centre,60,31.7178913,35.3665566,Label south-east of the summit.
H06,B_hyrcania,Ruins,ruin,symbol,15,31.7179278,35.3631921,Black square with Ruins west of the summit.
H07,B_hyrcania,,symbol_unidentified,symbol,15,31.7189500,35.3641963,Narrow rectangle (about 15 x 50 m as drawn) west of the summit; a cistern or pool outline is possible (INFERENCE).
H08,B_hyrcania,Aqd.,aqueduct,line_label,40,31.7203007,35.3640246,Double line reaching the summit from the north-west.
H09,B_hyrcania,Aqd.,aqueduct,line_label,40,31.7224727,35.3575873,Second aqueduct line 800 m west-north-west of the summit.
H10,B_hyrcania,Bīr el Qattār (Birka),pool,label_centre,60,31.7254842,35.3600550,Label says Bir with (Birka) in brackets beside a wadi with a channel.
H11,B_hyrcania,Bīr Abū Shuʿla,cistern,symbol,15,31.7239693,35.3625226,Cistern symbol labelled Cis.
H12,B_hyrcania,W. Abū Shuʿla,wadi,label_centre,100,31.7224727,35.3685308,
H13,B_hyrcania,El Qattār,wadi,label_centre,100,31.7246629,35.3575873,Large letters along the valley north-west of El Mird.
H14,B_hyrcania,ʿArab Ibn ʿU[beid],locality,label_centre,100,31.7200086,35.3659558,Tribal territory name in large spaced capitals; the end is outside the view (reading of the end is INFERENCE).
H15,B_hyrcania,El ʿEidharāwī & Tīrān Abū Rās,locality,label_centre,100,31.7162668,35.3611279,
H16,B_hyrcania,W. el Eidharāwī,wadi,label_centre,100,31.7140764,35.3562999,
H17,B_hyrcania,,road,line_point,40,31.7206475,35.3665996,Dashed track reaching El Mird from the north-east.
B01,B_buqeia,Karm es Samra (El ʿAjaz) R.,ruin,symbol,15,31.7170791,35.3919679,Dotted square with R. (ruin or antiquity: INFERENCE); spot height 13.0 beside it.
B02,B_buqeia,Karm es Samra (El ʿAjaz),locality,label_centre,60,31.7160523,35.3915656,Name printed under the R. square.
B03,B_buqeia,Pond,pool,symbol,15,31.7271177,35.3918338,Small rectangle labelled Pond.
B04,B_buqeia,El Muzallaqa,locality,label_centre,100,31.7211175,35.3840554,
B05,B_buqeia,Et Tabaqa,locality,label_centre,100,31.7096635,35.3899562,
B06,B_buqeia,[...] el ʿAjūz,locality,label_centre,100,31.7104621,35.3800321,Cut by the view edge.
B07,B_buqeia,[El] Buqeiʿa,landform,label_centre,300,31.7157101,35.3872740,Large letters B-u-q-e spaced along a line running north-east for about 1.2 km.
B08,B_buqeia,,road,line_point,40,31.7186762,35.3934431,Dashed tracks crossing the plain north-south.
S01,B_marsaba,Deir Mār Sābā (Greek Monastery),monastery_church,symbol,15,31.7048944,35.3313446,Large black building on the west side of Wadi en Nar.
S02,B_marsaba,Wādī en Nār,wadi,label_centre,100,31.7098232,35.3332758,The Kidron gorge; the name Kidron is not printed.
S03,B_marsaba,Aqueduct,aqueduct,line_label,40,31.7123423,35.3317738,Line along the west side of the gorge north of Beit Sufya.
S04,B_marsaba,Beit Sūfyā,other,symbol,15,31.7089105,35.3327394,Small black square at the gorge edge.
S05,B_marsaba,Rock cut cells,cave,symbol,20,31.7075414,35.3320956,Arrow from the label to the gorge side.
S06,B_marsaba,Dār Maqtal el Ghuwei[...] R.,ruin,symbol,15,31.7042919,35.3298855,Square with R. under the name; the name's end is unclear.
S07,B_marsaba,W. Hujr,wadi,label_centre,100,31.7038903,35.3268385,
S08,B_marsaba,Ghuleiyin,locality,label_centre,100,31.7094581,35.3389621,
S09,B_marsaba,Maghāyir er Rubūd,cave,symbol,20,31.6972267,35.3331900,Cave symbol beside the name (Maghayir means caves).
S10,B_marsaba,Bīr ed Deiqa,cistern,symbol,15,31.6964052,35.3356791,Cistern symbol labelled Cis.
S11,B_marsaba,[Ed] Dār el Beida,locality,label_centre,300,31.7070850,35.3246927,Large spaced letters across the west of the view; reading INFERENCE.
S12,B_marsaba,,road,line_point,40,31.7048944,35.3246927,Dashed track reaching the monastery from the west.
K01,W_kuteif,W. Quteif,wadi,label_centre,100,31.8007042,35.4054058,Main road runs along the wadi.
K02,W_kuteif,Sea Level Post,other,label_centre,60,31.8056052,35.3982979,Label beside the main road.
K03,W_kuteif,Suwwānat Qabr Masʿūd,locality,label_centre,100,31.8030977,35.4173416,Qabr means tomb (name only; no tomb symbol).
K04,W_kuteif,Shiʿab er Riyāsh,landform,label_centre,100,31.8147909,35.4084903,
K05,W_kuteif,Harāyib en Nabī Mūsā,locality,label_centre,100,31.7902176,35.4115748,
K06,W_kuteif,889 (trig),other,symbol,15,31.8048530,35.4034746,Trig 889 (T) height 79.6.
K07,W_kuteif,376 (trig),other,symbol,15,31.7952331,35.4054862,Trig 376 (B) height 102.0.
K08,W_kuteif,374 (trig),other,symbol,15,31.8086368,35.4164028,Trig 374 (B) height 54.0.
K09,W_kuteif,370 (trig),other,symbol,15,31.8126712,35.3989685,Trig 370 (B) height 185.1.
K10,W_kuteif,,road,line_point,15,31.7997924,35.4123795,Main road Jerusalem-Jericho (brown-red band) in Wadi Quteif.
E01,J_kidron,Valley of Kidron,wadi,label_centre,100,31.7747914,35.2375512,English label written along the valley.
E02,J_kidron,Virgin's Fountain,spring,label_centre,60,31.7736305,35.2358931,Label on the west side of the valley; no separate symbol legible.
E03,J_kidron,Pool of Siloam,pool,label_centre,60,31.7705957,35.2348202,
E04,J_kidron,Bīr Aiyūb,well_or_cistern,label_centre,60,31.7670798,35.2354054,At the junction of the Kidron and Hinnom valleys.
E05,J_kidron,Aceldama,locality,label_centre,60,31.7682905,35.2339424,Name of the Hakeldama area; tombs not drawn separately.
E06,J_kidron,[Valley] of Hinnom,wadi,label_centre,100,31.7689870,35.2325769,
E07,J_kidron,Tombs,tomb,label_centre,60,31.7768643,35.2390142,In the Kidron below the Golden Gate (the Kidron monuments area).
E08,J_kidron,Cem.,tomb,label_centre,60,31.7761180,35.2395019,East side of the Kidron (Mount of Olives slope).
E09,J_kidron,Cem.,tomb,label_centre,60,31.7734647,35.2380388,East side of the Kidron above Silwan.
E10,J_kidron,Cem.,tomb,label_centre,60,31.7794346,35.2373561,Below the Golden Gate.
E11,J_kidron,Golden Gate,other,label_centre,40,31.7793517,35.2384290,Gate in the east wall of the Haram.
E12,J_kidron,Dung Gate,other,label_centre,40,31.7745426,35.2351128,
E13,J_kidron,St. Stephen's Gate,other,label_centre,40,31.7805125,35.2387216,
E14,J_kidron,Gethsemane,monastery_church,symbol,15,31.7794346,35.2396969,Black church symbol at the road.
E15,J_kidron,Chapel,monastery_church,label_centre,40,31.7797663,35.2384290,North of Gethsemane.
E16,J_kidron,Silwān,built_up,label_centre,60,31.7717234,35.2401846,Village buildings on the east slope of the Kidron.
E17,J_kidron,Convent & Seminary,monastery_church,label_centre,60,31.7708113,35.2419402,
E18,J_kidron,MT OF OFFENCE,landform,label_centre,100,31.7688212,35.2394043,
E19,J_kidron,Batin el Hawa,locality,label_centre,100,31.7682905,35.2390142,
E20,J_kidron,MT OPHEL,landform,label_centre,100,31.7728014,35.2337473,
E21,J_kidron,Burj el Kibrit,other,label_centre,60,31.7732657,35.2341374,
E22,J_kidron,Cis.,cistern,symbol,15,31.7688709,35.2424864,Cistern symbol near El Qaʿa.
E23,J_kidron,El Qaʿa,locality,label_centre,100,31.7696504,35.2427205,
E24,J_kidron,Deir es Sunna,locality,label_centre,100,31.7660018,35.2430131,
E25,J_kidron,Es Suweih,locality,label_centre,100,31.7645091,35.2417452,
E26,J_kidron,Esh Shammāʿa,locality,label_centre,100,31.7654213,35.2319917,
E27,J_kidron,Tomb,tomb,label_centre,60,31.7759522,35.2429156,On the Mount of Olives slope.
E28,J_kidron,Pool,pool,symbol,15,31.7819220,35.2379413,Outline labelled Pool north of St Stephen's Gate.
E29,J_kidron,Cis.,cistern,label_centre,40,31.7825023,35.2391117,Cistern label beside the road north of the city.
E30,J_kidron,HARAM ESH SHARIF,shrine,label_centre,100,31.7787713,35.2356980,
E31,J_kidron,Qubbat es Sakhra (Dome of the Rock),shrine,symbol,15,31.7780582,35.2353469,Black disc.
E32,J_kidron,Masjid el Aqsa,shrine,symbol,20,31.7763668,35.2354054,Black building outline at the south of the Haram.
E33,J_kidron,Et Tūr,built_up,label_centre,100,31.7790200,35.2431107,Village on the Mount of Olives.
E34,J_kidron,Paternoster,monastery_church,label_centre,60,31.7785226,35.2436959,
E35,J_kidron,Rās el ʿA[mūd],locality,label_centre,100,31.7747085,35.2435008,Cut by the view edge.
E36,J_kidron,,road,line_point,15,31.7751231,35.2403797,Jericho road (brown band) along the east side of the Kidron.
E37,J_kidron,405 (trig),other,symbol,15,31.7747085,35.2361857,Trig 405 near the Dung Gate.
E38,J_kidron,402 (trig),other,symbol,15,31.7704796,35.2395994,Trig 402 (A) heights 740.2 and 752.4 near the Convent and Seminary.
M01,S_samiya,Kh. el Marjama,ruin,label_centre,100,31.9914801,35.3341019,No separate ruin symbol; a small dotted ring lies 120 m north-west of the label centre.
M02,S_samiya,,symbol_unidentified,symbol,15,31.9925721,35.3331900,Small dotted ring north-west of the Kh. el Marjama label.
M03,S_samiya,ʿEin Sāmiya,spring,symbol,15,31.9903882,35.3324926,Black spring dot at the head of a dotted channel running south.
M04,S_samiya,Caves,cave,symbol,15,31.9906157,35.3344238,Cave symbol (first of three in a north-south row east of the label).
M05,S_samiya,Caves,cave,symbol,15,31.9901152,35.3346920,Cave symbol.
M06,S_samiya,Caves,cave,symbol,15,31.9897967,35.3348529,Cave symbol.
M07,S_samiya,Roman Mill,mill,symbol,15,31.9893872,35.3346920,Dot at the end of the channel; label Roman Mill and R. beside it.
M08,S_samiya,R.,ruin,symbol,15,31.9891416,35.3351748,Letter R. under the Roman Mill label (ruin or antiquity: INFERENCE).
M09,S_samiya,Caves,cave,symbol,15,31.9892234,35.3355825,Cave symbol (southern group).
M10,S_samiya,Caves,cave,symbol,15,31.9889323,35.3363550,Cave symbol (southern group).
M11,S_samiya,Caves,cave,symbol,15,31.9887958,35.3358400,Cave symbol (southern group).
M12,S_samiya,Caves,cave,symbol,15,31.9883408,35.3358185,Cave symbol (southern group).
M13,S_samiya,,cave,symbol,15,31.9915256,35.3316879,Cave symbol on the wadi bend west of Kh. el Marjama (unlabelled).
M14,S_samiya,,cave,symbol,15,31.9910252,35.3319025,Cave symbol on the wadi bend west of Kh. el Marjama (unlabelled).
M15,S_samiya,,cave,symbol,15,31.9894327,35.3326535,Cave symbol beside the channel south of the spring (unlabelled).
M16,S_samiya,,cave,symbol,15,31.9884773,35.3326535,Cave symbol beside the channel south of the spring (unlabelled).
M17,S_samiya,Kh. Sāmiya,ruin,label_centre,100,31.9875900,35.3339034,Dot near the label; Beit el Qādī just south.
M18,S_samiya,Beit el Qādī,other,label_centre,60,31.9872033,35.3349763,
M19,S_samiya,Canal,aqueduct,line_label,40,31.9863388,35.3345740,Dotted channel from ʿEin Sāmiya south past Kh. Sāmiya.
M20,S_samiya,W. Kuheila,wadi,label_centre,100,31.9947559,35.3384632,Wadi east of Kh. el Marjama running south into the valley.
M21,S_samiya,Wādī esh Shams,wadi,label_centre,100,32.0001014,35.3294778,
M22,S_samiya,Wādī Siyā[l],wadi,label_centre,100,31.9990778,35.3321600,Vertical label; last letter unclear.
M23,S_samiya,Wādī Sāmiya,wadi,label_centre,100,31.9952108,35.3219676,
M24,S_samiya,Khallat Abū Zeid,locality,label_centre,100,31.9876583,35.3245157,
M25,S_samiya,Esh Sh. Zeid,shrine,symbol,15,31.9836088,35.3238451,Shrine symbol with the name.
M26,S_samiya,Hajar el Jamal (Stone),other,label_centre,60,31.9994873,35.3171396,A named stone on the dotted boundary.
M27,S_samiya,Abū ʿAmmār,locality,label_centre,100,32.0049463,35.3364515,Trig 322 (F) beside it.
M28,S_samiya,El Qasr,ruin,symbol,15,31.9835633,35.3410113,Black square with the name (a building or ruin).
M29,S_samiya,Es Suheila,locality,label_centre,100,31.9795136,35.3230405,
M30,S_samiya,Cave,cave,label_centre,40,31.9831538,35.3153962,Label inside a parcel outline south-west of the valley.
M31,S_samiya,K A F R [...],locality,label_centre,300,31.9867938,35.3321600,Large spaced letters of a village-lands name (Kafr Malik lands: INFERENCE).
G01,G_gerizim,JEBEL ET TŪR (Mt. Gerizim),landform,label_centre,150,32.2018894,35.2660275,English name in blackletter under the Arabic name.
G02,G_gerizim,Kh. Sh. Ghānim,ruin,label_centre,60,32.2025794,35.2728939,Inside a dotted enclosure on the summit.
G03,G_gerizim,Sh. Ghānim,shrine,symbol,15,32.2015626,35.2737522,Shrine symbol on the summit.
G04,G_gerizim,,symbol_unidentified,area_centre,40,32.2021617,35.2725720,Dotted enclosure about 400 x 450 m around the summit (boundary or ruin outline: not fixed without the legend).
G05,G_gerizim,El Madhbah,locality,label_centre,100,32.2008544,35.2731085,The name means the altar (INFERENCE).
G06,G_gerizim,564 (trig),other,symbol,15,32.1997468,35.2732158,Trig 564 (c) height 880.7.
G07,G_gerizim,Tell er Rās,tell,label_centre,60,32.2067916,35.2725720,Spot height 831.2 inside closed contours just east.
G08,G_gerizim,1538 (trig),other,symbol,15,32.2080081,35.2751470,Trig 1538 height 797.6.
G09,G_gerizim,ʿIrāq el ʿAbhara,landform,label_centre,100,32.2088796,35.2746105,ʿIraq means a cliff or cave (INFERENCE).
G10,G_gerizim,Et Tanānīr,locality,label_centre,100,32.2084257,35.2805114,
G11,G_gerizim,El Murhān,locality,label_centre,100,32.2051939,35.2695680,
G12,G_gerizim,Manzalat es Samra,locality,label_centre,100,32.2041953,35.2705336,
G13,G_gerizim,[Kh]allat esh Sheikh Ahmad,locality,label_centre,100,32.2029788,35.2649546,
G14,G_gerizim,Bāb el Hawā,landform,label_centre,100,32.2037414,35.2770782,
G15,G_gerizim,Fauq es Suteila,locality,label_centre,100,32.2053391,35.2793312,
G16,G_gerizim,ʿEin es Subyān,spring,symbol,20,32.2028335,35.2822280,Sp. beside the name.
G17,G_gerizim,Kh. el Qasr,ruin,label_centre,60,32.1996742,35.2774000,A second label Khirbat el Qasr lies 90 m south-east.
G18,G_gerizim,Hariqat Abū el ʿAdas,locality,label_centre,100,32.1977132,35.2797604,
G19,G_gerizim,KAFR QALLIL,locality,label_centre,150,32.1966237,35.2780437,Village lands name in spaced capitals.
G20,G_gerizim,ʿEin el Fashūra,spring,symbol,20,32.1948987,35.2795458,Sp. beside the name.
G21,G_gerizim,Wādī en Naml,wadi,label_centre,100,32.1943539,35.2820134,
G22,G_gerizim,Karm Umm Suleimān,locality,label_centre,100,32.1944447,35.2767563,
G23,G_gerizim,Mawāris el ʿUmeira,locality,label_centre,100,32.1938092,35.2789021,
G24,G_gerizim,Qartāt el Baiyād,locality,label_centre,100,32.1927197,35.2804041,
G25,G_gerizim,ʿIrāq en Nimr,landform,label_centre,100,32.1942087,35.2726793,
G26,G_gerizim,El Mashālih,locality,label_centre,100,32.1963513,35.2647400,
G27,G_gerizim,169 (trig),other,symbol,15,32.2057931,35.2678514,Trig 169 (B) height 844.5.
G28,G_gerizim,Habāyil Abū Khanzīra,locality,label_centre,100,32.1956250,35.2827644,
G29,G_gerizim,Abū Hammār,locality,label_centre,100,32.2060654,35.2821207,Vertical label.
