window,item,map_1940s,imagery_2025,basis
T_jericho,ʿAin es-Sultan refugee camp (since 1948),"Open ground in the strip north of the tell: tracks, trig station 653 and contours; no buildings (viewed after the registration fit was saved)",Dense camp houses cover the strip and the ground north of it to the Duyuk road,Sheet 19-14 tiles; Esri World Imagery 2025 z16
T_jericho,Jericho town,"A compact town around the road junction, with garden parcels (B. and C.) around it",Continuous built-up area from Wadi el Qilt to Tell es-Sultan and east; most garden parcels are built over,Sheets 19-14 and 19-13; Esri z16
T_jericho,"Tells south of Tell es-Sultan (es Samrat, Abu Hindi, el ʿArayis)",Three mound symbols with trig stations among gardens,Houses and greenhouses at all three positions; no mound identifiable,Items T25-T27
T_jericho,Nuʿeima and Duyuk villages,Small villages beside the Beisan road,Both villages have grown along the road; greenhouses around Nuʿeima,Items J17 and N13
K_palaces,ʿAqabat Jabr refugee camp (since 1948),Open ground and gardens south of the main road and Tulul Abu el-ʿAlayiq,A dense built-up area south and south-east of the palaces,Sheet 19-13 tiles; Esri z16
K_palaces,Birkat en Nabi Musa,A rectangular pool outline south of the road,An open rectangular plot enclosed by new streets and houses,Item P03 (moderate confidence)
Q_qumran,Kh. Qumran surroundings,"Dotted enclosure, aqueduct, cemetery, and a track along the cliff foot",Excavated ruins with a visitor centre and car park to the north; Highway 90 to the south-east,Esri z17
Q_feshkha,ʿEin Fashkha and the shore,Spring dots on the cliff-foot track; reed marsh; shoreline about 100-200 m east of the springs,Highway 90 runs over the mapped spring dot; reserve buildings lie east; the 1940s shoreline is now inland,Esri z16; items F01 and F09
B_buqeia,Buqeiʿa plain,Dashed tracks only,A paved road crosses the plain from north-east to south-west,Esri z16
G_gerizim,Mount Gerizim summit,Dotted enclosure around Kh. Sh. Ghanim and the shrine,Excavated sacred precinct; the Samaritan village (Kiryat Luza) on the west; houses on the east slope,Esri z17
S_samiya,ʿEin Samiya valley,Spring with a dotted channel south; caves; Roman Mill; Kh. Samiya,Fields and small buildings in the valley; a long structure on the channel line; a highway crosses the south-east of the valley,Esri z17
J_kidron,Kidron and Silwan,Silwan as a village on the east slope; open valley floor south of the Haram,Silwan covers the whole east slope; the City of David area is built and excavated,Esri z17
B_hyrcania,Hyrcania,Summit with trig and aqueduct lines,Summit ruins; no modern construction seen,Esri z16
B_marsaba,Mar Saba,Monastery on the gorge,Monastery; access road from the west,Esri z16
