item_id,state_2025,basis
Q01,visible_2025,Excavated ruins of Kh. Qumran inside the position error; a visitor centre and car park were built just north (Esri 2025 z17).
Q04,visible_2025,Main building complex of the excavated ruins at the position.
Q03,visible_2025,Field of grave mounds east of the ruins at the position.
Q02,visible_2025,A channel line runs from the Wadi Qumran fall toward the ruins at the position (moderate confidence).
F01,built_over,Highway 90 pavement crosses the mapped spring position; the reserve's springs and marsh lie east of the road.
F02,open_not_visible,Position at the east edge of Highway 90 in scrub; no spring structure visible.
P01,built_over,Modern buildings and a sports ground lie inside the position error of the label (label anchor).
P07,open_not_visible,Wadi edge north of the built area; no channel visible at this zoom.
P03,visible_2025,An open rectangular plot surrounded by houses matches the drawn pool outline (moderate confidence).
P06,built_over,Houses and streets on the aqueduct line east of the pool.
P05,built_over,Houses on the aqueduct line west of the road.
P13,built_over,Houses at the position.
P04,built_over,Houses within the position error of the ruin cluster.
H01,visible_2025,Summit ruins of Hyrcania lie inside the position error of the label.
H02,visible_2025,Summit ruins visible at the trig position.
H03,visible_2025,Summit ruins visible at the position; a cave mouth cannot be seen at this zoom.
H07,open_not_visible,Slope west of the summit; no rectangular structure visible at zoom 16.
H06,open_not_visible,Slope west of the summit; no ruin visible at zoom 16.
H08,visible_2025,A linear ridge feature runs toward the summit from the north-west (moderate confidence).
H05,open_not_visible,South-east slope; nothing distinct at zoom 16.
H11,open_not_visible,Wadi floor; no cistern visible at zoom 16.
C01,visible_2025,Monastery buildings on the cliff at the position.
S01,visible_2025,Monastery buildings at the position.
S06,open_not_visible,Slope west of the monastery; no ruin visible at zoom 16.
S04,open_not_visible,Gorge edge north of the monastery; nothing distinct at zoom 16.
S09,open_not_visible,Gorge side south of the monastery; cave mouths are below the resolution.
B01,open_not_visible,Plain beside a track; no rectangular ruin discerned at zoom 16. A paved road now crosses the plain 300 m to the east.
B03,open_not_visible,Plain; no pond outline visible.
E31,visible_2025,Dome at the position.
E30,visible_2025,Haram platform at the label.
E32,visible_2025,Mosque building at the position.
E10,visible_2025,Graves of the cemetery along the east wall at the position.
E15,visible_2025,Church building north of Gethsemane at the position.
E14,visible_2025,Church of All Nations at the position.
E07,visible_2025,Rock-cut tombs and graves of the east slope of the Kidron at the label.
E08,visible_2025,Graves of the Mount of Olives cemetery at the label.
E02,built_over,Label anchor inside buildings of the City of David area; the spring itself is enclosed and not visible from above.
E09,built_over,Dense houses of Silwan on the east slope at the label.
E16,visible_2025,Silwan is still a built-up village; it has spread over the whole slope.
E03,visible_2025,An excavated or sheltered rectangular structure at the label (moderate confidence).
E04,built_over,Dense buildings at the label; the well house is not identifiable from above.
M01,visible_2025,The terraced mound of the tell lies inside the position error; a track and small buildings cross it.
M02,open_not_visible,Bare slope; two round dark features (tanks or cisterns: INFERENCE) lie 50-80 m north.
M03,visible_2025,Vegetation and a small structure at the spring position (moderate confidence).
M04,open_not_visible,East slope beside the track; cave mouths are below the resolution.
M05,open_not_visible,As M04.
M06,open_not_visible,As M04.
M07,open_not_visible,Field edge; no mill structure visible.
M08,open_not_visible,Field edge; nothing distinct.
M09,open_not_visible,East slope; cave mouths are below the resolution.
M10,open_not_visible,As M09.
M11,open_not_visible,As M09.
M12,open_not_visible,As M09.
M13,visible_2025,A dark opening or overhang in the cliff of the wadi bend at the position (moderate confidence).
M14,open_not_visible,Cliff slope; nothing distinct.
M15,open_not_visible,Slope beside the channel; nothing distinct.
M16,open_not_visible,Slope; nothing distinct.
M17,open_not_visible,Cultivated fields with a few small buildings at the label.
G02,visible_2025,The excavated summit precinct lies inside the position error; houses of Kiryat Luza (built after the map) adjoin it on the west.
G03,not_checked,The symbol lies where the excavated precinct meets new houses; its state cannot be decided at this zoom.
G07,open_not_visible,Rocky northern spur; no structure distinct at zoom 17.
G17,built_over,Houses of the east-slope village cover the position.
J17,visible_2025,Duyuk is still a built-up village; it has grown along the road.
J15,open_not_visible,Cliff foot beside orchards; no channel distinct at zoom 16.
U13,built_over,Dense houses of the ʿAin es-Sultan camp (since 1948) at the position.
J05,visible_2025,A small walled enclosure at the cliff foot at the position (moderate confidence).
J06,open_not_visible,Mountain slope; no structure distinct.
J07,not_checked,Cliff-face caves are not resolvable on a vertical image.
J08,not_checked,The cliff-face monastery is not resolvable on a vertical image at zoom 16 (it is known to stand; that is not an imagery observation).
J09,not_checked,As J08.
J19,visible_2025,Excavated mill ruins at the position.
T28,not_checked,Label anchor west of the tell; the named tell is T29.
T29,visible_2025,The excavated mound at the position.
T30,visible_2025,Spring-house structure east of the road (identification moderate; see the registration record).
J16,built_over,Houses on the canal line.
T27,built_over,Houses within the position error; no mound identifiable.
T26,built_over,Houses and greenhouses within the position error; no mound identifiable.
T25,built_over,A building at the position; no mound identifiable.
T32,built_over,Inside the ʿAin es-Sultan camp (since 1948); viewed after the registration fit was saved.
T33,built_over,Inside the ʿAin es-Sultan camp; the track junction is now a street grid.
N01,open_not_visible,Trees and houses at the spring area; no spring structure discerned at zoom 16.
N02,open_not_visible,As N01.
N15,open_not_visible,Field edge beside a building; no cave mouth visible.
N09,built_over,Houses at the shrine position.
N10,built_over,Houses and the main road at the ruin position.
N11,built_over,Houses at the cemetery label.
N12,built_over,Houses and the main road at the cemetery label.
N14,open_not_visible,Orchard on the canal line.
N13,visible_2025,Nuʿeima is still built up; greenhouses surround it.
U06,built_over,Houses and a walled compound at the mill label.
U07,built_over,Houses at the R. symbol.
U08,built_over,Houses and a road at the cave symbol.
U16,open_not_visible,Fields and greenhouses at the label; the palace lies 250 m south-west.
U15,visible_2025,Excavated palace with its shelter roof within the position error.
U11,built_over,A large walled compound with modern buildings at the tell label.
U12,built_over,As U11.
T01,built_over,Houses at the mound symbol; no mound identifiable.
T03,built_over,Houses at the label.
T05,open_not_visible,Fields on the channel line.
T12,built_over,A sports ground and buildings on the channel line.
T14,visible_2025,The town centre is still built up and has expanded in every direction.
T15,not_checked,Dense town; the building cannot be identified from above.
T17,not_checked,An open plot with a structure; whether the cemetery survives cannot be decided at this zoom.
T18,not_checked,Dense town; the mill cannot be identified from above.
T19,not_checked,A fenced plot with trees; cemetery survival not decidable at this zoom.
T23,not_checked,Dense houses; whether the 1940s offices survive cannot be decided at this zoom.
T24,visible_2025,The street grid south of Wadi el Qilt is still built up and denser.
