collection,set,drive_folder_path,drive_folder_id,file,gallery_page,url,bytes,width,height,sha256,title,photographer_date,caption_or_note
DQCAAS (Allegro Estate),AF,"Copper Scroll/06 Imagery/Allegro photos (DQCAAS, Manchester)/AF - Ain Feshkha",10GGo44GgSfretJwatwYSELYZ3rdLV_QH,af.3.1.jpg,https://dqcaas.com/af-cave-1-af-s-24/,https://dqcaas.com/wp-content/uploads/2019/08/af.3.1.jpg,59891,725,576,0555afb909bea566c02004f4a0e999d8e4cadd06e47f44ccebe1d40b5759844c,,,No caption on DQCAAS; identification of the set is provisional
DQCAAS (Allegro Estate),AF,"Copper Scroll/06 Imagery/Allegro photos (DQCAAS, Manchester)/AF - Ain Feshkha",10GGo44GgSfretJwatwYSELYZ3rdLV_QH,af.4.1.jpg,https://dqcaas.com/af-cave-1-af-s-24/,https://dqcaas.com/wp-content/uploads/2019/08/af.4.1.jpg,59046,721,577,9613f9b32be1d4083a0119448adfaca52e65713abf6fd5877676063ba97ccce3,,,No caption on DQCAAS; identification of the set is provisional
DQCAAS (Allegro Estate),AF,"Copper Scroll/06 Imagery/Allegro photos (DQCAAS, Manchester)/AF - Ain Feshkha",10GGo44GgSfretJwatwYSELYZ3rdLV_QH,af.4.2.jpg,https://dqcaas.com/af-cave-1-af-s-24/,https://dqcaas.com/wp-content/uploads/2019/08/af.4.2.jpg,57921,724,580,f8c7315d6f9cd2e6db3e9a919c7fbc0b45997ca6b7ed53c60fa5741072972da9,,,No caption on DQCAAS; identification of the set is provisional
DQCAAS (Allegro Estate),AF,"Copper Scroll/06 Imagery/Allegro photos (DQCAAS, Manchester)/AF - Ain Feshkha",10GGo44GgSfretJwatwYSELYZ3rdLV_QH,af.cave_.1-.jpg,https://dqcaas.com/af-cave-1-af-s-24/,https://dqcaas.com/wp-content/uploads/2019/08/af.cave_.1-.jpg,70754,726,576,a931f311ff8f71814b763093a4392687db64496178f4d718b6a4690dfe14b9b8,,,No caption on DQCAAS; identification of the set is provisional
DQCAAS (Allegro Estate),AF,"Copper Scroll/06 Imagery/Allegro photos (DQCAAS, Manchester)/AF - Ain Feshkha",10GGo44GgSfretJwatwYSELYZ3rdLV_QH,af.cave_.1.jpg,https://dqcaas.com/af-cave-1-af-s-24/,https://dqcaas.com/wp-content/uploads/2019/08/af.cave_.1.jpg,61589,724,575,78f7a6745bd9ccce35de951d592674e6144708d0b6e62505f752669ab3988846,,,No caption on DQCAAS; identification of the set is provisional
DQCAAS (Allegro Estate),AF,"Copper Scroll/06 Imagery/Allegro photos (DQCAAS, Manchester)/AF - Ain Feshkha",10GGo44GgSfretJwatwYSELYZ3rdLV_QH,af.cave_.3.jpg,https://dqcaas.com/af-cave-1-af-s-24/,https://dqcaas.com/wp-content/uploads/2019/08/af.cave_.3.jpg,68548,725,576,2f06576c37a7a414a81a533f1cf46c2fa78433e53a753465abba1302bdd20fd4,,,No caption on DQCAAS; identification of the set is provisional
DQCAAS (Allegro Estate),AF,"Copper Scroll/06 Imagery/Allegro photos (DQCAAS, Manchester)/AF - Ain Feshkha",10GGo44GgSfretJwatwYSELYZ3rdLV_QH,af.cave_.4.jpg,https://dqcaas.com/af-cave-1-af-s-24/,https://dqcaas.com/wp-content/uploads/2019/08/af.cave_.4.jpg,53238,728,579,b8a4257c695f027c2955a959e5f68f655d3b94735467a26a185b981aa2ef1723,,,No caption on DQCAAS; identification of the set is provisional
DQCAAS (Allegro Estate),AF,"Copper Scroll/06 Imagery/Allegro photos (DQCAAS, Manchester)/AF - Ain Feshkha",10GGo44GgSfretJwatwYSELYZ3rdLV_QH,af.cave_.6.jpg,https://dqcaas.com/af-cave-1-af-s-24/,https://dqcaas.com/wp-content/uploads/2019/08/af.cave_.6.jpg,31308,727,552,adb50f4e175e02c10e09b50a83fdc01709baa40b780c369f41ce2b10f979dd5b,,,No caption on DQCAAS; identification of the set is provisional
DQCAAS (Allegro Estate),AF,"Copper Scroll/06 Imagery/Allegro photos (DQCAAS, Manchester)/AF - Ain Feshkha",10GGo44GgSfretJwatwYSELYZ3rdLV_QH,af.gu_.1.jpg,https://dqcaas.com/af-cave-1-af-s-24/,https://dqcaas.com/wp-content/uploads/2019/08/af.gu_.1.jpg,56447,727,575,f92b88a674cfae5f01e594558158ae834a6efcc2614d5a11b57ffb6ba8e6f622,,,No caption on DQCAAS; identification of the set is provisional
DQCAAS (Allegro Estate),AF,"Copper Scroll/06 Imagery/Allegro photos (DQCAAS, Manchester)/AF - Ain Feshkha",10GGo44GgSfretJwatwYSELYZ3rdLV_QH,af.gu_.2.jpg,https://dqcaas.com/af-cave-1-af-s-24/,https://dqcaas.com/wp-content/uploads/2019/08/af.gu_.2.jpg,55343,721,577,bddae05b2beed74aadca4f1a0ddc68620e3ad7e8a061f3d8dce70f3f0e3b0920,,,No caption on DQCAAS; identification of the set is provisional
DQCAAS (Allegro Estate),AF,"Copper Scroll/06 Imagery/Allegro photos (DQCAAS, Manchester)/AF - Ain Feshkha",10GGo44GgSfretJwatwYSELYZ3rdLV_QH,af.gu_.3.jpg,https://dqcaas.com/af-cave-1-af-s-24/,https://dqcaas.com/wp-content/uploads/2019/08/af.gu_.3.jpg,58607,729,576,82057d22bbdddf8871e2ba534b8d1a0986f3ab2432dd318ae81d6855a138fd0b,,,No caption on DQCAAS; identification of the set is provisional
DQCAAS (Allegro Estate),AF,"Copper Scroll/06 Imagery/Allegro photos (DQCAAS, Manchester)/AF - Ain Feshkha",10GGo44GgSfretJwatwYSELYZ3rdLV_QH,af.gv_.4.jpg,https://dqcaas.com/af-cave-1-af-s-24/,https://dqcaas.com/wp-content/uploads/2019/08/af.gv_.4.jpg,56593,726,589,95a734ba30c43a7eb96ab1ba8215ef024e78f1cbf2b4be84714c357124af36aa,,,No caption on DQCAAS; identification of the set is provisional
DQCAAS (Allegro Estate),AF,"Copper Scroll/06 Imagery/Allegro photos (DQCAAS, Manchester)/AF - Ain Feshkha",10GGo44GgSfretJwatwYSELYZ3rdLV_QH,af.s.1.jpg,https://dqcaas.com/af-cave-1-af-s-24/,https://dqcaas.com/wp-content/uploads/2019/08/af.s.1.jpg,33798,727,580,8f23a4ffe467ad54d2044a7f4ca83a0eeb50c3710406f7d51270fd79a2f1354b,,,No caption on DQCAAS; identification of the set is provisional
DQCAAS (Allegro Estate),AF,"Copper Scroll/06 Imagery/Allegro photos (DQCAAS, Manchester)/AF - Ain Feshkha",10GGo44GgSfretJwatwYSELYZ3rdLV_QH,af.s.10.jpg,https://dqcaas.com/af-cave-1-af-s-24/,https://dqcaas.com/wp-content/uploads/2019/08/af.s.10.jpg,48999,726,576,7e5f136939e9017d85fd9008fe025dd4565f114975ea36bc49ca27cb1b235a45,,,No caption on DQCAAS; identification of the set is provisional
DQCAAS (Allegro Estate),AF,"Copper Scroll/06 Imagery/Allegro photos (DQCAAS, Manchester)/AF - Ain Feshkha",10GGo44GgSfretJwatwYSELYZ3rdLV_QH,af.s.11.jpg,https://dqcaas.com/af-cave-1-af-s-24/,https://dqcaas.com/wp-content/uploads/2019/08/af.s.11.jpg,55803,725,576,fd7dc14a74f93673fd75b2ff206de99ed21bebb568cc8788d5c1d10f25eeac91,,,No caption on DQCAAS; identification of the set is provisional
DQCAAS (Allegro Estate),AF,"Copper Scroll/06 Imagery/Allegro photos (DQCAAS, Manchester)/AF - Ain Feshkha",10GGo44GgSfretJwatwYSELYZ3rdLV_QH,af.s.12.jpg,https://dqcaas.com/af-cave-1-af-s-24/,https://dqcaas.com/wp-content/uploads/2019/08/af.s.12.jpg,72246,730,565,1b14412b7b612c722573008966e4a72d70d342b7b6327f4cbf33efab16e977bc,,,No caption on DQCAAS; identification of the set is provisional
DQCAAS (Allegro Estate),AF,"Copper Scroll/06 Imagery/Allegro photos (DQCAAS, Manchester)/AF - Ain Feshkha",10GGo44GgSfretJwatwYSELYZ3rdLV_QH,af.s.13.jpg,https://dqcaas.com/af-cave-1-af-s-24/,https://dqcaas.com/wp-content/uploads/2019/08/af.s.13.jpg,65177,723,577,feee3d5451dbbcbab898f3b8dbd829b26cf593a997607479bce4bbdfe502809e,,,No caption on DQCAAS; identification of the set is provisional
DQCAAS (Allegro Estate),AF,"Copper Scroll/06 Imagery/Allegro photos (DQCAAS, Manchester)/AF - Ain Feshkha",10GGo44GgSfretJwatwYSELYZ3rdLV_QH,af.s.14.jpg,https://dqcaas.com/af-cave-1-af-s-24/,https://dqcaas.com/wp-content/uploads/2019/08/af.s.14.jpg,55071,727,582,a3c10f767056994c2618e3180c10c48e61424d62f649f50ad34430d6d3bb9deb,,,No caption on DQCAAS; identification of the set is provisional
DQCAAS (Allegro Estate),AF,"Copper Scroll/06 Imagery/Allegro photos (DQCAAS, Manchester)/AF - Ain Feshkha",10GGo44GgSfretJwatwYSELYZ3rdLV_QH,af.s.15.jpg,https://dqcaas.com/af-cave-1-af-s-24/,https://dqcaas.com/wp-content/uploads/2019/08/af.s.15.jpg,49879,725,553,95f9b82a42e05f53520eabdb078e8007a3ca25ed0247fd6b631de0a714e603fd,,,No caption on DQCAAS; identification of the set is provisional
DQCAAS (Allegro Estate),AF,"Copper Scroll/06 Imagery/Allegro photos (DQCAAS, Manchester)/AF - Ain Feshkha",10GGo44GgSfretJwatwYSELYZ3rdLV_QH,af.s.16.jpg,https://dqcaas.com/af-cave-1-af-s-24/,https://dqcaas.com/wp-content/uploads/2019/08/af.s.16.jpg,52844,727,577,caddc0eb10d60271362b7ab8f16ed7999b00ec5845ccb606854069d3a95f1f4f,,,No caption on DQCAAS; identification of the set is provisional
DQCAAS (Allegro Estate),AF,"Copper Scroll/06 Imagery/Allegro photos (DQCAAS, Manchester)/AF - Ain Feshkha",10GGo44GgSfretJwatwYSELYZ3rdLV_QH,af.s.17.jpg,https://dqcaas.com/af-cave-1-af-s-24/,https://dqcaas.com/wp-content/uploads/2019/08/af.s.17.jpg,61177,722,576,dfbbc15256f9557b6bcde1cdb3ff3ff40dedb8310c2f929de9b27d2ba41fb9a2,,,No caption on DQCAAS; identification of the set is provisional
DQCAAS (Allegro Estate),AF,"Copper Scroll/06 Imagery/Allegro photos (DQCAAS, Manchester)/AF - Ain Feshkha",10GGo44GgSfretJwatwYSELYZ3rdLV_QH,af.s.18.jpg,https://dqcaas.com/af-cave-1-af-s-24/,https://dqcaas.com/wp-content/uploads/2019/08/af.s.18.jpg,68939,723,585,4918e6ea25977e56ce202cc933326472613e703babb9122a06a52cdf2a968f45,,,No caption on DQCAAS; identification of the set is provisional
DQCAAS (Allegro Estate),AF,"Copper Scroll/06 Imagery/Allegro photos (DQCAAS, Manchester)/AF - Ain Feshkha",10GGo44GgSfretJwatwYSELYZ3rdLV_QH,af.s.19.jpg,https://dqcaas.com/af-cave-1-af-s-24/,https://dqcaas.com/wp-content/uploads/2019/08/af.s.19.jpg,62238,726,576,318f58a532bd30501995a84bdcbb2df79ff6a27f3c1d869bd7b09c96049e34ec,,,No caption on DQCAAS; identification of the set is provisional
DQCAAS (Allegro Estate),AF,"Copper Scroll/06 Imagery/Allegro photos (DQCAAS, Manchester)/AF - Ain Feshkha",10GGo44GgSfretJwatwYSELYZ3rdLV_QH,af.s.2.jpg,https://dqcaas.com/af-cave-1-af-s-24/,https://dqcaas.com/wp-content/uploads/2019/08/af.s.2.jpg,41611,733,581,adcbb74ff7373b6ae68551a8c499e1cd4e26b2cf0916006d5571d94eaf66caec,,,No caption on DQCAAS; identification of the set is provisional
DQCAAS (Allegro Estate),AF,"Copper Scroll/06 Imagery/Allegro photos (DQCAAS, Manchester)/AF - Ain Feshkha",10GGo44GgSfretJwatwYSELYZ3rdLV_QH,af.s.20.swim_.jpg,https://dqcaas.com/af-cave-1-af-s-24/,https://dqcaas.com/wp-content/uploads/2019/08/af.s.20.swim_.jpg,68912,728,579,e186ea229719f44f7b52de663fcb0cec89f5737e60eaae1d0ac14347c3614bdb,,,No caption on DQCAAS; identification of the set is provisional
DQCAAS (Allegro Estate),AF,"Copper Scroll/06 Imagery/Allegro photos (DQCAAS, Manchester)/AF - Ain Feshkha",10GGo44GgSfretJwatwYSELYZ3rdLV_QH,af.s.21swim.jpg,https://dqcaas.com/af-cave-1-af-s-24/,https://dqcaas.com/wp-content/uploads/2019/08/af.s.21swim.jpg,68891,724,570,56faf5194c02740909ebbfb214bd586c94fdcf7eaad2966c29d1c6fb530464cd,,,No caption on DQCAAS; identification of the set is provisional
DQCAAS (Allegro Estate),AF,"Copper Scroll/06 Imagery/Allegro photos (DQCAAS, Manchester)/AF - Ain Feshkha",10GGo44GgSfretJwatwYSELYZ3rdLV_QH,af.s.22swim.jpg,https://dqcaas.com/af-cave-1-af-s-24/,https://dqcaas.com/wp-content/uploads/2019/08/af.s.22swim.jpg,62719,725,579,d5829414f550755371cc512db8bbc36bad8f306bea8a4dbb77d7ca7eda1cdeea,,,No caption on DQCAAS; identification of the set is provisional
DQCAAS (Allegro Estate),AF,"Copper Scroll/06 Imagery/Allegro photos (DQCAAS, Manchester)/AF - Ain Feshkha",10GGo44GgSfretJwatwYSELYZ3rdLV_QH,af.s.23crab.jpg,https://dqcaas.com/af-cave-1-af-s-24/,https://dqcaas.com/wp-content/uploads/2019/08/af.s.23crab.jpg,37606,724,576,9038fd2506b5c986a16b125f2b0e6c91c7ebc02f800714eaf0a85072ee336e71,,,No caption on DQCAAS; identification of the set is provisional
DQCAAS (Allegro Estate),AF,"Copper Scroll/06 Imagery/Allegro photos (DQCAAS, Manchester)/AF - Ain Feshkha",10GGo44GgSfretJwatwYSELYZ3rdLV_QH,af.s.24crab.jpg,https://dqcaas.com/af-cave-1-af-s-24/,https://dqcaas.com/wp-content/uploads/2019/08/af.s.24crab.jpg,52895,726,577,b83dd8a8eccccf9e69db076cc0628456b7604efcef85ebe6a872736563804f01,,,No caption on DQCAAS; identification of the set is provisional
DQCAAS (Allegro Estate),AF,"Copper Scroll/06 Imagery/Allegro photos (DQCAAS, Manchester)/AF - Ain Feshkha",10GGo44GgSfretJwatwYSELYZ3rdLV_QH,af.s.3.jpg,https://dqcaas.com/af-cave-1-af-s-24/,https://dqcaas.com/wp-content/uploads/2019/08/af.s.3.jpg,38498,730,581,720eb17a3dab97724a284816cb046a024278e3238140536819147764cb8c43c4,,,No caption on DQCAAS; identification of the set is provisional
DQCAAS (Allegro Estate),AF,"Copper Scroll/06 Imagery/Allegro photos (DQCAAS, Manchester)/AF - Ain Feshkha",10GGo44GgSfretJwatwYSELYZ3rdLV_QH,af.s.4.jpg,https://dqcaas.com/af-cave-1-af-s-24/,https://dqcaas.com/wp-content/uploads/2019/08/af.s.4.jpg,37568,728,581,f8a300a1d60589001b55ab47ad8eaa296b00e4eeb4f8d5d4356223cf9029f4f6,,,No caption on DQCAAS; identification of the set is provisional
DQCAAS (Allegro Estate),AF,"Copper Scroll/06 Imagery/Allegro photos (DQCAAS, Manchester)/AF - Ain Feshkha",10GGo44GgSfretJwatwYSELYZ3rdLV_QH,af.s.5.jpg,https://dqcaas.com/af-cave-1-af-s-24/,https://dqcaas.com/wp-content/uploads/2019/08/af.s.5.jpg,40242,725,584,3a34afb21a28bcb5c604d4726391c8b72af46b7f38b519fe00c7fd77c2c86480,,,No caption on DQCAAS; identification of the set is provisional
DQCAAS (Allegro Estate),AF,"Copper Scroll/06 Imagery/Allegro photos (DQCAAS, Manchester)/AF - Ain Feshkha",10GGo44GgSfretJwatwYSELYZ3rdLV_QH,af.s.6.jpg,https://dqcaas.com/af-cave-1-af-s-24/,https://dqcaas.com/wp-content/uploads/2019/08/af.s.6.jpg,41473,727,581,6d826d69ad3cde7e7cbf3cd94a1e1da15b4f89c8bf650f21330f8ebbe7493cc4,,,No caption on DQCAAS; identification of the set is provisional
DQCAAS (Allegro Estate),AF,"Copper Scroll/06 Imagery/Allegro photos (DQCAAS, Manchester)/AF - Ain Feshkha",10GGo44GgSfretJwatwYSELYZ3rdLV_QH,af.s.7.jpg,https://dqcaas.com/af-cave-1-af-s-24/,https://dqcaas.com/wp-content/uploads/2019/08/af.s.7.jpg,49174,731,579,77b44b2570eb141261bcb5edb8cb81bb868bf380d12878a27849c8e96d5edc9e,,,No caption on DQCAAS; identification of the set is provisional
DQCAAS (Allegro Estate),AF,"Copper Scroll/06 Imagery/Allegro photos (DQCAAS, Manchester)/AF - Ain Feshkha",10GGo44GgSfretJwatwYSELYZ3rdLV_QH,af.s.8.jpg,https://dqcaas.com/af-cave-1-af-s-24/,https://dqcaas.com/wp-content/uploads/2019/08/af.s.8.jpg,54639,725,575,eb04a7a16bb4dd2624d849828b24ec120364e338ee4032d15e1fea60d8f008d1,,,No caption on DQCAAS; identification of the set is provisional
DQCAAS (Allegro Estate),AF,"Copper Scroll/06 Imagery/Allegro photos (DQCAAS, Manchester)/AF - Ain Feshkha",10GGo44GgSfretJwatwYSELYZ3rdLV_QH,af.s.9.jpg,https://dqcaas.com/af-cave-1-af-s-24/,https://dqcaas.com/wp-content/uploads/2019/08/af.s.9.jpg,48786,841,595,cb4844a00642dba3a754358dcfe8dfbcb5d817c6183eac91f8a2fc5fccadbe7e,,,No caption on DQCAAS; identification of the set is provisional
DQCAAS (Allegro Estate),AF,"Copper Scroll/06 Imagery/Allegro photos (DQCAAS, Manchester)/AF - Ain Feshkha",10GGo44GgSfretJwatwYSELYZ3rdLV_QH,afcave5.jpg,https://dqcaas.com/af-cave-1-af-s-24/,https://dqcaas.com/wp-content/uploads/2019/08/afcave5.jpg,46732,729,576,75a83198998346db681d50e27767a747af0a495541baa7f062527aac107c254f,,,No caption on DQCAAS; identification of the set is provisional
DQCAAS (Allegro Estate),AM,"Copper Scroll/06 Imagery/Allegro photos (DQCAAS, Manchester)/AM - probably Kh. Mird (Hyrcania)",1Xf-ggz-YcxVrXaTAcVQVKKyvzQ0j6pt0,am.1.jpg,https://dqcaas.com/am-1-am-n26/,https://dqcaas.com/wp-content/uploads/2019/08/am.1.jpg,46451,725,578,6445fae408472968424f35b2af06f6ac12525cfc6a69b6f17ad462235c04247b,,,No caption on DQCAAS; identification of the set is provisional
DQCAAS (Allegro Estate),AM,"Copper Scroll/06 Imagery/Allegro photos (DQCAAS, Manchester)/AM - probably Kh. Mird (Hyrcania)",1Xf-ggz-YcxVrXaTAcVQVKKyvzQ0j6pt0,am.10.jpg,https://dqcaas.com/am-1-am-n26/,https://dqcaas.com/wp-content/uploads/2019/08/am.10.jpg,43315,726,576,143723970870b5210b2794b2d1fcb24578846eed8de72bd1f7b624cb32e11d65,,,No caption on DQCAAS; identification of the set is provisional
DQCAAS (Allegro Estate),AM,"Copper Scroll/06 Imagery/Allegro photos (DQCAAS, Manchester)/AM - probably Kh. Mird (Hyrcania)",1Xf-ggz-YcxVrXaTAcVQVKKyvzQ0j6pt0,am.11.jpg,https://dqcaas.com/am-1-am-n26/,https://dqcaas.com/wp-content/uploads/2019/08/am.11.jpg,34531,726,576,7edd0115966616167adcdeca317cef89ac5c084bd56fede67390b5b5371d8ce9,,,No caption on DQCAAS; identification of the set is provisional
DQCAAS (Allegro Estate),AM,"Copper Scroll/06 Imagery/Allegro photos (DQCAAS, Manchester)/AM - probably Kh. Mird (Hyrcania)",1Xf-ggz-YcxVrXaTAcVQVKKyvzQ0j6pt0,am.12.jpg,https://dqcaas.com/am-1-am-n26/,https://dqcaas.com/wp-content/uploads/2019/08/am.12.jpg,41079,724,573,cc560d5d88f6b6f9161c671941bef275b5b05f4a8197e26ba94953c6ea2162a7,,,No caption on DQCAAS; identification of the set is provisional
DQCAAS (Allegro Estate),AM,"Copper Scroll/06 Imagery/Allegro photos (DQCAAS, Manchester)/AM - probably Kh. Mird (Hyrcania)",1Xf-ggz-YcxVrXaTAcVQVKKyvzQ0j6pt0,am.13.jpg,https://dqcaas.com/am-1-am-n26/,https://dqcaas.com/wp-content/uploads/2019/08/am.13.jpg,42923,726,576,0abfe977cc06ad43943b89b646916975ce941f0f3967ac47839809114577c3e7,,,No caption on DQCAAS; identification of the set is provisional
DQCAAS (Allegro Estate),AM,"Copper Scroll/06 Imagery/Allegro photos (DQCAAS, Manchester)/AM - probably Kh. Mird (Hyrcania)",1Xf-ggz-YcxVrXaTAcVQVKKyvzQ0j6pt0,am.14.jpg,https://dqcaas.com/am-1-am-n26/,https://dqcaas.com/wp-content/uploads/2019/08/am.14.jpg,38839,723,576,9c962847321749d87bb2905fcf221d4ee24b2774f7a258d44257b265abbe539a,,,No caption on DQCAAS; identification of the set is provisional
DQCAAS (Allegro Estate),AM,"Copper Scroll/06 Imagery/Allegro photos (DQCAAS, Manchester)/AM - probably Kh. Mird (Hyrcania)",1Xf-ggz-YcxVrXaTAcVQVKKyvzQ0j6pt0,am.15.jpg,https://dqcaas.com/am-1-am-n26/,https://dqcaas.com/wp-content/uploads/2019/08/am.15.jpg,47530,725,576,d643c9001c3dc1279919d5a0402a326ce130708dd8d3f21c5fd33de37b6c5ad7,,,No caption on DQCAAS; identification of the set is provisional
DQCAAS (Allegro Estate),AM,"Copper Scroll/06 Imagery/Allegro photos (DQCAAS, Manchester)/AM - probably Kh. Mird (Hyrcania)",1Xf-ggz-YcxVrXaTAcVQVKKyvzQ0j6pt0,am.16.jpg,https://dqcaas.com/am-1-am-n26/,https://dqcaas.com/wp-content/uploads/2019/08/am.16.jpg,41491,726,576,95cc1ded992a3dfaab2fa12b64e95916fd9d1e7fe9d64fed36690a8d3585617e,,,No caption on DQCAAS; identification of the set is provisional
DQCAAS (Allegro Estate),AM,"Copper Scroll/06 Imagery/Allegro photos (DQCAAS, Manchester)/AM - probably Kh. Mird (Hyrcania)",1Xf-ggz-YcxVrXaTAcVQVKKyvzQ0j6pt0,am.2.jpg,https://dqcaas.com/am-1-am-n26/,https://dqcaas.com/wp-content/uploads/2019/08/am.2.jpg,47664,724,578,aada9ef4714c2efe3055a14b8301a974b680984c9b136742d8499fc852454326,,,No caption on DQCAAS; identification of the set is provisional
DQCAAS (Allegro Estate),AM,"Copper Scroll/06 Imagery/Allegro photos (DQCAAS, Manchester)/AM - probably Kh. Mird (Hyrcania)",1Xf-ggz-YcxVrXaTAcVQVKKyvzQ0j6pt0,am.3.jpg,https://dqcaas.com/am-1-am-n26/,https://dqcaas.com/wp-content/uploads/2019/08/am.3.jpg,41777,727,582,333889f8e1c9487c95bec0adc35359079315fd84f69ce34e2ca38a54135d40ba,,,No caption on DQCAAS; identification of the set is provisional
DQCAAS (Allegro Estate),AM,"Copper Scroll/06 Imagery/Allegro photos (DQCAAS, Manchester)/AM - probably Kh. Mird (Hyrcania)",1Xf-ggz-YcxVrXaTAcVQVKKyvzQ0j6pt0,am.4.jpg,https://dqcaas.com/am-1-am-n26/,https://dqcaas.com/wp-content/uploads/2019/08/am.4.jpg,46989,726,576,5fa83caba48aeff12eb46e189bfe79e5b8b4ebc6d74c05454edc0af9fb1ee1be,,,No caption on DQCAAS; identification of the set is provisional
DQCAAS (Allegro Estate),AM,"Copper Scroll/06 Imagery/Allegro photos (DQCAAS, Manchester)/AM - probably Kh. Mird (Hyrcania)",1Xf-ggz-YcxVrXaTAcVQVKKyvzQ0j6pt0,am.5.jpg,https://dqcaas.com/am-1-am-n26/,https://dqcaas.com/wp-content/uploads/2019/08/am.5.jpg,40933,725,581,88175c791d90acef5120486c0876e1efd5c60d27a4d55e991325a03192a15cb4,,,No caption on DQCAAS; identification of the set is provisional
DQCAAS (Allegro Estate),AM,"Copper Scroll/06 Imagery/Allegro photos (DQCAAS, Manchester)/AM - probably Kh. Mird (Hyrcania)",1Xf-ggz-YcxVrXaTAcVQVKKyvzQ0j6pt0,am.6.jpg,https://dqcaas.com/am-1-am-n26/,https://dqcaas.com/wp-content/uploads/2019/08/am.6.jpg,48574,727,577,22e70917d531310f148bc63eba6ed80de7559c97640603167064ba95baec8876,,,No caption on DQCAAS; identification of the set is provisional
DQCAAS (Allegro Estate),AM,"Copper Scroll/06 Imagery/Allegro photos (DQCAAS, Manchester)/AM - probably Kh. Mird (Hyrcania)",1Xf-ggz-YcxVrXaTAcVQVKKyvzQ0j6pt0,am.7.jpg,https://dqcaas.com/am-1-am-n26/,https://dqcaas.com/wp-content/uploads/2019/08/am.7.jpg,49184,726,576,49098e1ff054365b7b6fc27e430a4bc9511b93ad41f309160b5e23ccc06d0dd8,,,No caption on DQCAAS; identification of the set is provisional
DQCAAS (Allegro Estate),AM,"Copper Scroll/06 Imagery/Allegro photos (DQCAAS, Manchester)/AM - probably Kh. Mird (Hyrcania)",1Xf-ggz-YcxVrXaTAcVQVKKyvzQ0j6pt0,am.8.jpg,https://dqcaas.com/am-1-am-n26/,https://dqcaas.com/wp-content/uploads/2019/08/am.8.jpg,46467,726,577,ad5504b7885a8a3de7ab9daeaea7decb4db17c698b68c105fd950ad7ad92fbb2,,,No caption on DQCAAS; identification of the set is provisional
DQCAAS (Allegro Estate),AM,"Copper Scroll/06 Imagery/Allegro photos (DQCAAS, Manchester)/AM - probably Kh. Mird (Hyrcania)",1Xf-ggz-YcxVrXaTAcVQVKKyvzQ0j6pt0,am.9.jpg,https://dqcaas.com/am-1-am-n26/,https://dqcaas.com/wp-content/uploads/2019/08/am.9.jpg,32969,725,576,6952eafcae76cb3346ce3ad2addda3b24eb4b075cb69be5c941e87c65c30d0f3,,,No caption on DQCAAS; identification of the set is provisional
DQCAAS (Allegro Estate),AM,"Copper Scroll/06 Imagery/Allegro photos (DQCAAS, Manchester)/AM - probably Kh. Mird (Hyrcania)",1Xf-ggz-YcxVrXaTAcVQVKKyvzQ0j6pt0,am.aq_.1.jpg,https://dqcaas.com/am-1-am-n26/,https://dqcaas.com/wp-content/uploads/2019/08/am.aq_.1.jpg,62196,719,569,857963b819482a596fdad581e7786d301b5d2139deb234790a585771a821b91a,,,No caption on DQCAAS; identification of the set is provisional
DQCAAS (Allegro Estate),AM,"Copper Scroll/06 Imagery/Allegro photos (DQCAAS, Manchester)/AM - probably Kh. Mird (Hyrcania)",1Xf-ggz-YcxVrXaTAcVQVKKyvzQ0j6pt0,am.aq_.2.jpg,https://dqcaas.com/am-1-am-n26/,https://dqcaas.com/wp-content/uploads/2019/08/am.aq_.2.jpg,64212,720,565,014e26bda6116cf56ad1362f44f7bf9d46bae3bd643daf30e8aaec7e8a6613aa,,,No caption on DQCAAS; identification of the set is provisional
DQCAAS (Allegro Estate),AM,"Copper Scroll/06 Imagery/Allegro photos (DQCAAS, Manchester)/AM - probably Kh. Mird (Hyrcania)",1Xf-ggz-YcxVrXaTAcVQVKKyvzQ0j6pt0,am.aq_.3.jpg,https://dqcaas.com/am-1-am-n26/,https://dqcaas.com/wp-content/uploads/2019/08/am.aq_.3.jpg,74212,720,565,dcfbb1b81986619fa26aa1c1eb6bc61b9114a0917948c144a44d8b24c0857eaf,,,No caption on DQCAAS; identification of the set is provisional
DQCAAS (Allegro Estate),AM,"Copper Scroll/06 Imagery/Allegro photos (DQCAAS, Manchester)/AM - probably Kh. Mird (Hyrcania)",1Xf-ggz-YcxVrXaTAcVQVKKyvzQ0j6pt0,am.aq_.4.jpg,https://dqcaas.com/am-1-am-n26/,https://dqcaas.com/wp-content/uploads/2019/08/am.aq_.4.jpg,56349,720,568,94223ccaec003f2cf4a817b4942048c77d268ca998d1007507a37bf514d76299,,,No caption on DQCAAS; identification of the set is provisional
DQCAAS (Allegro Estate),AM,"Copper Scroll/06 Imagery/Allegro photos (DQCAAS, Manchester)/AM - probably Kh. Mird (Hyrcania)",1Xf-ggz-YcxVrXaTAcVQVKKyvzQ0j6pt0,am.aq_.5.jpg,https://dqcaas.com/am-1-am-n26/,https://dqcaas.com/wp-content/uploads/2019/08/am.aq_.5.jpg,60814,730,586,3d01926c9b384f4458147590335066f707d67d2056a0335e8856ea02f4f6879e,,,No caption on DQCAAS; identification of the set is provisional
DQCAAS (Allegro Estate),AM,"Copper Scroll/06 Imagery/Allegro photos (DQCAAS, Manchester)/AM - probably Kh. Mird (Hyrcania)",1Xf-ggz-YcxVrXaTAcVQVKKyvzQ0j6pt0,am.n.1.jpg,https://dqcaas.com/am-1-am-n26/,https://dqcaas.com/wp-content/uploads/2019/08/am.n.1.jpg,56427,722,565,909a938cfd23cda5685b9ceccf487dfc7dc0c9ccf6fc8b1602111577671b895f,,,No caption on DQCAAS; identification of the set is provisional
DQCAAS (Allegro Estate),AM,"Copper Scroll/06 Imagery/Allegro photos (DQCAAS, Manchester)/AM - probably Kh. Mird (Hyrcania)",1Xf-ggz-YcxVrXaTAcVQVKKyvzQ0j6pt0,am.n.10.jpg,https://dqcaas.com/am-1-am-n26/,https://dqcaas.com/wp-content/uploads/2019/08/am.n.10.jpg,65727,724,576,b0f914a5516fe4298b69a74d77a91420d07ca8356678cd99811422d5955a839a,,,No caption on DQCAAS; identification of the set is provisional
DQCAAS (Allegro Estate),AM,"Copper Scroll/06 Imagery/Allegro photos (DQCAAS, Manchester)/AM - probably Kh. Mird (Hyrcania)",1Xf-ggz-YcxVrXaTAcVQVKKyvzQ0j6pt0,am.n.11.jpg,https://dqcaas.com/am-1-am-n26/,https://dqcaas.com/wp-content/uploads/2019/08/am.n.11.jpg,60017,738,577,a72f7526f0c28c1940e2da5376790bd591dfa4cb1d017d11a981f64840b20d96,,,No caption on DQCAAS; identification of the set is provisional
DQCAAS (Allegro Estate),AM,"Copper Scroll/06 Imagery/Allegro photos (DQCAAS, Manchester)/AM - probably Kh. Mird (Hyrcania)",1Xf-ggz-YcxVrXaTAcVQVKKyvzQ0j6pt0,am.n.12.jpg,https://dqcaas.com/am-1-am-n26/,https://dqcaas.com/wp-content/uploads/2019/08/am.n.12.jpg,52150,723,576,ebef29d0500bd0e1d2dc8b51d4c705df844629e176d3608bb5933fca88747264,,,No caption on DQCAAS; identification of the set is provisional
DQCAAS (Allegro Estate),AM,"Copper Scroll/06 Imagery/Allegro photos (DQCAAS, Manchester)/AM - probably Kh. Mird (Hyrcania)",1Xf-ggz-YcxVrXaTAcVQVKKyvzQ0j6pt0,am.n.13.jpg,https://dqcaas.com/am-1-am-n26/,https://dqcaas.com/wp-content/uploads/2019/08/am.n.13.jpg,49688,723,576,50be519ebb962e505f75a58ea3d4c3b8cf9f0eb7092eacb4ad6e7557ce3fa33d,,,No caption on DQCAAS; identification of the set is provisional
DQCAAS (Allegro Estate),AM,"Copper Scroll/06 Imagery/Allegro photos (DQCAAS, Manchester)/AM - probably Kh. Mird (Hyrcania)",1Xf-ggz-YcxVrXaTAcVQVKKyvzQ0j6pt0,am.n.14.jpg,https://dqcaas.com/am-1-am-n26/,https://dqcaas.com/wp-content/uploads/2019/08/am.n.14.jpg,45061,728,576,3aab16034959cb50bb89507db7d770c9b16231b1f529f5f46cb0d08728273182,,,No caption on DQCAAS; identification of the set is provisional
DQCAAS (Allegro Estate),AM,"Copper Scroll/06 Imagery/Allegro photos (DQCAAS, Manchester)/AM - probably Kh. Mird (Hyrcania)",1Xf-ggz-YcxVrXaTAcVQVKKyvzQ0j6pt0,am.n.15.jpg,https://dqcaas.com/am-1-am-n26/,https://dqcaas.com/wp-content/uploads/2019/08/am.n.15.jpg,49980,722,576,05a94996a96b66612c006a40dd3004049a89dfe458cf98b5f21a39d6368c5597,,,No caption on DQCAAS; identification of the set is provisional
DQCAAS (Allegro Estate),AM,"Copper Scroll/06 Imagery/Allegro photos (DQCAAS, Manchester)/AM - probably Kh. Mird (Hyrcania)",1Xf-ggz-YcxVrXaTAcVQVKKyvzQ0j6pt0,am.n.16.jpg,https://dqcaas.com/am-1-am-n26/,https://dqcaas.com/wp-content/uploads/2019/08/am.n.16.jpg,54576,727,573,225f8d843aefec9f70b76ec795588fe0496292b57508dbf1aec38c4a531ac3fc,,,No caption on DQCAAS; identification of the set is provisional
DQCAAS (Allegro Estate),AM,"Copper Scroll/06 Imagery/Allegro photos (DQCAAS, Manchester)/AM - probably Kh. Mird (Hyrcania)",1Xf-ggz-YcxVrXaTAcVQVKKyvzQ0j6pt0,am.n.17.jpg,https://dqcaas.com/am-1-am-n26/,https://dqcaas.com/wp-content/uploads/2019/08/am.n.17.jpg,66109,727,574,83258683d3b0b283cc6d83ad11e057f83e13e0df240f754960bc86b129385c80,,,No caption on DQCAAS; identification of the set is provisional
DQCAAS (Allegro Estate),AM,"Copper Scroll/06 Imagery/Allegro photos (DQCAAS, Manchester)/AM - probably Kh. Mird (Hyrcania)",1Xf-ggz-YcxVrXaTAcVQVKKyvzQ0j6pt0,am.n.18.jpg,https://dqcaas.com/am-1-am-n26/,https://dqcaas.com/wp-content/uploads/2019/08/am.n.18.jpg,48492,727,576,fc79c0dc1bbc00c96db2d1841ff8a06f580948842af194b59d193e87f4ac5f69,,,No caption on DQCAAS; identification of the set is provisional
DQCAAS (Allegro Estate),AM,"Copper Scroll/06 Imagery/Allegro photos (DQCAAS, Manchester)/AM - probably Kh. Mird (Hyrcania)",1Xf-ggz-YcxVrXaTAcVQVKKyvzQ0j6pt0,am.n.19.jpg,https://dqcaas.com/am-1-am-n26/,https://dqcaas.com/wp-content/uploads/2019/08/am.n.19.jpg,45977,727,568,25ee1a5e1b759740c1093ea8e8742c4e6b5e558cd3e8393fb1a231adf92195dc,,,No caption on DQCAAS; identification of the set is provisional
DQCAAS (Allegro Estate),AM,"Copper Scroll/06 Imagery/Allegro photos (DQCAAS, Manchester)/AM - probably Kh. Mird (Hyrcania)",1Xf-ggz-YcxVrXaTAcVQVKKyvzQ0j6pt0,am.n.2.jpg,https://dqcaas.com/am-1-am-n26/,https://dqcaas.com/wp-content/uploads/2019/08/am.n.2.jpg,59128,720,583,e5fa19e8e3b567ffcb1831997032d26034d8d526f1888e8455542c0d4148ba6c,,,No caption on DQCAAS; identification of the set is provisional
DQCAAS (Allegro Estate),AM,"Copper Scroll/06 Imagery/Allegro photos (DQCAAS, Manchester)/AM - probably Kh. Mird (Hyrcania)",1Xf-ggz-YcxVrXaTAcVQVKKyvzQ0j6pt0,am.n.20.jpg,https://dqcaas.com/am-1-am-n26/,https://dqcaas.com/wp-content/uploads/2019/08/am.n.20.jpg,49740,724,585,eef524972c4db2e492981556a8cdd7d3503604cd0c3266b4b318fbbf01a3bf03,,,No caption on DQCAAS; identification of the set is provisional
DQCAAS (Allegro Estate),AM,"Copper Scroll/06 Imagery/Allegro photos (DQCAAS, Manchester)/AM - probably Kh. Mird (Hyrcania)",1Xf-ggz-YcxVrXaTAcVQVKKyvzQ0j6pt0,am.n.21.jpg,https://dqcaas.com/am-1-am-n26/,https://dqcaas.com/wp-content/uploads/2019/08/am.n.21.jpg,49738,724,585,7e2d060e922167f2f9796ba649a1f075feb712dc736fb0b5bf042d2170184770,,,No caption on DQCAAS; identification of the set is provisional
DQCAAS (Allegro Estate),AM,"Copper Scroll/06 Imagery/Allegro photos (DQCAAS, Manchester)/AM - probably Kh. Mird (Hyrcania)",1Xf-ggz-YcxVrXaTAcVQVKKyvzQ0j6pt0,am.n.22.jpg,https://dqcaas.com/am-1-am-n26/,https://dqcaas.com/wp-content/uploads/2019/08/am.n.22.jpg,35911,724,585,8545e516c85bbf732907d7179657bc0fcd173c6c0a8ccfe759951ffb09250de6,,,No caption on DQCAAS; identification of the set is provisional
DQCAAS (Allegro Estate),AM,"Copper Scroll/06 Imagery/Allegro photos (DQCAAS, Manchester)/AM - probably Kh. Mird (Hyrcania)",1Xf-ggz-YcxVrXaTAcVQVKKyvzQ0j6pt0,am.n.23.jpg,https://dqcaas.com/am-1-am-n26/,https://dqcaas.com/wp-content/uploads/2019/08/am.n.23.jpg,46014,723,585,bbc2815f7d76f725262392a3ea36652fa27aff299728d12cec199692296f5aa0,,,No caption on DQCAAS; identification of the set is provisional
DQCAAS (Allegro Estate),AM,"Copper Scroll/06 Imagery/Allegro photos (DQCAAS, Manchester)/AM - probably Kh. Mird (Hyrcania)",1Xf-ggz-YcxVrXaTAcVQVKKyvzQ0j6pt0,am.n.24.jpg,https://dqcaas.com/am-1-am-n26/,https://dqcaas.com/wp-content/uploads/2019/08/am.n.24.jpg,47570,727,589,b5952a0c1670e09a3eb2a97c94adb8e104a440c9288ae449d4609d305e4a85c9,,,No caption on DQCAAS; identification of the set is provisional
DQCAAS (Allegro Estate),AM,"Copper Scroll/06 Imagery/Allegro photos (DQCAAS, Manchester)/AM - probably Kh. Mird (Hyrcania)",1Xf-ggz-YcxVrXaTAcVQVKKyvzQ0j6pt0,am.n.25.jpg,https://dqcaas.com/am-1-am-n26/,https://dqcaas.com/wp-content/uploads/2019/08/am.n.25.jpg,48014,720,553,32d598d502cf114a0d6ae4ea631c296b94127a301e2eeaee4676b222f85e8255,,,No caption on DQCAAS; identification of the set is provisional
DQCAAS (Allegro Estate),AM,"Copper Scroll/06 Imagery/Allegro photos (DQCAAS, Manchester)/AM - probably Kh. Mird (Hyrcania)",1Xf-ggz-YcxVrXaTAcVQVKKyvzQ0j6pt0,am.n.26.jpg,https://dqcaas.com/am-1-am-n26/,https://dqcaas.com/wp-content/uploads/2019/08/am.n.26.jpg,61700,715,565,34294bb4b5bb7411f466b87b500f88e1da8a6f71028049cf59b98b61ea56583d,,,No caption on DQCAAS; identification of the set is provisional
DQCAAS (Allegro Estate),AM,"Copper Scroll/06 Imagery/Allegro photos (DQCAAS, Manchester)/AM - probably Kh. Mird (Hyrcania)",1Xf-ggz-YcxVrXaTAcVQVKKyvzQ0j6pt0,am.n.3.jpg,https://dqcaas.com/am-1-am-n26/,https://dqcaas.com/wp-content/uploads/2019/08/am.n.3.jpg,58656,726,587,ca74f01c614ab3dd751c112b5321471b905c5668896ae35a0d3e0cda301d6c8f,,,No caption on DQCAAS; identification of the set is provisional
DQCAAS (Allegro Estate),AM,"Copper Scroll/06 Imagery/Allegro photos (DQCAAS, Manchester)/AM - probably Kh. Mird (Hyrcania)",1Xf-ggz-YcxVrXaTAcVQVKKyvzQ0j6pt0,am.n.4.jpg,https://dqcaas.com/am-1-am-n26/,https://dqcaas.com/wp-content/uploads/2019/08/am.n.4.jpg,55221,718,559,fdbf62d5296ba6e334e8f80b3c98f2c63493d29f8922ef2242c3fbe27b62d518,,,No caption on DQCAAS; identification of the set is provisional
DQCAAS (Allegro Estate),AM,"Copper Scroll/06 Imagery/Allegro photos (DQCAAS, Manchester)/AM - probably Kh. Mird (Hyrcania)",1Xf-ggz-YcxVrXaTAcVQVKKyvzQ0j6pt0,am.n.5.jpg,https://dqcaas.com/am-1-am-n26/,https://dqcaas.com/wp-content/uploads/2019/08/am.n.5.jpg,51509,719,564,44a04c22464cc8f7a62dc44f17aff73573810304650adb1cb0b429390b31d24b,,,No caption on DQCAAS; identification of the set is provisional
DQCAAS (Allegro Estate),AM,"Copper Scroll/06 Imagery/Allegro photos (DQCAAS, Manchester)/AM - probably Kh. Mird (Hyrcania)",1Xf-ggz-YcxVrXaTAcVQVKKyvzQ0j6pt0,am.n.6.jpg,https://dqcaas.com/am-1-am-n26/,https://dqcaas.com/wp-content/uploads/2019/08/am.n.6.jpg,51152,720,565,ddff2303569bc4ff1d5744d425259f522d63a705303645234d71bf57c4c4759c,,,No caption on DQCAAS; identification of the set is provisional
DQCAAS (Allegro Estate),AM,"Copper Scroll/06 Imagery/Allegro photos (DQCAAS, Manchester)/AM - probably Kh. Mird (Hyrcania)",1Xf-ggz-YcxVrXaTAcVQVKKyvzQ0j6pt0,am.n.7.jpg,https://dqcaas.com/am-1-am-n26/,https://dqcaas.com/wp-content/uploads/2019/08/am.n.7.jpg,56691,726,576,0c4c86835e6b4d9ee2a0a5c80dab84f5c4c4caa6e779fa490a284aace3b88fe6,,,No caption on DQCAAS; identification of the set is provisional
DQCAAS (Allegro Estate),AM,"Copper Scroll/06 Imagery/Allegro photos (DQCAAS, Manchester)/AM - probably Kh. Mird (Hyrcania)",1Xf-ggz-YcxVrXaTAcVQVKKyvzQ0j6pt0,am.n.8.jpg,https://dqcaas.com/am-1-am-n26/,https://dqcaas.com/wp-content/uploads/2019/08/am.n.8.jpg,56048,716,563,799d100bb1a923b9b996d8aacc7d35ffc6151946a110572c6459329f4dc7d90a,,,No caption on DQCAAS; identification of the set is provisional
DQCAAS (Allegro Estate),AM,"Copper Scroll/06 Imagery/Allegro photos (DQCAAS, Manchester)/AM - probably Kh. Mird (Hyrcania)",1Xf-ggz-YcxVrXaTAcVQVKKyvzQ0j6pt0,am.n.9.jpg,https://dqcaas.com/am-1-am-n26/,https://dqcaas.com/wp-content/uploads/2019/08/am.n.9.jpg,58853,727,590,72e328afd328e2d47ea56bd3c37244ca3a939c8c430300ca21ebe476f0e541c2,,,No caption on DQCAAS; identification of the set is provisional
DQCAAS (Allegro Estate),AMur,"Copper Scroll/06 Imagery/Allegro photos (DQCAAS, Manchester)/AMur - objects",1AkeRAWGks_l3rqNX0VlX4ysm7FbjIZk_,amur.obj_.1.jpg,https://dqcaas.com/amur-obj-1-12/,https://dqcaas.com/wp-content/uploads/2019/08/amur.obj_.1.jpg,35790,718,565,6a6c4438d226bbef3136c5973e3e51c77decf84f123c91af723f6c796e50a236,,,No caption on DQCAAS; identification of the set is provisional
DQCAAS (Allegro Estate),AMur,"Copper Scroll/06 Imagery/Allegro photos (DQCAAS, Manchester)/AMur - objects",1AkeRAWGks_l3rqNX0VlX4ysm7FbjIZk_,amur.obj_.10.jpg,https://dqcaas.com/amur-obj-1-12/,https://dqcaas.com/wp-content/uploads/2019/08/amur.obj_.10.jpg,33716,732,579,8e27d7c647dcbf7abdadb7985a199a2605b6d78f7753c7c24de5ef9671268603,,,No caption on DQCAAS; identification of the set is provisional
DQCAAS (Allegro Estate),AMur,"Copper Scroll/06 Imagery/Allegro photos (DQCAAS, Manchester)/AMur - objects",1AkeRAWGks_l3rqNX0VlX4ysm7FbjIZk_,amur.obj_.11.wovenstraw.jpg,https://dqcaas.com/amur-obj-1-12/,https://dqcaas.com/wp-content/uploads/2019/08/amur.obj_.11.wovenstraw.jpg,38949,721,546,069b41e10f301538c0c3d7ddc17428eedfdb93857c882044c714482475af0524,,,No caption on DQCAAS; identification of the set is provisional
DQCAAS (Allegro Estate),AMur,"Copper Scroll/06 Imagery/Allegro photos (DQCAAS, Manchester)/AMur - objects",1AkeRAWGks_l3rqNX0VlX4ysm7FbjIZk_,amur.obj_.12.jpg,https://dqcaas.com/amur-obj-1-12/,https://dqcaas.com/wp-content/uploads/2019/08/amur.obj_.12.jpg,35781,721,539,82336302390ba554dedf05081246684edd1fc7d7b7377352807ab3e8ec2782c0,,,No caption on DQCAAS; identification of the set is provisional
DQCAAS (Allegro Estate),AMur,"Copper Scroll/06 Imagery/Allegro photos (DQCAAS, Manchester)/AMur - objects",1AkeRAWGks_l3rqNX0VlX4ysm7FbjIZk_,amur.obj_.2.jpg,https://dqcaas.com/amur-obj-1-12/,https://dqcaas.com/wp-content/uploads/2019/08/amur.obj_.2.jpg,40526,721,564,6e152dcb6087dfcc64ff86053576cf00f6170c5a497caa1b7c6634806f58f620,,,No caption on DQCAAS; identification of the set is provisional
DQCAAS (Allegro Estate),AMur,"Copper Scroll/06 Imagery/Allegro photos (DQCAAS, Manchester)/AMur - objects",1AkeRAWGks_l3rqNX0VlX4ysm7FbjIZk_,amur.obj_.3.incl_.combs_.jpg,https://dqcaas.com/amur-obj-1-12/,https://dqcaas.com/wp-content/uploads/2019/08/amur.obj_.3.incl_.combs_.jpg,39537,727,589,c5c5e2f8418b1bb4094f8e0da08e83de4802c16f86a9d6d20418f6ddad7ced30,,,No caption on DQCAAS; identification of the set is provisional
DQCAAS (Allegro Estate),AMur,"Copper Scroll/06 Imagery/Allegro photos (DQCAAS, Manchester)/AMur - objects",1AkeRAWGks_l3rqNX0VlX4ysm7FbjIZk_,amur.obj_.4.incl_.combs_.jpg,https://dqcaas.com/amur-obj-1-12/,https://dqcaas.com/wp-content/uploads/2019/08/amur.obj_.4.incl_.combs_.jpg,40664,717,564,4249a14aa44deb3221080c24f1f0c3511e2502d70bd703469ee438cdc6759056,,,No caption on DQCAAS; identification of the set is provisional
DQCAAS (Allegro Estate),AMur,"Copper Scroll/06 Imagery/Allegro photos (DQCAAS, Manchester)/AMur - objects",1AkeRAWGks_l3rqNX0VlX4ysm7FbjIZk_,amur.obj_.5.incl_.combs_.jpg,https://dqcaas.com/amur-obj-1-12/,https://dqcaas.com/wp-content/uploads/2019/08/amur.obj_.5.incl_.combs_.jpg,28364,723,585,ec630bc127f6d4bb7a2516c81f511214702208e7ea9cc1c1851589810ddcc7dc,,,No caption on DQCAAS; identification of the set is provisional
DQCAAS (Allegro Estate),AMur,"Copper Scroll/06 Imagery/Allegro photos (DQCAAS, Manchester)/AMur - objects",1AkeRAWGks_l3rqNX0VlX4ysm7FbjIZk_,amur.obj_.6.incl_.combs_.jpg,https://dqcaas.com/amur-obj-1-12/,https://dqcaas.com/wp-content/uploads/2019/08/amur.obj_.6.incl_.combs_.jpg,28804,727,564,ddaa127a1d905b9c0593721dbbd0f043a25b31efa872ea7097df2f6e6953dbab,,,No caption on DQCAAS; identification of the set is provisional
DQCAAS (Allegro Estate),AMur,"Copper Scroll/06 Imagery/Allegro photos (DQCAAS, Manchester)/AMur - objects",1AkeRAWGks_l3rqNX0VlX4ysm7FbjIZk_,amur.obj_.7.jpg,https://dqcaas.com/amur-obj-1-12/,https://dqcaas.com/wp-content/uploads/2019/08/amur.obj_.7.jpg,35028,725,579,058bd0061b09119d062fdb28223419bdff13f0cf75b6f888b34c7d195bd0f402,,,No caption on DQCAAS; identification of the set is provisional
DQCAAS (Allegro Estate),AMur,"Copper Scroll/06 Imagery/Allegro photos (DQCAAS, Manchester)/AMur - objects",1AkeRAWGks_l3rqNX0VlX4ysm7FbjIZk_,amur.obj_.8.incl_.combs_.jpg,https://dqcaas.com/amur-obj-1-12/,https://dqcaas.com/wp-content/uploads/2019/08/amur.obj_.8.incl_.combs_.jpg,38959,726,580,602806cba35d523203918ba9ed0526f0e451bf177a55d30d6d8592570db800f6,,,No caption on DQCAAS; identification of the set is provisional
DQCAAS (Allegro Estate),AMur,"Copper Scroll/06 Imagery/Allegro photos (DQCAAS, Manchester)/AMur - objects",1AkeRAWGks_l3rqNX0VlX4ysm7FbjIZk_,amur.obj_.9.jpg,https://dqcaas.com/amur-obj-1-12/,https://dqcaas.com/wp-content/uploads/2019/08/amur.obj_.9.jpg,33414,726,579,dc51ddf1739eabeb32c39746d000d52fac7ca4fb2cc6d297020514a3c1bf8434,,,No caption on DQCAAS; identification of the set is provisional
DQCAAS (Allegro Estate),AQ.3Q,"Copper Scroll/06 Imagery/Allegro photos (DQCAAS, Manchester)/AQ.3Q - Cave 3 (and 1Q)",1wFZEOtb6f7JOkH3wFiV-hiSpgGL_V6fe,aq.1q.32.jpg,https://dqcaas.com/aq-3q-1-11/,https://dqcaas.com/wp-content/uploads/2019/08/aq.1q.32.jpg,67292,726,576,31100bc554a486a5aff22001359eadaffd76d131273b24ad47552e9b79702332,,,No caption on DQCAAS; identification of the set is provisional
DQCAAS (Allegro Estate),AQ.3Q,"Copper Scroll/06 Imagery/Allegro photos (DQCAAS, Manchester)/AQ.3Q - Cave 3 (and 1Q)",1wFZEOtb6f7JOkH3wFiV-hiSpgGL_V6fe,aq.1q.33.jpg,https://dqcaas.com/aq-3q-1-11/,https://dqcaas.com/wp-content/uploads/2019/08/aq.1q.33.jpg,54078,721,578,34c136191c0c076764834503b7cba158a81221ed4ad88fdb84ad2325112c169e,,,No caption on DQCAAS; identification of the set is provisional
DQCAAS (Allegro Estate),AQ.3Q,"Copper Scroll/06 Imagery/Allegro photos (DQCAAS, Manchester)/AQ.3Q - Cave 3 (and 1Q)",1wFZEOtb6f7JOkH3wFiV-hiSpgGL_V6fe,aq.1q.34.jpg,https://dqcaas.com/aq-3q-1-11/,https://dqcaas.com/wp-content/uploads/2019/08/aq.1q.34.jpg,62498,724,580,c86afe8879f4fbda88da88b10e60b9345cf6fb0c82f054abec41fb03c2cb41eb,,,No caption on DQCAAS; identification of the set is provisional
DQCAAS (Allegro Estate),AQ.3Q,"Copper Scroll/06 Imagery/Allegro photos (DQCAAS, Manchester)/AQ.3Q - Cave 3 (and 1Q)",1wFZEOtb6f7JOkH3wFiV-hiSpgGL_V6fe,aq.3q.1.jpg,https://dqcaas.com/aq-3q-1-11/,https://dqcaas.com/wp-content/uploads/2019/08/aq.3q.1.jpg,62725,726,576,b1439796d769dae3517ae15c28519721eba9c0cd92d976fd1e230ec5d6216038,,,No caption on DQCAAS; identification of the set is provisional
DQCAAS (Allegro Estate),AQ.3Q,"Copper Scroll/06 Imagery/Allegro photos (DQCAAS, Manchester)/AQ.3Q - Cave 3 (and 1Q)",1wFZEOtb6f7JOkH3wFiV-hiSpgGL_V6fe,aq.3q.10.jpg,https://dqcaas.com/aq-3q-1-11/,https://dqcaas.com/wp-content/uploads/2019/08/aq.3q.10.jpg,79224,723,576,b0b9a16f207ef8a06cbd385a2a7ac5b4cafa05f3ca5bb024ee820fe6a6c572a9,,,No caption on DQCAAS; identification of the set is provisional
DQCAAS (Allegro Estate),AQ.3Q,"Copper Scroll/06 Imagery/Allegro photos (DQCAAS, Manchester)/AQ.3Q - Cave 3 (and 1Q)",1wFZEOtb6f7JOkH3wFiV-hiSpgGL_V6fe,aq.3q.11.jpg,https://dqcaas.com/aq-3q-1-11/,https://dqcaas.com/wp-content/uploads/2019/08/aq.3q.11.jpg,81741,725,578,f1d44de774b2f22de05b600630954d9329a640dddc270bed8206496a164bb14c,,,No caption on DQCAAS; identification of the set is provisional
DQCAAS (Allegro Estate),AQ.3Q,"Copper Scroll/06 Imagery/Allegro photos (DQCAAS, Manchester)/AQ.3Q - Cave 3 (and 1Q)",1wFZEOtb6f7JOkH3wFiV-hiSpgGL_V6fe,aq.3q.3.jpg,https://dqcaas.com/aq-3q-1-11/,https://dqcaas.com/wp-content/uploads/2019/08/aq.3q.3.jpg,66089,723,576,c698334d7ebae1b126531c9b1a165ea475cef4f04837bb7222dc65c383e89b19,,,No caption on DQCAAS; identification of the set is provisional
DQCAAS (Allegro Estate),AQ.3Q,"Copper Scroll/06 Imagery/Allegro photos (DQCAAS, Manchester)/AQ.3Q - Cave 3 (and 1Q)",1wFZEOtb6f7JOkH3wFiV-hiSpgGL_V6fe,aq.3q.4.jpg,https://dqcaas.com/aq-3q-1-11/,https://dqcaas.com/wp-content/uploads/2019/08/aq.3q.4.jpg,63918,724,577,13b7e8808da6970cea954fc71a6e4231761e9051a7b148b9cec71dd604836581,,,No caption on DQCAAS; identification of the set is provisional
DQCAAS (Allegro Estate),AQ.3Q,"Copper Scroll/06 Imagery/Allegro photos (DQCAAS, Manchester)/AQ.3Q - Cave 3 (and 1Q)",1wFZEOtb6f7JOkH3wFiV-hiSpgGL_V6fe,aq.3q.5.jpg,https://dqcaas.com/aq-3q-1-11/,https://dqcaas.com/wp-content/uploads/2019/08/aq.3q.5.jpg,43975,728,576,aeabaea2f8a19519438c6291cf596599b4a49e2f36efde293618f57fb6573caf,,,No caption on DQCAAS; identification of the set is provisional
DQCAAS (Allegro Estate),AQ.3Q,"Copper Scroll/06 Imagery/Allegro photos (DQCAAS, Manchester)/AQ.3Q - Cave 3 (and 1Q)",1wFZEOtb6f7JOkH3wFiV-hiSpgGL_V6fe,aq.3q.6.jpg,https://dqcaas.com/aq-3q-1-11/,https://dqcaas.com/wp-content/uploads/2019/08/aq.3q.6.jpg,70818,727,576,dbd7f50b90fd6029fc70db1c06aded5b55bf5e33b90b96560a9e27c199540f44,,,No caption on DQCAAS; identification of the set is provisional
DQCAAS (Allegro Estate),AQ.3Q,"Copper Scroll/06 Imagery/Allegro photos (DQCAAS, Manchester)/AQ.3Q - Cave 3 (and 1Q)",1wFZEOtb6f7JOkH3wFiV-hiSpgGL_V6fe,aq.3q.7.jpg,https://dqcaas.com/aq-3q-1-11/,https://dqcaas.com/wp-content/uploads/2019/08/aq.3q.7.jpg,80737,727,576,89a5a73e45bbd4c94b08d30fcaf9406323ee613139f1ca18a6c37ce485f45cad,,,No caption on DQCAAS; identification of the set is provisional
DQCAAS (Allegro Estate),AQ.3Q,"Copper Scroll/06 Imagery/Allegro photos (DQCAAS, Manchester)/AQ.3Q - Cave 3 (and 1Q)",1wFZEOtb6f7JOkH3wFiV-hiSpgGL_V6fe,aq.3q.9.jpg,https://dqcaas.com/aq-3q-1-11/,https://dqcaas.com/wp-content/uploads/2019/08/aq.3q.9.jpg,77817,720,579,d40032cfd1a0c1db16fe5968b75f43b227d21e5c734eaa0ae3ae4c78de9b54e8,,,No caption on DQCAAS; identification of the set is provisional
Palestine Exploration Fund (Flickr),Boer 1953,"Copper Scroll/06 Imagery/PEF Leo Boer Qumran photos (1953, with 2009 comparisons)",1vYTGSX-rkFp_DUqrXi03tpMC3jUQjEs7,P01 Qumran (5904629186).jpg,https://www.flickr.com/photos/palestineexplorationfund/5904629186/,https://live.staticflickr.com/5319/5904629186_ddd62ff165_b.jpg,92120,670,451,4f163beb150eeb2b1dc4da6358b819e94bcf7314ac012271ce53e0e6044dbfbf,Photograph 1: Qumran,"L. Boer, 31 December 1953","(L. Boer, 31 December 1953) The photograph has been taken from the north-west corner of L.41/L.38 (standing on the wall), as can be concluded from the number on the rock in the wall in front, looking south towards the doorway, with the north-east corner of L.25 on the far right. It is looking over L.37 and the Period III wall separating L.24/25 and L.37. The photo also takes in the pool L.48/49, a"
Palestine Exploration Fund (Flickr),Boer 1953,"Copper Scroll/06 Imagery/PEF Leo Boer Qumran photos (1953, with 2009 comparisons)",1vYTGSX-rkFp_DUqrXi03tpMC3jUQjEs7,P10 Bedouin showing buried jar (5904069071).jpg,https://www.flickr.com/photos/palestineexplorationfund/5904069071/,https://live.staticflickr.com/5240/5904069071_0d42ac9408_b.jpg,179292,898,885,e78cec9c0d1a29fd52112dc6f7ce9f7b51375eaa87f1586959e3f9a464fa497d,Photograph 10: Bedouin showing buried jar,"P. Pennarts, 31 December 1953","(P. Pennarts, 31 December 1953) The same Bedouin is showing Leo Boer (left) and Jan Glissenaar (right) the mouth of a jar buried in the rubble. Exact location is unknown."
Palestine Exploration Fund (Flickr),Boer 1953,"Copper Scroll/06 Imagery/PEF Leo Boer Qumran photos (1953, with 2009 comparisons)",1vYTGSX-rkFp_DUqrXi03tpMC3jUQjEs7,P11 Wadi Qumran with the jeep of the travelling party (5904629610).jpg,https://www.flickr.com/photos/palestineexplorationfund/5904629610/,https://live.staticflickr.com/6026/5904629610_6a1b2c0133_b.jpg,226264,898,885,d8954eafb4b3c7e021fd17656f32a53d334cbef8237146a5be3e6a723784bb5e,Photograph 11: Wadi Qumran with the jeep of the travelling party,"P. Pennarts, 31 December 1953","(P. Pennarts, 31 December 1953) Wadi Qumran with the jeep of the travelling party Jeep Express in the centre. The duo – Peter Pennarts (photographer) and Jan Glissenaar (journalist) – travelled seventeen months across the Middle East in this jeep. From 28 December 1953 till 26 January 1954 they visited Israel . The view is looking west along the wadi to the dirt road towards Ain Feshkha through th"
Palestine Exploration Fund (Flickr),Boer 1953,"Copper Scroll/06 Imagery/PEF Leo Boer Qumran photos (1953, with 2009 comparisons)",1vYTGSX-rkFp_DUqrXi03tpMC3jUQjEs7,P12 Wadi Qumran in 2009 (5904069563).jpg,https://www.flickr.com/photos/palestineexplorationfund/5904069563/,https://live.staticflickr.com/5318/5904069563_52e78930d1_b.jpg,228356,1023,768,09a544ec24ca9e8e91c1078d8e9d247b7374882c266183df3926b9fb51d46a8d,Photograph 12: Wadi Qumran in 2009.,"B. Wagemakers, 17 June 2009","(B. Wagemakers, 17 June 2009) Wadi Qumran in 2009."
Palestine Exploration Fund (Flickr),Boer 1953,"Copper Scroll/06 Imagery/PEF Leo Boer Qumran photos (1953, with 2009 comparisons)",1vYTGSX-rkFp_DUqrXi03tpMC3jUQjEs7,P13 Cave 4Qa and b (5904630076).jpg,https://www.flickr.com/photos/palestineexplorationfund/5904630076/,https://live.staticflickr.com/5078/5904630076_a1b6a82a81_b.jpg,232264,881,885,c526d916f0a4eae4100d21b68ab6e447126c19531956246a6d641aaf2922913b,Photograph 13: Cave 4Qa and b,"P. Pennarts, 31 December 1953","(P. Pennarts, 31 December 1953) Cave 4Qa and b from the same location. In contrast with today this cave complex was accessible to visitors in the 1950s, as is shown in photo 15. "
Palestine Exploration Fund (Flickr),Boer 1953,"Copper Scroll/06 Imagery/PEF Leo Boer Qumran photos (1953, with 2009 comparisons)",1vYTGSX-rkFp_DUqrXi03tpMC3jUQjEs7,P14 Cave 4Q (5904630332).jpg,https://www.flickr.com/photos/palestineexplorationfund/5904630332/,https://live.staticflickr.com/6048/5904630332_197fc91117_b.jpg,320265,1023,768,c04b855a8cf2afe6f26828193911cf46f289ecb608fbc1241b4a639cf201a8dc,Photograph 14: Cave 4Q.,"B. Wagemakers, 17 June 2009","(B. Wagemakers, 17 June 2009) Cave 4Q."
Palestine Exploration Fund (Flickr),Boer 1953,"Copper Scroll/06 Imagery/PEF Leo Boer Qumran photos (1953, with 2009 comparisons)",1vYTGSX-rkFp_DUqrXi03tpMC3jUQjEs7,P15 View looking west in Cave 4Qa (5904070227).jpg,https://www.flickr.com/photos/palestineexplorationfund/5904070227/,https://live.staticflickr.com/5317/5904070227_7fcfb4d705_b.jpg,172539,898,879,7491d6b7f4cf1759fc9eda987a6495bcb53f9f7ec4217db5b19405cf1535b18c,Photograph 15:  View looking west in Cave 4Qa.,"P. Pennarts, 31 December 1953","(P. Pennarts, 31 December 1953) View looking west in Cave 4Qa.  A Bedouin is helping Leo Boer to enter the cave. Today, this cave is not accessible to visitors. See Humbert and Chambon 1994: Fig. 429. The opening at the back of the cave in Fig. 429 was still filled with rocks in 1953. "
Palestine Exploration Fund (Flickr),Boer 1953,"Copper Scroll/06 Imagery/PEF Leo Boer Qumran photos (1953, with 2009 comparisons)",1vYTGSX-rkFp_DUqrXi03tpMC3jUQjEs7,P16 This photograph was taken after Leo Boer entered cave 4Qa (p (5904630712).jpg,https://www.flickr.com/photos/palestineexplorationfund/5904630712/,https://live.staticflickr.com/5036/5904630712_465969f648_b.jpg,46427,671,424,8d61929c2c8b3d7950569e29cab655936df29c7738c7bf6a7376e822bb505835,Photograph 16: This photograph was taken after Leo Boer entered cave 4Qa (photo 15).,"L. Boer, 31 December 1953","(L. Boer, 31 December 1953) This photograph was taken after Leo Boer entered cave 4Qa (photo 15). This is the southern window of cave 4Qa, which looks out on a ledge. The western side of this ledge protrudes to the right. The view is to the south-east, and the dirt road to Feshkha, where a building can be seen. Compare with Humbert and Chambon 1994: Fig. 427."
Palestine Exploration Fund (Flickr),Boer 1953,"Copper Scroll/06 Imagery/PEF Leo Boer Qumran photos (1953, with 2009 comparisons)",1vYTGSX-rkFp_DUqrXi03tpMC3jUQjEs7,P17 A Bedouin man uncovering a vessel (5904070515).jpg,https://www.flickr.com/photos/palestineexplorationfund/5904070515/,https://live.staticflickr.com/5317/5904070515_724abf3f9e_b.jpg,74225,668,431,f86f8b714a670027814b99850a3542619778dbe6c27db864471b7b08232b14bc,Photograph 17: A Bedouin man uncovering a vessel.,"L. Boer, 21 March 1954","(L. Boer, 21 March 1954) A Bedouin man uncovering a vessel. The Field Notes of de Vaux (Humbert and Chambon 1994: 320-321) make clear that there was activity at L.91, 93, and 94 that day. The artefact in the picture is therefore most likely the ‘cylindrical vessel’ (1627) of L.91."
Palestine Exploration Fund (Flickr),Boer 1953,"Copper Scroll/06 Imagery/PEF Leo Boer Qumran photos (1953, with 2009 comparisons)",1vYTGSX-rkFp_DUqrXi03tpMC3jUQjEs7,"P18 This picture is taken from L.89 (as in Period II, written on (5904070631).jpg",https://www.flickr.com/photos/palestineexplorationfund/5904070631/,https://live.staticflickr.com/6054/5904070631_0c964d0d58_b.jpg,47463,668,428,8ee2455f132792504dc3c64cf03b7f735de1b28d8afa89308ba8e06976b9a497,"Photograph 18: This picture is taken from L.89 (as in Period II, written on the wall) to the west.","L. Boer, 21 March 1954","(L. Boer, 21 March 1954) This picture is taken from L.89 (as in Period II, written on the wall) to the west. It looks over the top of a basin on the exterior western wall of this locus to where men are excavating pool L.91 and walking in L.96 to tip out their baskets into the ravine.  This picture shows the very large number of workmen employed by de Vaux, enabling extremely rapid excavation of ar"
Palestine Exploration Fund (Flickr),Boer 1953,"Copper Scroll/06 Imagery/PEF Leo Boer Qumran photos (1953, with 2009 comparisons)",1vYTGSX-rkFp_DUqrXi03tpMC3jUQjEs7,P19 (5904071009).jpg,https://www.flickr.com/photos/palestineexplorationfund/5904071009/,https://live.staticflickr.com/6002/5904071009_af9db1ea44_b.jpg,283135,1024,768,b0bfd3bb54013a1a47a541e7dc771f8b1819861f5380a1fcd824c9172a9bf794,Photograph 19,"B. Wagemakers, 26 January 2011","(B. Wagemakers, 26 January 2011) Picture is taken from the same spot as number 18. "
Palestine Exploration Fund (Flickr),Boer 1953,"Copper Scroll/06 Imagery/PEF Leo Boer Qumran photos (1953, with 2009 comparisons)",1vYTGSX-rkFp_DUqrXi03tpMC3jUQjEs7,P02 (5904631504).jpg,https://www.flickr.com/photos/palestineexplorationfund/5904631504/,https://live.staticflickr.com/5318/5904631504_f3af87f92b_b.jpg,296927,1023,768,da3c682d6bb694ed068f598a1f77f24a96b2e2de122ecc9440a9fc096f6810e4,Photograph 2,"B. Wagemakers, 17 June 2009","(B. Wagemakers, 17 June 2009) Picture is taken from almost the same spot as number 1, fifty-six years later. At the back of the ruins a modern gangway is visible."
Palestine Exploration Fund (Flickr),Boer 1953,"Copper Scroll/06 Imagery/PEF Leo Boer Qumran photos (1953, with 2009 comparisons)",1vYTGSX-rkFp_DUqrXi03tpMC3jUQjEs7,"P20 The photograph is taken in L.94, with the reinforcement wall (5904071251).jpg",https://www.flickr.com/photos/palestineexplorationfund/5904071251/,https://live.staticflickr.com/5073/5904071251_f845b6e3c9_b.jpg,62252,667,469,a748ff3b9cdf918d561e1c4202ea38ca7cceb10448b1a17aa0dd73cf44eabd40,"Photograph 20: The photograph is taken in L.94, with the reinforcement wall of L.90","L. Boer, 21 March 1954","(L. Boer, 21 March 1954) The photograph is taken in L.94, with the reinforcement wall of L.90 (the back of L.89) on the right. The view is looking north over L.92, L.88 and L.81, towards the tower. When this picture is compared with Fig. 347 (Humbert and Chambon 1994; taken in 1992) we can notice that in Boer's photo the first wall in sight is covered with exterior cobb. In 1992 this has vanished."
Palestine Exploration Fund (Flickr),Boer 1953,"Copper Scroll/06 Imagery/PEF Leo Boer Qumran photos (1953, with 2009 comparisons)",1vYTGSX-rkFp_DUqrXi03tpMC3jUQjEs7,"P21 The site seen from L.90, now with palm trees (5904071523).jpg",https://www.flickr.com/photos/palestineexplorationfund/5904071523/,https://live.staticflickr.com/5036/5904071523_1b376cb2c5_b.jpg,212895,1023,768,2c3510098cb8ab45dbae0388ac41d87965fdc2c3076ff88e04928185fd91a186,"Photograph 21:  The site seen from L.90, now with palm trees.","B. Wagemakers, 17 June 2009","(B. Wagemakers, 17 June 2009) The site seen from L.90, now with palm trees."
Palestine Exploration Fund (Flickr),Boer 1953,"Copper Scroll/06 Imagery/PEF Leo Boer Qumran photos (1953, with 2009 comparisons)",1vYTGSX-rkFp_DUqrXi03tpMC3jUQjEs7,P22 View from L.86 to the north (5904631802).jpg,https://www.flickr.com/photos/palestineexplorationfund/5904631802/,https://live.staticflickr.com/6005/5904631802_a1478c629d_b.jpg,70522,671,429,80b7b03e01ebb4da2c16cd1e61381eea5a5e5f1abfd39d75bf4609b1c0453c21,Photograph 22: View from L.86 to the north.,"L. Boer, 21 March 1954","(L. Boer, 21 March 1954) View from L.86 to the north. Two students of the Ecole Biblique are laying bare wooden remains in front of a block in L.86-87, 89, known as the ‘pantry’. The close-up recording of the block’s condition before its restoration during the excavation campaign of 1954 is unique (cf. Humbert and Chambon 1994: Fig. 331, 336, and 338). Against the eastern wall a Bedouin man – seen"
Palestine Exploration Fund (Flickr),Boer 1953,"Copper Scroll/06 Imagery/PEF Leo Boer Qumran photos (1953, with 2009 comparisons)",1vYTGSX-rkFp_DUqrXi03tpMC3jUQjEs7,P23 The block of L.86 on this picture is seriously damaged (5904071771).jpg,https://www.flickr.com/photos/palestineexplorationfund/5904071771/,https://live.staticflickr.com/6046/5904071771_840fa28828_b.jpg,233429,1023,768,a8bac96b20d5dece4e956568490d97c48e7e5b3f4ce3e2188f3e2f444641a954,Photograph 23: The block of L.86 on this picture is seriously damaged ,"B. Wagemakers, 17 June 2009","(B. Wagemakers, 17 June 2009) The block of L.86 on this picture is seriously damaged when compared with its condition in photo 22. It is clear that this block, after its restoration in 1954, has been restored again after October 1960  (www1.ku-eichstaett.de/KTF/qumran/bilder/loc86so.jpg). However, both the stone marker as well as the steps seem to have withstood the ravages of time."
Palestine Exploration Fund (Flickr),Boer 1953,"Copper Scroll/06 Imagery/PEF Leo Boer Qumran photos (1953, with 2009 comparisons)",1vYTGSX-rkFp_DUqrXi03tpMC3jUQjEs7,P24 A Bedouin man is posing while he is exposing wooden remains (5904071909).jpg,https://www.flickr.com/photos/palestineexplorationfund/5904071909/,https://live.staticflickr.com/6054/5904071909_d7d386b79d_b.jpg,74077,668,428,e48929fc63530211087044908f72576123168d392aa7fcf7440b19e60f0620d2,Photograph 24: A Bedouin man is posing while he is exposing wooden remains which lie against the eastern wall of L.86.,"L. Boer, 21 March 1954","(L. Boer, 21 March 1954) A Bedouin man is posing while he is exposing wooden remains which lie against the eastern wall of L.86. At the same time others next to him are uncovering wooden remains in front of a block (photo 22). In his Field Notes de Vaux wrote a day after Boer took this picture: ""Upon this floor in locus 86 were remnants of charred beams"". The mass of wood in situ – carbonised palm"
Palestine Exploration Fund (Flickr),Boer 1953,"Copper Scroll/06 Imagery/PEF Leo Boer Qumran photos (1953, with 2009 comparisons)",1vYTGSX-rkFp_DUqrXi03tpMC3jUQjEs7,P25 The eastern wall of L.86 in 2009 (5904072079).jpg,https://www.flickr.com/photos/palestineexplorationfund/5904072079/,https://live.staticflickr.com/6002/5904072079_79b4d0b73d_b.jpg,256973,1023,768,b6a1ef230f501e09a91238a21ba1e56d80c37713256a4b61e2f823f5df027160,Photograph 25: The eastern wall of L.86 in 2009,"B. Wagemakers, 17 June 2009","(B. Wagemakers, 17 June 2009) The eastern wall of L.86 in 2009. The layer of plaster on the wall has vanished. "
Palestine Exploration Fund (Flickr),Boer 1953,"Copper Scroll/06 Imagery/PEF Leo Boer Qumran photos (1953, with 2009 comparisons)",1vYTGSX-rkFp_DUqrXi03tpMC3jUQjEs7,P26 The pool of L.91 during its excavation (5904632370).jpg,https://www.flickr.com/photos/palestineexplorationfund/5904632370/,https://live.staticflickr.com/6037/5904632370_d93e0e821c_b.jpg,48972,669,428,41f9766fd76c59f04212735fef236f0365546ed8066c2e3f424c41ca70c8b92e,Photograph 26: The pool of L.91 during its excavation,"L. Boer, 21 March 1954","(L. Boer, 21 March 1954) The pool of L.91 during its excavation 9 (see photo 18). The photo has been taken from the western edge of L.91 in a south-eastern direction (compare with photo 40) to the southern edge of the pool and to the wall running east-west that bounds L.92 and 88, and adjoins L.89. Number 91 is written on a stone above the man with black hair on the left side of the picture. In th"
Palestine Exploration Fund (Flickr),Boer 1953,"Copper Scroll/06 Imagery/PEF Leo Boer Qumran photos (1953, with 2009 comparisons)",1vYTGSX-rkFp_DUqrXi03tpMC3jUQjEs7,P27 L.91 in 2009 (5904072369).jpg,https://www.flickr.com/photos/palestineexplorationfund/5904072369/,https://live.staticflickr.com/6059/5904072369_c45d224cfe_b.jpg,220137,1023,768,57d38d88d0e341966093a61da176f1be1531aeb18c028016b5813dce87df36a3,Photograph 27: L.91 in 2009,"B. Wagemakers, 17 June 2009","(B. Wagemakers, 17 June 2009)  L.91 in 2009"
Palestine Exploration Fund (Flickr),Boer 1953,"Copper Scroll/06 Imagery/PEF Leo Boer Qumran photos (1953, with 2009 comparisons)",1vYTGSX-rkFp_DUqrXi03tpMC3jUQjEs7,P28 The man would appear to be sitting in L.6 (5904072497).jpg,https://www.flickr.com/photos/palestineexplorationfund/5904072497/,https://live.staticflickr.com/5238/5904072497_8ff26a6487_b.jpg,70143,668,460,892e60011589b729c03e7ed7cfe49b3888acb8a9fcfbba704be7faaf0e53cbbf,Photograph 28: The man would appear to be sitting in L.6,"L. Boer, 21 March 1954","(L. Boer, 21 March 1954) The man would appear to be sitting in L.6 – as this number is written on the plaster to the right of his face – located on the north-east side of the settlement.  However, the visible remains and also the wall behind do not match this location at all. Instead, this locus seems to be the northern end of L.30, after the wall that separated L.17 has been removed (a year earli"
Palestine Exploration Fund (Flickr),Boer 1953,"Copper Scroll/06 Imagery/PEF Leo Boer Qumran photos (1953, with 2009 comparisons)",1vYTGSX-rkFp_DUqrXi03tpMC3jUQjEs7,P29 Bedouin man is working in L.54-55 (5904632788).jpg,https://www.flickr.com/photos/palestineexplorationfund/5904632788/,https://live.staticflickr.com/6019/5904632788_9db10fafd4_b.jpg,59837,669,444,9cac020bdcd176718a5c85d866ecae833d540918c4998535f336fd5064eb0e3e,Photograph 29:  Bedouin man is working in L.54-55,"L. Boer, 21 March 1954","(L. Boer, 21 March 1954) The Bedouin man is working in L.54-55. Behind the worker there is a column and, far left, a hill of sand. From a comparison of this picture with Humbert and Chambon 1994: Fig. 303 it follows that this man is working in the surroundings of L.54. The descending row of rocks next to his left leg can be spotted on Humbert and Chambon 1994: Fig. 184 and 185. Now it is obvious h"
Palestine Exploration Fund (Flickr),Boer 1953,"Copper Scroll/06 Imagery/PEF Leo Boer Qumran photos (1953, with 2009 comparisons)",1vYTGSX-rkFp_DUqrXi03tpMC3jUQjEs7,"P03 The north-side of the tower, L.9 and 10 (5904632958).jpg",https://www.flickr.com/photos/palestineexplorationfund/5904632958/,https://live.staticflickr.com/5313/5904632958_7d54efc74a_b.jpg,114814,898,876,dfd73d5a67400fb5eefe794fbdd228708a695491f77fe12b93097f0a9e4dc4ae,"Photograph 3: The north-side of the tower, L.9 and 10","P. Pennarts, 31 December 1953","(P. Pennarts, 31 December 1953) The north-side of the tower, L.9 and 10, and in front of the tower L. 134 (on right) and L.152 (on left). De Vaux took an identical picture about seven months earlier than Pennarts’ (Humbert and Chambon 1994: Fig. 12; see also www1.ku-eichstaett.de/KTF/qumran/bilder/loc140.jpg).  "
Palestine Exploration Fund (Flickr),Boer 1953,"Copper Scroll/06 Imagery/PEF Leo Boer Qumran photos (1953, with 2009 comparisons)",1vYTGSX-rkFp_DUqrXi03tpMC3jUQjEs7,P30 A view of L.54 and 54 in 2009 (5904633252).jpg,https://www.flickr.com/photos/palestineexplorationfund/5904633252/,https://live.staticflickr.com/6053/5904633252_3ff2f15b13_b.jpg,230525,1023,768,f0744a1016e2779d4bf1c060a6baf527b89a1c5f60287f8dc47b19bf29be7e35,Photograph 30: A view of L.54 and 54 in 2009,"B. Wagemakers, 17 June 2009","(B. Wagemakers, 17 June 2009) A view of L.54 and 54 in 2009."
Palestine Exploration Fund (Flickr),Boer 1953,"Copper Scroll/06 Imagery/PEF Leo Boer Qumran photos (1953, with 2009 comparisons)",1vYTGSX-rkFp_DUqrXi03tpMC3jUQjEs7,P31 A view to the north from the areas of Trench A and B (5904633396).jpg,https://www.flickr.com/photos/palestineexplorationfund/5904633396/,https://live.staticflickr.com/5155/5904633396_1638d5e384_b.jpg,67139,668,452,44588b4e6a4e6293ab260ee658913eb2f1b2042c075267b8c888276a068bfc64,Photograph 31: A view to the north from the areas of Trench A and B,"L. Boer, 21 March 1954","(L. Boer, 21 March 1954) A view to the north from the areas of Trench A and B, located to the north of the site (see  location on Humbert and Chambon 1994, Fig. II). "
Palestine Exploration Fund (Flickr),Boer 1953,"Copper Scroll/06 Imagery/PEF Leo Boer Qumran photos (1953, with 2009 comparisons)",1vYTGSX-rkFp_DUqrXi03tpMC3jUQjEs7,P32 Baskets filled with fragments of pottery (5904073261).jpg,https://www.flickr.com/photos/palestineexplorationfund/5904073261/,https://live.staticflickr.com/5078/5904073261_6f103d3524_b.jpg,87211,669,414,3d8973a42632e0ad3c5bc9269a7cd23790dab83a0158b47bcbbb6ea0d472e09e,Photograph 32: Baskets filled with fragments of pottery.,"L. Boer, 21 March 1954","(L. Boer, 21 March 1954) Baskets filled with fragments of pottery. Location unknown. "
Palestine Exploration Fund (Flickr),Boer 1953,"Copper Scroll/06 Imagery/PEF Leo Boer Qumran photos (1953, with 2009 comparisons)",1vYTGSX-rkFp_DUqrXi03tpMC3jUQjEs7,P33 Throwing away debris (5904633510).jpg,https://www.flickr.com/photos/palestineexplorationfund/5904633510/,https://live.staticflickr.com/5031/5904633510_ff4a4d92bc_b.jpg,39524,668,423,f9a7e631fb6698f3b39d89990ebd0386ba4e345ae714207a8039f9dbc2e79620,Photograph 33: Throwing away debris,"L. Boer, 21 March 1954","(L. Boer, 21 March 1954) Throwing away debris coming from inter alia L.91 en 93 (see caption photo 26) down the ravine."
Palestine Exploration Fund (Flickr),Boer 1953,"Copper Scroll/06 Imagery/PEF Leo Boer Qumran photos (1953, with 2009 comparisons)",1vYTGSX-rkFp_DUqrXi03tpMC3jUQjEs7,P34 Throwing away debris (5904633560).jpg,https://www.flickr.com/photos/palestineexplorationfund/5904633560/,https://live.staticflickr.com/5316/5904633560_454962c282_b.jpg,54144,668,369,863b894d8171638d04744fca409c17c520d982ed5b1c5f83a6608a8b0f413218,Photograph 34:  Throwing away debris,"L. Boer, 21 March 1954","(L. Boer, 21 March 1954) Throwing away debris coming from inter alia L.91 en 93 (see caption photo 26) down the ravine."
Palestine Exploration Fund (Flickr),Boer 1953,"Copper Scroll/06 Imagery/PEF Leo Boer Qumran photos (1953, with 2009 comparisons)",1vYTGSX-rkFp_DUqrXi03tpMC3jUQjEs7,P35 The plateau and the ravine of Qumran (5904073525).jpg,https://www.flickr.com/photos/palestineexplorationfund/5904073525/,https://live.staticflickr.com/6053/5904073525_c13491e610_b.jpg,214370,1023,768,17099974473e975cc89b42889f1466e48080719d4a66515e24ee567ee58a522f,Photograph 35: The plateau and the ravine of Qumran,"B. Wagemakers, 17 June 2009","(B. Wagemakers, 17 June 2009) The plateau and the ravine of Qumran."
Palestine Exploration Fund (Flickr),Boer 1953,"Copper Scroll/06 Imagery/PEF Leo Boer Qumran photos (1953, with 2009 comparisons)",1vYTGSX-rkFp_DUqrXi03tpMC3jUQjEs7,"P36 In his diary Boer gives this picture the title ‘Dead Sea, di (5904073589).jpg",https://www.flickr.com/photos/palestineexplorationfund/5904073589/,https://live.staticflickr.com/5160/5904073589_f4e2304445_b.jpg,43391,668,428,382ad69563fe39fccd5f440f2e6b21bd06de30327ffc9966c1e41e01fe1a1833,"Photograph 36: In his diary Boer gives this picture the title ‘Dead Sea, direction Jericho’.","L. Boer, 22 March 1954","(L. Boer, 22 March 1954) In his diary Boer gives this picture the title ‘Dead Sea, direction Jericho’. Part of a tent flap on the left and a tent rope on the right indicate this is where Boer camped. The photo gives the illusion that it is flat land at the foot of Qumran but there is a route up to the site from below, which has been edged with stone markers to guide visitors. The curve in the shor"
Palestine Exploration Fund (Flickr),Boer 1953,"Copper Scroll/06 Imagery/PEF Leo Boer Qumran photos (1953, with 2009 comparisons)",1vYTGSX-rkFp_DUqrXi03tpMC3jUQjEs7,"P37 This photo has been given the title ‘Dead Sea, direction Tra (5904073711).jpg",https://www.flickr.com/photos/palestineexplorationfund/5904073711/,https://live.staticflickr.com/6007/5904073711_b7747e7dd2_b.jpg,38756,648,430,a5cf0afe03ebb147cd3b4f241fa4469d59ba0b605de77c764f532ce616328767,"Photograph 37: This photo has been given the title ‘Dead Sea, direction Transjordan’.","L. Boer, 22 March 1954","(L. Boer, 22 March 1954) This photo has been given the title ‘Dead Sea, direction Transjordan’. Here the presence of rails for transporting material is shown. For rails at Qumran see also Humbert and Chambon 1994: Fig. 10. The tent may be the most southern of those indicated in the northern encampment in Humbert and Chambon 1994, Fig. 5."
Palestine Exploration Fund (Flickr),Boer 1953,"Copper Scroll/06 Imagery/PEF Leo Boer Qumran photos (1953, with 2009 comparisons)",1vYTGSX-rkFp_DUqrXi03tpMC3jUQjEs7,P38 The place to sleep for the Bedouin men during the excavation (5904634068).jpg,https://www.flickr.com/photos/palestineexplorationfund/5904634068/,https://live.staticflickr.com/5155/5904634068_149eac1c65_b.jpg,68838,669,427,c0a8f441b973a07da7bb0e489c65270872a0f224efd2599aa72ed42546ae525b,Photograph 38: The place to sleep for the Bedouin men during the excavation.,"L. Boer, 23 March 1954","(L. Boer, 23 March 1954) The place to sleep for the Bedouin men during the excavation. Presumably, the men are working on the same spot as them at photo 32, in Trenches A and B"
Palestine Exploration Fund (Flickr),Boer 1953,"Copper Scroll/06 Imagery/PEF Leo Boer Qumran photos (1953, with 2009 comparisons)",1vYTGSX-rkFp_DUqrXi03tpMC3jUQjEs7,"P39 Roland de Vaux, accompanied by two students of the Ecole Bib (5904073941).jpg",https://www.flickr.com/photos/palestineexplorationfund/5904073941/,https://live.staticflickr.com/6003/5904073941_aa7b9018b7_b.jpg,38810,669,408,0134a4448c45aa08080d7ee2318027f45b8aeb7293c6a571bed5e566a84854cc,"Photograph 39: Roland de Vaux, accompanied by two students of the Ecole Biblique, is surveying at L.96.","L. Boer, 25 March 1954","(L. Boer, 25 March 1954) Roland de Vaux, accompanied by two students of the Ecole Biblique, is surveying at L.96. Number 96 can be read on the light coloured rock on the left of de Vaux’s instrument. The men are standing next to the cistern (L.91) that was being excavated that week. Behind the cistern, the tents, the Dead Sea, and the mountains of TransJordan are visible. "
Palestine Exploration Fund (Flickr),Boer 1953,"Copper Scroll/06 Imagery/PEF Leo Boer Qumran photos (1953, with 2009 comparisons)",1vYTGSX-rkFp_DUqrXi03tpMC3jUQjEs7,P04 The tower in 2009 (5904634302).jpg,https://www.flickr.com/photos/palestineexplorationfund/5904634302/,https://live.staticflickr.com/5079/5904634302_89d935dbe2_b.jpg,205532,1023,768,12249fea4b8fd36ddad106dd73c27f26a712ebc3475deeb2a2524786d8322eef,Photograph 4: The tower in 2009,"B. Wagemakers, 17 June 2009","(B. Wagemakers, 17 June 2009) The tower in 2009; the breach has been filled by a stairway, which was not yet the case in www1.ku-eichstaett.de/KTF/qumran/bilder/loc140.jpg. "
Palestine Exploration Fund (Flickr),Boer 1953,"Copper Scroll/06 Imagery/PEF Leo Boer Qumran photos (1953, with 2009 comparisons)",1vYTGSX-rkFp_DUqrXi03tpMC3jUQjEs7,P40 L.96 and 91 nowadays (5904074309).jpg,https://www.flickr.com/photos/palestineexplorationfund/5904074309/,https://live.staticflickr.com/6037/5904074309_8336b9ed93_b.jpg,264686,1023,768,021c69ef09eb1da2d205be1336e4153635cf4165cb150e05f79a6f89f1dc5a57,Photograph 40: L.96 and 91 nowadays.,"B. Wagemakers, 17 June 2009","(B. Wagemakers, 17 June 2009) L.96 and 91 nowadays."
Palestine Exploration Fund (Flickr),Boer 1953,"Copper Scroll/06 Imagery/PEF Leo Boer Qumran photos (1953, with 2009 comparisons)",1vYTGSX-rkFp_DUqrXi03tpMC3jUQjEs7,P41 De Vaux and a colleague are surveying L.96 (5904634742).jpg,https://www.flickr.com/photos/palestineexplorationfund/5904634742/,https://live.staticflickr.com/5239/5904634742_493f830590_b.jpg,37608,668,432,eb613ea92d5710bb5eca4989202f9ee551e3276f62b6d3cc3774e773a0d7ed69,Photograph 41: De Vaux and a colleague are surveying L.96,"L. Boer, 25 March 1954","(L. Boer, 25 March 1954) De Vaux and a colleague are surveying L.96 (compare with photograph 40). In his Field Notes de Vaux would write that day: “We found traces of a western wall up to a turn towards the east. Then, further north, upon an east west wall exactly in the line of the north wall of locus 97. It is poorly preserved. All of locus 96 was an open courtyard.” View towards the south-east."
Palestine Exploration Fund (Flickr),Boer 1953,"Copper Scroll/06 Imagery/PEF Leo Boer Qumran photos (1953, with 2009 comparisons)",1vYTGSX-rkFp_DUqrXi03tpMC3jUQjEs7,P42 The open courtyard of L.96 in 2009 (5904634954).jpg,https://www.flickr.com/photos/palestineexplorationfund/5904634954/,https://live.staticflickr.com/5115/5904634954_dbf692c394_b.jpg,221186,1023,768,adb71f1661fe16d39742d157469474c2e66c9bec4655841b80d76c98a3cc1798,Photograph 42: The open courtyard of L.96 in 2009.,"B. Wagemakers, 17 June 2009","(B. Wagemakers, 17 June 2009) The open courtyard of L.96 in 2009."
Palestine Exploration Fund (Flickr),Boer 1953,"Copper Scroll/06 Imagery/PEF Leo Boer Qumran photos (1953, with 2009 comparisons)",1vYTGSX-rkFp_DUqrXi03tpMC3jUQjEs7,P43 Pay-day (5904074735).jpg,https://www.flickr.com/photos/palestineexplorationfund/5904074735/,https://live.staticflickr.com/5272/5904074735_82fdcef0a9_b.jpg,48085,667,428,e1c84f56f293cbf9374700739aa83cffab73c597c9ba95892aa27e7e66f15744,Photograph 43:  Pay-day.,"L. Boer, 25 March 1954","(L. Boer, 25 March 1954) Pay-day. De Vaux is sitting in front of a tent paying a local worker. Presumably the recipient is signing for  receipt."
Palestine Exploration Fund (Flickr),Boer 1953,"Copper Scroll/06 Imagery/PEF Leo Boer Qumran photos (1953, with 2009 comparisons)",1vYTGSX-rkFp_DUqrXi03tpMC3jUQjEs7,P44 Tea break (5904074801).jpg,https://www.flickr.com/photos/palestineexplorationfund/5904074801/,https://live.staticflickr.com/5196/5904074801_e294698b60_b.jpg,54668,668,425,97c606842760eef3ea9387457db50c166d4c470e6f09092dc8f4328e4c042e7c,Photograph 44: Tea break.,"L. Boer, 25 March 1954","(L. Boer, 25 March 1954) Tea break. From right to left: Roland de Vaux; Józef Tadeusz Milik; Ernest-Marie Laperrousaz (?); a student possibly named L. Sirand, unknown (also portrayed on photos 22 and 48) and Leo Boer;"
Palestine Exploration Fund (Flickr),Boer 1953,"Copper Scroll/06 Imagery/PEF Leo Boer Qumran photos (1953, with 2009 comparisons)",1vYTGSX-rkFp_DUqrXi03tpMC3jUQjEs7,"P45 View to the east of the tower of Qumran, the Dead Sea, and t (5904635188).jpg",https://www.flickr.com/photos/palestineexplorationfund/5904635188/,https://live.staticflickr.com/5075/5904635188_74b1fbb60e_b.jpg,30118,591,390,5bfa20e0de399f96bfc9ae6261ee9282d508e049b63eded936f9563f00e5d7ff,"Photograph 45: View to the east of the tower of Qumran, the Dead Sea, and the mountains of Jordan.","L. Boer, 26 March 1954","(L. Boer, 26 March 1954) View to the east of the tower of Qumran, the Dead Sea, and the mountains of TransJordan. Compare with Humbert and Chambon 1994: Fig. 6."
Palestine Exploration Fund (Flickr),Boer 1953,"Copper Scroll/06 Imagery/PEF Leo Boer Qumran photos (1953, with 2009 comparisons)",1vYTGSX-rkFp_DUqrXi03tpMC3jUQjEs7,"P46 Sight of Qumran, the Dead Sea, and the mountains of Moab in (5904075073).jpg",https://www.flickr.com/photos/palestineexplorationfund/5904075073/,https://live.staticflickr.com/5279/5904075073_225abaf31c_b.jpg,196791,1023,768,96730eadb12b0bfc2208b95d3e2b22be6dd2272dc5d8d7438f0cd0b29d3856f8,"Photograph 46: Sight of Qumran, the Dead Sea, and the mountains of Moab in 2009","B. Wagemakers, 17 June 2009","(B. Wagemakers, 17 June 2009) Sight of Qumran, the Dead Sea, and the mountains of TransJordan in 2009. When you compare it with photo 46 it becomes clear that the north-western area of the settlement has been excavated later than 1954. "
Palestine Exploration Fund (Flickr),Boer 1953,"Copper Scroll/06 Imagery/PEF Leo Boer Qumran photos (1953, with 2009 comparisons)",1vYTGSX-rkFp_DUqrXi03tpMC3jUQjEs7,P47 Three persons – probably students of the Ecole Biblique – po (5904075209).jpg,https://www.flickr.com/photos/palestineexplorationfund/5904075209/,https://live.staticflickr.com/5239/5904075209_f7a836dcfb_b.jpg,95623,668,435,996548eff09dc3de58431afbea7ab67d6c820e4b2742613566951113455cf1dd,Photograph 47: Three persons – probably students of the Ecole Biblique – posing around cave 1Q.,"L. Boer, 26 March 1954","(L. Boer, 26 March 1954) Three persons – probably students of the Ecole Biblique – posing around cave 1Q. The man in front of the cave is also portrayed in photo 40, standing in the middle and looking at de Vaux. The man lying in the cave above is posing again at photos 22 and 49. The third man is standing inside the cave behind the first man and can be seen at photo 22 in the middle.  "
Palestine Exploration Fund (Flickr),Boer 1953,"Copper Scroll/06 Imagery/PEF Leo Boer Qumran photos (1953, with 2009 comparisons)",1vYTGSX-rkFp_DUqrXi03tpMC3jUQjEs7,P48 The man with the beret (5904075297).jpg,https://www.flickr.com/photos/palestineexplorationfund/5904075297/,https://live.staticflickr.com/6002/5904075297_52c9ab0c54_b.jpg,67702,667,430,9b002255b3a817e8eb19b657b65760f8e8fdfc4a30038e95326822c07b3d5b20,Photograph 48: The man with the beret,"L. Boer, 26 March 1954","(L. Boer, 26 March 1954) The man with the beret – see also photo 22 and 48 – standing outside the lower opening of cave 1Q. An additional entrance had been created below the small top opening."
Palestine Exploration Fund (Flickr),Boer 1953,"Copper Scroll/06 Imagery/PEF Leo Boer Qumran photos (1953, with 2009 comparisons)",1vYTGSX-rkFp_DUqrXi03tpMC3jUQjEs7,"P05 southern part of L.18, L. 25, L.24 and L.22 (5904075485).jpg",https://www.flickr.com/photos/palestineexplorationfund/5904075485/,https://live.staticflickr.com/6053/5904075485_4cfb27bdcd_b.jpg,203222,898,885,14b8d527b1acf3902e5abd3824793092c4465aba84c7839ef82165eb3395a85d,"Photograph 5: southern part of L.18, L. 25, L.24 and L.22","P. Pennarts, 31 December 1953","(P. Pennarts, 31 December 1953) This picture is taken from the north-west corner of L.18 and shows the southern part of L.18, L. 25, L.24 and L.22, through to a glimpse of L.22, with L. 37 to the left, and L.33 and L.35 behind. The photo most clearly relates to Periods II and III, see Humbert and Chambon 1994: Fig. 42, 44, 45-50."
Palestine Exploration Fund (Flickr),Boer 1953,"Copper Scroll/06 Imagery/PEF Leo Boer Qumran photos (1953, with 2009 comparisons)",1vYTGSX-rkFp_DUqrXi03tpMC3jUQjEs7,P06 Photo looking to the west from the aqueduct (5904635974).jpg,https://www.flickr.com/photos/palestineexplorationfund/5904635974/,https://live.staticflickr.com/6037/5904635974_957ca36aa5_b.jpg,208428,898,885,093193cdd11177e0032de54549e16f2120f8ec8b21a2f3e7772961c8d35e83eb,Photograph 6: Photo looking to the west from the aqueduct.,"P. Pennarts, 31 December 1953","(P. Pennarts, 31 December 1953) Photo looking to the west from the aqueduct. Journalist Jan Glissenaar is talking to a shepherd at the aqueduct located between the hills and the ruins (Humbert and Chambon 1994: Fig. 402 – aqueduct at the left – and 411). They are pointing to the settlement. The black ‘spot’ at the right of the south-west corner of the ruins (L.1)  is Leo Boer. The wall between L.1"
Palestine Exploration Fund (Flickr),Boer 1953,"Copper Scroll/06 Imagery/PEF Leo Boer Qumran photos (1953, with 2009 comparisons)",1vYTGSX-rkFp_DUqrXi03tpMC3jUQjEs7,P07 The spot where Jan Glissenaar and the shepherd were talking (5904636232).jpg,https://www.flickr.com/photos/palestineexplorationfund/5904636232/,https://live.staticflickr.com/5072/5904636232_8e7b8615d6_b.jpg,261493,1023,768,05f931b17163875f8fddfaa75e695161039b97c5e6fbf0dddb8ad96e2f5d5a8f,Photograph 7: The spot where Jan Glissenaar and the shepherd were talking in 1953,"B. Wagemakers, 17 June 2009","(B. Wagemakers, 17 June 2009) The spot where Jan Glissenaar and the shepherd were talking in 1953 (photo 6). The most striking differences are the presence of a visitor centre and palm trees at the entrance of the National Park. "
Palestine Exploration Fund (Flickr),Boer 1953,"Copper Scroll/06 Imagery/PEF Leo Boer Qumran photos (1953, with 2009 comparisons)",1vYTGSX-rkFp_DUqrXi03tpMC3jUQjEs7,P08 Bedouin man is posing in pool L.4849 (5904076203).jpg,https://www.flickr.com/photos/palestineexplorationfund/5904076203/,https://live.staticflickr.com/5274/5904076203_3d25de98dd_b.jpg,225055,898,885,b1a37c9993c689b833c6898fb5b9f4cf88257df2a54f2243305c65dc78e11aca,Photograph 8: Bedouin man is posing in pool L.48/49,"P. Pennarts, 31 December 1953","(P. Pennarts, 31 December 1953) A Bedouin man is posing in pool L.48/49, and note channel on right. This picture has been taken a few seconds after Leo Boer took photo 1; see Humbert and Chambon 1994: Fig. 161-165 and www1.ku-eichstaett.de/KTF/qumran/bilder/loc48so.jpg. This pool shows evidence of earthquake damage; de Vaux believed that the earthquake was that of 31 BCE, meaning that it was not u"
Palestine Exploration Fund (Flickr),Boer 1953,"Copper Scroll/06 Imagery/PEF Leo Boer Qumran photos (1953, with 2009 comparisons)",1vYTGSX-rkFp_DUqrXi03tpMC3jUQjEs7,P09 The pool of L.48L49 nowadays (5904636606).jpg,https://www.flickr.com/photos/palestineexplorationfund/5904636606/,https://live.staticflickr.com/6038/5904636606_c6d269e9c0_b.jpg,282608,1023,768,cc571ff91f6422b3866a7ed468854974fa13334ab42e6bcb4df84cd2e49afb05,Photograph 9: The pool of L.48/L49 nowadays,"B. Wagemakers, 17 June 2009","(B. Wagemakers, 17 June 2009)  The pool of L.48/L49 nowadays. In comparison with photo 8 one can see that the layer of plaster has been much damaged."
Palestine Exploration Fund (Flickr),Boer 1953,"Copper Scroll/06 Imagery/PEF Leo Boer Qumran photos (1953, with 2009 comparisons)",1vYTGSX-rkFp_DUqrXi03tpMC3jUQjEs7,Plan Plan of Qumran with position marks (5904636740).jpg,https://www.flickr.com/photos/palestineexplorationfund/5904636740/,https://live.staticflickr.com/5040/5904636740_bcf7e5fbfc_b.jpg,144072,750,1000,6b19a24648e8b2a5a5a0aeb2ac3d4c8cdfc3283c2b7022b10065bbbd1ec07209,Plan of Qumran with position marks,,
