cat_id,reference,composed,event_date,place_named,place_id,objects,action,agent,kind,kind_note,bears_on,s_removed,s_unrecovered,s_literary,scenario_reason,dependency_group,translation,quote,quote_locator,source_ids,access,notes
C01,"Josephus, War 6.387-389",c. 75-79 CE,"70 CE, after the sanctuary burned","the sanctuary wall, Jerusalem Temple",jer_temple,"two gold lampstands, tables, mixing bowls and bowls of solid gold; veils; high priests' vestments with stones; other cult vessels",handed_over,"Jesus son of Thebuthi, a priest, under Titus's oath of safety",EVIDENCE,"Contemporary report by Josephus, who was in Titus's camp; single source.","R12 (priests as custodians of cult vessels); entry 7 (Greek letters at II 4, record e7-the in text/readings.json; H1b in tables/phase4_hypotheses.csv reads them as Thebuthi, weak); entries that list vessels (kly)",supports,neutral,neutral,A priestly custodian handed stored cult objects to the captor within days of the fall.,JOS-70-TEMPLE,"Whiston (Perseus, 1895 printing); Greek Niese 1895 checked for section limits",deliver to him certain of the precious things that had been reposited,War 6.387 (Whiston),SRC-PERSEUS-BJ-EN;SRC-PERSEUS-BJ-GRC;SRC-PUECH-2006,read,Niese 6.388 has the lampstands and gold vessels; 6.389 the veils and vestments. Puech 2006 p. 183 n. 151 cites War VI 387-89 for the Thebuthi link.
C02,"Josephus, War 6.390-391",c. 75-79 CE,70 CE,Jerusalem Temple (stores for the veil and incense),jer_temple,"priests' tunics and girdles; purple and scarlet kept for the veil; cinnamon, cassia and other spices for daily incense; other treasures and sacred ornaments",handed_over,"Phineas, the Temple treasurer (gazophylax), after capture",EVIDENCE,Contemporary report; single source.,"R12 (a named treasurer knew the stores; the stores included textiles and spices, not only metal)",supports,neutral,neutral,A captured treasurer showed the captor where stored Temple goods were.,JOS-70-TEMPLE,Whiston (Perseus); Greek Niese checked,"The treasurer of the temple also, whose name was Phineas",War 6.390 (Whiston),SRC-PERSEUS-BJ-EN;SRC-PERSEUS-BJ-GRC,read,Same Perseus chunk as C01 (Whiston prints 387-391 as one paragraph).
C03,"Josephus, War 6.282",c. 75-79 CE,70 CE,"Temple treasury chambers (gazophylakia), Jerusalem",jer_temple,"money, garments and other valuables; the wealthy had chambers for their goods there",destroyed,Roman soldiers (burning),EVIDENCE,Contemporary report.,"R12 (private wealth was deposited in Temple chambers, so a Temple-linked list could include private deposits)",neutral,neutral,neutral,Deposits in the treasury were burned in place; they were not hidden.,JOS-70-TEMPLE,Whiston (Perseus); Greek Niese checked,the entire riches of the Jews were heaped up together,War 6.282 (Whiston),SRC-PERSEUS-BJ-EN;SRC-PERSEUS-BJ-GRC,read,Whiston's chunk starts at 6.281.
C04,"Josephus, War 6.370-372 and 6.429-433",c. 75-79 CE,70 CE,"underground passages (hyponomoi, diorykes) of Jerusalem",,"valuables (keimelia) found in the passages; also more than 2,000 dead",recovered,Roman soldiers searching underground; John of Gischala surrendered from the passages,EVIDENCE,Contemporary report.,"Jerusalem entries that name conduits, pits or underground features; scenario of removal in antiquity",supports,neutral,neutral,"The Romans searched the underground passages, broke up the ground and found many valuables.",JOS-70-UNDERGROUND,Whiston (Perseus); Greek Niese checked,a great deal of treasure was found in these caverns,War 6.432 (Whiston),SRC-PERSEUS-BJ-EN;SRC-PERSEUS-BJ-GRC,read,6.370: the rebels expected not to be searched for underground. 6.429: the Romans searched the passages. No places_v1 id covers 'Jerusalem underground passages'.
C05,"Josephus, War 7.26-36",c. 75-79 CE,70 CE (after the fall of the upper city),an old hidden underground passage under the upper city; emergence where the Temple had stood,,"people, stone-cutters' iron tools and food; no valuables reported",hidden_people,Simon bar Giora and companions; Terentius Rufus captured him,EVIDENCE,Contemporary report.,Jerusalem underground passages as hiding places; 7.35 says his emergence led to many others being found underground,neutral,neutral,neutral,"It reports hiding of people in old passages and their discovery, not hiding of valuables.",JOS-70-UNDERGROUND,Whiston (Perseus); Greek Niese checked,appeared out of the ground in the place where the temple,War 7.29 (Whiston),SRC-PERSEUS-BJ-EN;SRC-PERSEUS-BJ-GRC,read,7.27: they followed an old dug passage and then mined where they met solid ground.
C06,"Josephus, War 7.113-115",c. 75-79 CE,70-71 CE (Titus passes Jerusalem on the way to Egypt),the ruins of Jerusalem,,"gold, silver and the most precious furnishings, which owners had buried against the chances of war",recovered,Roman soldiers; most found through information from captives,EVIDENCE,Contemporary report.,Scenario of removal in antiquity: recovery by informants applies to any hider taken alive,supports,neutral,neutral,"Buried private valuables were dug up, most of them located through captives' information.",JOS-70-RUINS,Whiston (Perseus); Greek Niese checked,the greatest part was discovered by those who were captives,War 7.115 (Whiston),SRC-PERSEUS-BJ-EN;SRC-PERSEUS-BJ-GRC,read,Greek 7.115 says the Romans recovered most 'from the information (menysis) of the captives'; Whiston's wording is looser. The account does not say all was found.
C07,"Josephus, War 7.148-152 and 7.158-162",c. 75-79 CE,71 CE (triumph); c. 75 CE (Temple of Peace),"Rome: the triumph, the Temple of Peace and the palace",,"golden table, golden lampstand, the Law, purple veils, other gold vessels from the Temple",removed,Vespasian and Titus,EVIDENCE,"Contemporary report; the Arch of Titus relief is separate physical evidence, not catalogued here.",R12 (which Temple objects are known to have left Jerusalem); scenario of removal,supports,neutral,neutral,Named Temple objects are reported in Rome after the war.,JOS-71-ROME,Whiston (Perseus); Greek Niese checked,golden vessels and instruments that were taken out of the Jewish temple,"War 7.161 (Whiston, within the 7.158 chunk)",SRC-PERSEUS-BJ-EN;SRC-PERSEUS-BJ-GRC,read,7.162: the Law and the purple veils were kept in the palace.
C08,"Josephus, Antiquities 18.85-89",c. 93-94 CE,c. 36 CE (end of Pilate's ten years),Mount Gerizim; the village Tirathana (Whiston: Tirathaba),gerizim,"'the sacred vessels', said to be buried there by Moses",claimed_buried,an unnamed Samaritan leader and an armed crowd; Pilate's cavalry and infantry blocked the ascent,CLAIM,The gathering and Pilate's attack are EVIDENCE (Josephus's report). The burial by Moses is the leader's CLAIM resting on a TRADITION.,"entry 57 (Mount Gerizim, XII 4-5); R05 (Gerizim features and their period use); R12 (the Gerizim entry and Samaritan links, Puech 2015 p. 17)",neutral,supports,supports,"Belief c. 36 CE that sacred vessels lay buried on Gerizim, with a famous hider; the search never reached the mountain.",JOS-SAMARITAN,Whiston (Perseus); Greek Niese checked,show them those sacred vessels which were laid under that place,Ant. 18.85 (Whiston),SRC-PERSEUS-AJ-EN;SRC-PERSEUS-AJ-GRC;SRC-MONTGOMERY-1907;SRC-REPO-PHASE5,read,"Sections: 85 the claim (Greek katororygmena, 'buried'); 86 Tirathana; 87 Pilate's attack; 88-89 the Samaritan council accuses Pilate before Vitellius and Pilate is sent to Rome. Milik DJD III p. 274 and Hogenhaven p. 86 n. 84 already cite this passage (tables/phase5_reports.csv)."
C09,"Josephus, Antiquities 14.105-109",c. 93-94 CE,54 BCE,Jerusalem Temple,jer_temple,"a beam of beaten gold of 300 minae, hidden inside a hollow wooden beam; then all the Temple gold",hidden;handed_over;removed,"Eleazar, priest and guardian of the treasures, alone knew; Crassus took it and then the rest",EVIDENCE,Report written about 150 years after the event; Josephus used earlier histories.,R12 (a single custodian knew a concealed item; weights in minae and talents),supports,neutral,neutral,A concealed Temple valuable was revealed by its custodian under pressure and taken.,JOS-CRASSUS,Whiston (Perseus); Greek Niese checked,this beam was contained in a wooden beam that was hollow,Ant. 14.108 (Whiston),SRC-PERSEUS-AJ-EN;SRC-PERSEUS-AJ-GRC,read,
C10,"Josephus, War 1.61; Antiquities 7.392-394; 13.249; 16.179-183",c. 75-94 CE,"c. 134-133 BCE (John Hyrcanus I); Herod, date not given","the tomb of David, Jerusalem",,"3,000 talents of silver (Hyrcanus); gold furnishings and precious goods (Herod)",recovered,"John Hyrcanus I; later Herod, by night with a few friends",EVIDENCE,"Historian's report of rulers' acts; the flame that killed two guards is hearsay ('as the report was', 16.182).",tomb and monument entries in the scroll; shows that tomb deposits were opened by later rulers,supports,neutral,neutral,Valuables believed to lie in a tomb were removed by later rulers who knew of them.,JOS-DAVID-TOMB,Whiston (Perseus); Greek Niese checked,"opened one room of David's sepulcher, and took out three thousand talents",Ant. 7.393 (Whiston),SRC-PERSEUS-AJ-EN;SRC-PERSEUS-AJ-GRC;SRC-PERSEUS-BJ-EN;SRC-PERSEUS-BJ-GRC,read,"16.181: Herod found no stored money, only gold ornaments and valuables. 7.394: the royal bodies were buried so that visitors could not see them. Herod built a white-stone monument at the tomb mouth (16.182)."
C11,1 Maccabees 1:20-24,c. 100 BCE,169 BCE,the Jerusalem sanctuary,jer_temple,"golden altar, lampstand, table, vessels, veil; silver, gold and 'the hidden treasures'",recovered;removed,Antiochus IV,EVIDENCE,Near-contemporary narrative.,scenario of removal: conquerors searched for hidden Temple treasure,supports,neutral,neutral,A conqueror found and took hidden Temple treasures.,MACC-1,"KJV Apocrypha (1611), Wikisource",he took the hidden treasures which he found,1 Macc 1:23 (KJV),SRC-KJV-MACC,read,
C12,"2 Maccabees 1:19-22, 1:31-34","second letter prefixed to 2 Macc (1:10-2:18); date disputed, 2nd-1st c. BCE",set at the Babylonian exile and Nehemiah's return,"a dry pit (a hollow place of a pit without water), not located",,the fire of the altar (found as thick water),hidden;recovered,"devout priests hid it; their descendants, sent by Nehemiah, recovered it",TRADITION,Legend in a festal letter.,"entries that use dry cisterns or pits (bwr, syt) as hiding places",supports,neutral,supports,Hiders' descendants are said to know and reopen the place; the story is miraculous.,MACC-2-LETTERS,"KJV Apocrypha (1611), Wikisource",hid it in an hollow place of a pit without water,2 Macc 1:19 (KJV),SRC-KJV-MACC,read,1:33-34: the king of Persia enclosed the place and made it holy.
C13,2 Maccabees 2:1-8,"second letter prefixed to 2 Macc (1:10-2:18); date disputed, 2nd-1st c. BCE",set at the Babylonian conquest,"a cave on the mountain Moses climbed (Nebo, east of the Jordan)",,"the tabernacle (tent), the ark and the altar of incense",hidden;searched_not_found,Jeremiah; some followers tried to mark the way and failed,TRADITION,Legend; 2:1 and 2:4 say it is 'found in the records'.,scenario of a failed search; R12 (a tradition of written records of a hiding),neutral,supports,supports,Belief that the objects stay hidden until the end time; a famous hider; an immediate search failed.,MACC-2-LETTERS,"KJV Apocrypha (1611), Wikisource","came to mark the way, but they could not find it",2 Macc 2:6 (KJV),SRC-KJV-MACC;SRC-HARRIS-1889,read,Harris 1889 pp. 22-23 compares this account with 2 Baruch and 4 Baruch.
C14,2 Baruch 6:7-10 and 80:2,c. 100 CE (after 70 CE),set at the Babylonian conquest,"the Holy of Holies, Jerusalem",jer_temple,"veil, ark, mercy-seat, two tables, priests' raiment, altar of incense, 48 precious stones, the holy vessels of the tabernacle",hidden,an angel; the earth swallows them until the last times,TRADITION,Apocalypse written after 70 CE and set in 587 BCE.,"scenario of a legendary list; contrasts with the scroll, which names no famous objects (T08)",neutral,supports,supports,Belief that the Temple objects are kept hidden by supernatural means for the restoration.,BARUCH,"R. H. Charles, APOT II (1913)",And the earth opened its mouth and swallowed them up,"2 Bar 6:10 (Charles, APOT II p. 483)",SRC-CHARLES-APOT2,read,"80:2: the angels 'hid all the vessels of the sanctuary' (APOT II p. 521, page read from OCR running numbers). Already used as a legendary comparison corpus in T08."
C15,4 Baruch (Paralipomena of Jeremiah) 3,early 2nd c. CE (Harris 1889 argues 136 CE),set at the Babylonian conquest,the Jerusalem sanctuary,jer_temple,the holy vessels of the service,hidden,Jeremiah and Baruch deliver them to the earth,TRADITION,Christian reworking that depends on 2 Baruch (Harris 1889 pp. 18-23).,scenario of a legendary list,neutral,supports,supports,Belief that the vessels were committed to the earth by famous hiders.,BARUCH,J. R. Harris 1889 (introduction in English; Greek text),this hiding of the vessels to be done by Jeremiah and Baruch,Harris 1889 p. 18,SRC-HARRIS-1889,read,"The Greek of chapter III in the archive.org OCR is not legible enough to verify verse numbers; the quote is Harris's summary, not the ancient text."
C16,"Eupolemus, in Eusebius, Praeparatio Evangelica 9.39.5 (via Alexander Polyhistor)",Eupolemus c. 158 BCE; Eusebius c. 313 CE,set at the Babylonian conquest,the Jerusalem Temple,jer_temple,the ark and the tablets in it,hidden,Jeremiah retained them,TRADITION,Fragment of a Hellenistic Jewish historian.,scenario of a legendary list (earliest dated form of the Jeremiah tradition in this catalogue),neutral,supports,supports,Belief that the ark escaped the conquerors in Jeremiah's keeping.,JEREMIAH-ARK,E. H. Gifford 1903 (tertullian.org),except the Ark and the tables that were in it,PE 9.39 (Gifford),SRC-GIFFORD-PE9,read,"Gifford's chapter XXXIX; the section number 9.39.5 follows the standard numbering, which this web text does not print."
C17,Ezra 1:7-11,c. 4th c. BCE,set in 538 BCE,from Babylon to Jerusalem,,"30 gold chargers, 1,000 silver chargers, 29 knives, 30 gold basins, 410 silver basins, 1,000 other vessels; total given as 5,400",returned,"Cyrus, by Mithredath the treasurer, counted to Sheshbazzar",TRADITION,Biblical narrative in inventory form.,R12 (an inventory of Temple vessels with counts and a stated total; a candidate addition to T08's comparison corpora),neutral,neutral,neutral,"A restitution inventory, not a hiding or recovery account.",EZRA,"KJV (1611), Wikisource",And this is the number of them,Ezra 1:9 (KJV),SRC-KJV-EZRA,read,"INFERENCE (arithmetic): the listed items sum to 2,499, not the stated 5,400."
C18,Ezra 8:24-34,c. 4th c. BCE,set in Ezra's journey (5th c. BCE),"from the river Ahava to the chambers of the Temple, Jerusalem",jer_temple,"650 talents of silver, silver vessels of 100 talents, 100 talents of gold, 20 gold basins of 1,000 drams (KJV), two vessels of fine copper",transferred,Ezra weighed them to twelve priests; they were weighed again in the Temple,TRADITION,Biblical narrative with a weighed custody transfer.,"R12 (custody inventory with weights, re-weighed and written down at the Temple)",neutral,neutral,neutral,"A custody transfer, not a hiding or recovery account.",EZRA,"KJV (1611), Wikisource",By number and by weight of every one,Ezra 8:34 (KJV),SRC-KJV-EZRA,read,8:34: 'all the weight was written at that time'.
C19,Mishnah Sheqalim 6:1-2,c. 200 CE,tradition about the First Temple ark; incident undated,opposite the wood store (dir ha-etsim) in the Temple,jer_temple,the ark,hidden;search_aborted,a priest saw an odd paving stone and died before he could tell,TRADITION,Rabbinic tradition handed down in priestly families.,Temple-area entries; a find that was not followed up,neutral,supports,supports,Belief that the ark lies hidden under the Temple; the only finder died at once.,ARK-RABBINIC,"Hebrew text (Torat Emet, public domain), via Sefaria",מָסֹרֶת בְּיָדָם מֵאֲבוֹתֵיהֶם שֶׁשָּׁם הָאָרוֹן נִגְנַז,m. Sheqalim 6:1,SRC-SEFARIA,read,y. Sheqalim 6:1 repeats the mishnah (see C22).
C20,Mishnah Yoma 5:2,c. 200 CE,after the ark was taken,the Holy of Holies (the foundation stone),jer_temple,the ark (absent); a stone called Shetiyah,removed,not stated,TRADITION,Rabbinic description of the Second Temple sanctuary.,"Temple-area entries; shows the Mishnah says the ark was 'taken', not where",neutral,neutral,neutral,It states only that the ark was taken away.,ARK-RABBINIC,"Hebrew text (Torat Emet, public domain), via Sefaria",מִשֶּׁנִּטַּל הָאָרוֹן,m. Yoma 5:2,SRC-SEFARIA,read,
C21,Tosefta Yoma 2:15 (Lieberman); Babylonian Talmud Horayot 12a,Tosefta c. 250 CE; Bavli c. 500-600 CE,set under King Josiah,"the Temple (Bavli: 'the house that Solomon built', 2 Chr 35:3)",jer_temple,"the ark with the jar of manna, the flask of anointing oil, Aaron's staff and the Philistines' chest",hidden,Josiah (Bavli Horayot 12a),TRADITION,Rabbinic tradition.,Temple-area entries; Vendyl Jones's searches for the anointing oil (searches.csv S12),neutral,supports,supports,Belief that famous objects were hidden together with the ark by a king.,ARK-RABBINIC,"Tosefta: codex Vienna text (Lieberman, CC BY), via Sefaria",משנגנז ארון נגנזו עמו,t. Yoma 2:15 (Lieberman),SRC-SEFARIA,read,The Bavli passage was read in the Sefaria Hebrew/Aramaic and English (CC BY-NC); nothing is quoted from that edition.
C22,Jerusalem Talmud Sheqalim 6:1; Babylonian Talmud Yoma 53b-54a,Yerushalmi c. 400 CE; Bavli c. 500-600 CE,tradition about the First Temple ark,"Jerusalem Temple, or Babylon",jer_temple,the ark,removed;hidden,Nebuchadnezzar (one view); hidden in place (the other view),TRADITION,Recorded rabbinic dispute.,Temple-area entries,supports,supports,neutral,One view: the ark was carried to Babylon; the other: it is hidden in its place (belief).,ARK-RABBINIC,"Yerushalmi Hebrew (Guggenheimer edition, CC BY), via Sefaria",בִּמְקוֹמוֹ הָיָה הָאָרוֹן גָּנוּז,y. Sheqalim 6:1 (halakha),SRC-SEFARIA,read,Bavli Yoma 53b-54a gives the same dispute (R. Shimon b. Yohai: to Babylon; R. Yehudah b. Laqish: hidden in its place).
C23,Tosefta Sotah 13:1,c. 250 CE,set at the building of the First Temple,not stated,,"the Tent of Meeting with its boards, clasps, bars, pillars and sockets",hidden,not stated,TRADITION,Rabbinic tradition.,scenario of a legendary list,neutral,supports,supports,"Belief that a famous sacred structure was hidden away, not destroyed.",ARK-RABBINIC,"Hebrew text (Mechon Mamre, public domain), via Sefaria",משנבנה בית ראשון נגנז אוהל מועד,t. Sotah 13:1,SRC-SEFARIA,read,
C24,Treatise of the Vessels (Massekhet Kelim),late antique or early medieval; date disputed,set at the Babylonian conquest,"several hiding places with names (for example 'Ein Kahal', m. 10)",,"Temple vessels and treasures, with large round amounts",hidden,named hiders (not re-read here),TRADITION,Legendary list; already coded as a comparison corpus in T08.,"R12 (T08: the scroll's amounts look like genuine lists, not this legend); scenario of a legendary list",neutral,supports,supports,A legendary list of hidden Temple treasure that says it was written on copper.,TREATISE,"Hebrew, Jellinek's printing (as checked by T08)",על לוח נחושת,"Treatise m. 2 (Jellinek pp. 88-90, per T08)",SRC-REPO-T08,via_repo,Do not double-count with T08. The resemblance of 'Ein Kahal' to the scroll's Kohlit is T08's agent's observation only.
C25,"Procopius, Wars 4.9.5-9",c. 550 CE,534 CE,Constantinople (triumph); then the Christian sanctuaries in Jerusalem,,"'the treasures of the Jews' among the Vandal booty, said to be those Titus brought to Rome",removed;returned,Belisarius's triumph; Justinian sent them to Jerusalem,CLAIM,The triumph is EVIDENCE from a contemporary; the identity of the objects with the Temple spoils is a CLAIM.,R12 (later history of the Temple objects taken in 70 CE),supports,neutral,neutral,It continues the record of Temple objects removed in antiquity.,PROCOPIUS,"H. B. Dewing, Loeb 1916 (Project Gutenberg 16765)",quickly sent everything to the sanctuaries of the Christians in Jerusalem,Wars 4.9 (Dewing; sections 5-9 per the Loeb numbering),SRC-PROCOPIUS,read,The Gutenberg text does not print section numbers.
C26,"Samaritan tradition of the vessels hidden on Gerizim (Panuta), as summarised by Montgomery 1907","Samaritan chronicles, medieval (tradition older; date unknown)",set at the end of the age of divine favour,Mount Gerizim,gerizim,the holy vessels,hidden,not stated in the summary,TRADITION,Samaritan eschatology; the Taheb is to reveal what is hidden (Montgomery p. 243).,entry 57; C08,neutral,supports,supports,Belief that sacred vessels lie hidden on Gerizim until a revealer comes.,SAMARITAN-TRAD,"J. A. Montgomery, The Samaritans (1907)","on Gerizim, the holy vessels were hidden away",Montgomery 1907 p. 241,SRC-MONTGOMERY-1907,read,Primary Samaritan chronicles not read. Montgomery p. 243 takes the 36 CE episode (C08) as early evidence for this belief.
C27,Jerusalem Talmud Avodah Zarah 44d; Genesis Rabbah 81 (as cited by Montgomery 1907),c. 400-500 CE,anecdote set in the 2nd c. CE,Mount Gerizim,gerizim,idols said to be hidden under Gerizim by Jacob (Gen 35:4),claimed_buried,Jacob (in the polemic); R. Ishmael b. Yose makes the charge,TRADITION,Jewish polemic against Samaritans.,entry 57; a second 'objects hidden under Gerizim' motif,neutral,neutral,supports,It attaches a hidden-objects motif to Gerizim in rabbinic polemic.,SAMARITAN-TRAD,Montgomery 1907 (secondary summary),worshipping the idols hidden under Gerizim,Montgomery 1907 p. 168,SRC-MONTGOMERY-1907,via_secondary,Primary texts not read in this round.
