source_id,file,url,bytes,sha256,retrieved
SRC-PERSEUS-AJ-EN,perseus/AJ13_249.html,https://www.perseus.tufts.edu/hopper/text?doc=Perseus%3Atext%3A1999.01.0146%3Abook%3D13%3Asection%3D249,244113,faa98cf084d6f2f91cf76e17c448b4a03da47847aa7267fe780f8548695b544b,2026-10-09
SRC-PERSEUS-AJ-EN,perseus/AJ14_105.html,https://www.perseus.tufts.edu/hopper/text?doc=Perseus%3Atext%3A1999.01.0146%3Abook%3D14%3Asection%3D105,249121,f7a54f4c155947057ada40b7d9e9fd4c606d5af71269f8db539744ccae515970,2026-10-09
SRC-PERSEUS-AJ-EN,perseus/AJ16_179.html,https://www.perseus.tufts.edu/hopper/text?doc=Perseus%3Atext%3A1999.01.0146%3Abook%3D16%3Asection%3D179,239646,8259c2827ced65911e2f7a7df2b1ae91096346c52974f6e67f6f161003b700b6,2026-10-09
SRC-PERSEUS-AJ-EN,perseus/AJ18_85.html,https://www.perseus.tufts.edu/hopper/text?doc=Perseus%3Atext%3A1999.01.0146%3Abook%3D18%3Asection%3D85,236395,7d5f6df55b090773de6b7326807321c14e562bc1a72417b20f6857557bd8dc1a,2026-10-09
SRC-PERSEUS-AJ-GRC,perseus/AJ18_85_grc.html,https://www.perseus.tufts.edu/hopper/text?doc=Perseus%3Atext%3A1999.01.0145%3Abook%3D18%3Asection%3D85,1139641,d6f755ef81a0b846576cd950e3cc8dbc16fc1ad6a81e04306c8bee027532045c,2026-10-09
SRC-PERSEUS-AJ-EN,perseus/AJ7_392.html,https://www.perseus.tufts.edu/hopper/text?doc=Perseus%3Atext%3A1999.01.0146%3Abook%3D7%3Asection%3D392,240648,f0b9c5827a14f8abb9206e50f495e254daa157b8980792b0c8e1e7573d85a60f,2026-10-09
SRC-PERSEUS-BJ-EN,perseus/BJ1_61.html,https://www.perseus.tufts.edu/hopper/text?doc=Perseus%3Atext%3A1999.01.0148%3Abook%3D1%3Asection%3D61,170303,1c1d00866f71fac5092e19d8271b09b83f80ea47f8f710fcf11d5d5392f7766f,2026-10-09
SRC-PERSEUS-BJ-EN,perseus/BJ6_281.html,https://www.perseus.tufts.edu/hopper/text?doc=Perseus%3Atext%3A1999.01.0148%3Abook%3D6%3Asection%3D281,129891,94e99f946c452bd51024e6a16ea20fc90971aa88c1fa797d160424ecde161d32,2026-10-09
SRC-PERSEUS-BJ-EN,perseus/BJ6_370.html,https://www.perseus.tufts.edu/hopper/text?doc=Perseus%3Atext%3A1999.01.0148%3Abook%3D6%3Asection%3D370,128971,ff6d700d428e61db765a1efa5ca3209184e515729c0058862b25475152768e7b,2026-10-09
SRC-PERSEUS-BJ-EN,perseus/BJ6_387.html,https://www.perseus.tufts.edu/hopper/text?doc=Perseus%3Atext%3A1999.01.0148%3Abook%3D6%3Asection%3D387,129583,d5401cf200bfc4199cfc8b872730839b2538b1e7d7528b567451de6810aec783,2026-10-09
SRC-PERSEUS-BJ-GRC,perseus/BJ6_387_grc.html,https://www.perseus.tufts.edu/hopper/text?doc=Perseus%3Atext%3A1999.01.0147%3Abook%3D6%3Asection%3D387,672125,c8b602e2fd95db877393021cab7290c86339691f3ccb8cd78961a1bf6d41539f,2026-10-09
SRC-PERSEUS-BJ-EN,perseus/BJ6_427.html,https://www.perseus.tufts.edu/hopper/text?doc=Perseus%3Atext%3A1999.01.0148%3Abook%3D6%3Asection%3D427,129810,aeb40f84a62a740719dd143a43a29e3fe1e47db6d987cb9a3b61d9d0fbf27566,2026-10-09
SRC-PERSEUS-BJ-EN,perseus/BJ7_100.html,https://www.perseus.tufts.edu/hopper/text?doc=Perseus%3Atext%3A1999.01.0148%3Abook%3D7%3Asection%3D100,129768,c21081920c8c9d2d228b837b4f39892da1b9cca5565309d18bbc757083a8f59f,2026-10-09
SRC-PERSEUS-BJ-EN,perseus/BJ7_132.html,https://www.perseus.tufts.edu/hopper/text?doc=Perseus%3Atext%3A1999.01.0148%3Abook%3D7%3Asection%3D132,132436,19add08e8bcc3078b8f169a6701522224d4cb1dfb650b9a4b1b9bef3caf6725b,2026-10-09
SRC-PERSEUS-BJ-EN,perseus/BJ7_158.html,https://www.perseus.tufts.edu/hopper/text?doc=Perseus%3Atext%3A1999.01.0148%3Abook%3D7%3Asection%3D158,127555,5a17d47b11121008ff2f2b46229a5e79a062627b3c98490e145229584d16d00f,2026-10-09
SRC-PERSEUS-BJ-EN,perseus/BJ7_26.html,https://www.perseus.tufts.edu/hopper/text?doc=Perseus%3Atext%3A1999.01.0148%3Abook%3D7%3Asection%3D26,130252,adec536210aaa758a80769f5c0438250044cefc1a7ae20c40b4958e4d153e9b5,2026-10-09
SRC-PERSEUS-AJ-GRC,perseus_grc/AJ13_249.html,https://www.perseus.tufts.edu/hopper/text?doc=Perseus%3Atext%3A1999.01.0145%3Abook%3D13%3Asection%3D249,1147754,b256222c6aa4b3c4677541be12fc92ec7ed346bd1177f4f6841d3224ccff1204,2026-10-09
SRC-PERSEUS-AJ-GRC,perseus_grc/AJ14_105.html,https://www.perseus.tufts.edu/hopper/text?doc=Perseus%3Atext%3A1999.01.0145%3Abook%3D14%3Asection%3D105,1163239,ae9abf01989705836cebed184c4bbc68353c340454d3fcdb0fe321ba44160d30,2026-10-09
SRC-PERSEUS-AJ-GRC,perseus_grc/AJ14_106.html,https://www.perseus.tufts.edu/hopper/text?doc=Perseus%3Atext%3A1999.01.0145%3Abook%3D14%3Asection%3D106,1161891,846c09bcfa0113d9e46ed68228c2beee7ed26cb0abd447c0f4254a31768e46b3,2026-10-09
SRC-PERSEUS-AJ-GRC,perseus_grc/AJ14_107.html,https://www.perseus.tufts.edu/hopper/text?doc=Perseus%3Atext%3A1999.01.0145%3Abook%3D14%3Asection%3D107,1164888,60bfe04d1f0984ecc89955829bfc3b3b5e392944ece52efeacefc96f6586291a,2026-10-09
SRC-PERSEUS-AJ-GRC,perseus_grc/AJ14_108.html,https://www.perseus.tufts.edu/hopper/text?doc=Perseus%3Atext%3A1999.01.0145%3Abook%3D14%3Asection%3D108,1163171,b57942cfd988b06116a127e7e506709820f464e54093a1379066e1e00dfb12f1,2026-10-09
SRC-PERSEUS-AJ-GRC,perseus_grc/AJ14_109.html,https://www.perseus.tufts.edu/hopper/text?doc=Perseus%3Atext%3A1999.01.0145%3Abook%3D14%3Asection%3D109,1160321,5816dc4926c0152416bbcdc53029d45eed5d89191cbeaa0ff9c31944ef6a0a37,2026-10-09
SRC-PERSEUS-AJ-GRC,perseus_grc/AJ16_179.html,https://www.perseus.tufts.edu/hopper/text?doc=Perseus%3Atext%3A1999.01.0145%3Abook%3D16%3Asection%3D179,1145407,721ffadb9e7ef81f29d0920a4c8395615e5c3712012b61babd066e6d23ace516,2026-10-09
SRC-PERSEUS-AJ-GRC,perseus_grc/AJ16_181.html,https://www.perseus.tufts.edu/hopper/text?doc=Perseus%3Atext%3A1999.01.0145%3Abook%3D16%3Asection%3D181,1142962,a97fc7963e5efca641bfee2c4423b05a8b8986b737e1cc4930fb841199523574,2026-10-09
SRC-PERSEUS-AJ-GRC,perseus_grc/AJ16_182.html,https://www.perseus.tufts.edu/hopper/text?doc=Perseus%3Atext%3A1999.01.0145%3Abook%3D16%3Asection%3D182,1141514,524e25a0ee70627404be484f7ba66e8a0e04653a055d3b545284be0bcf3a337f,2026-10-09
SRC-PERSEUS-AJ-GRC,perseus_grc/AJ16_183.html,https://www.perseus.tufts.edu/hopper/text?doc=Perseus%3Atext%3A1999.01.0145%3Abook%3D16%3Asection%3D183,1141272,e786a4618eb488336f9a3d7895d36a22403f643f03a957eb3696915401c78e40,2026-10-09
SRC-PERSEUS-AJ-GRC,perseus_grc/AJ18_85.html,https://www.perseus.tufts.edu/hopper/text?doc=Perseus%3Atext%3A1999.01.0145%3Abook%3D18%3Asection%3D85,1139641,d6f755ef81a0b846576cd950e3cc8dbc16fc1ad6a81e04306c8bee027532045c,2026-10-09
SRC-PERSEUS-AJ-GRC,perseus_grc/AJ18_86.html,https://www.perseus.tufts.edu/hopper/text?doc=Perseus%3Atext%3A1999.01.0145%3Abook%3D18%3Asection%3D86,1135463,52c9fb846e5cc12cf129cb69c1f8f73ba6d5a3a6617d759e9ed33415926a533e,2026-10-09
SRC-PERSEUS-AJ-GRC,perseus_grc/AJ18_87.html,https://www.perseus.tufts.edu/hopper/text?doc=Perseus%3Atext%3A1999.01.0145%3Abook%3D18%3Asection%3D87,1137923,124ac54320abb19026a9dbf72f6aa3b881d2b85b1a78712ee392bbf261be5af9,2026-10-09
SRC-PERSEUS-AJ-GRC,perseus_grc/AJ18_88.html,https://www.perseus.tufts.edu/hopper/text?doc=Perseus%3Atext%3A1999.01.0145%3Abook%3D18%3Asection%3D88,1137986,a524781465011191dfe54a1cb7f5bc1fd3a1fdf49ff041ed405f9294a5e4e53b,2026-10-09
SRC-PERSEUS-AJ-GRC,perseus_grc/AJ18_89.html,https://www.perseus.tufts.edu/hopper/text?doc=Perseus%3Atext%3A1999.01.0145%3Abook%3D18%3Asection%3D89,1139244,d3eb3b0088f17215760a3dfa719db44818601c623f75ecf99ac15fa96060521a,2026-10-09
SRC-PERSEUS-AJ-GRC,perseus_grc/AJ7_392.html,https://www.perseus.tufts.edu/hopper/text?doc=Perseus%3Atext%3A1999.01.0145%3Abook%3D7%3Asection%3D392,1140507,9e0af4a89396fa11f45748135c0076fc951f2d5bb72cd7dff3e5693079fec28f,2026-10-09
SRC-PERSEUS-AJ-GRC,perseus_grc/AJ7_393.html,https://www.perseus.tufts.edu/hopper/text?doc=Perseus%3Atext%3A1999.01.0145%3Abook%3D7%3Asection%3D393,1143800,cb638588e841623cb656af67f1281913a98618a2b1950add9c6b938fa351f6b0,2026-10-09
SRC-PERSEUS-AJ-GRC,perseus_grc/AJ7_394.html,https://www.perseus.tufts.edu/hopper/text?doc=Perseus%3Atext%3A1999.01.0145%3Abook%3D7%3Asection%3D394,1141866,8645a9ba8fc3df013d6d72f9982d7ec15e50bbefe1eb6e84d1d34be3b55669e2,2026-10-09
SRC-PERSEUS-BJ-GRC,perseus_grc/BJ1_61.html,https://www.perseus.tufts.edu/hopper/text?doc=Perseus%3Atext%3A1999.01.0147%3Abook%3D1%3Asection%3D61,729491,96122515a5bf1b649476946b4893368c11e5d68aa29ceabbc93cc864a9f13c49,2026-10-09
SRC-PERSEUS-BJ-GRC,perseus_grc/BJ6_282.html,https://www.perseus.tufts.edu/hopper/text?doc=Perseus%3Atext%3A1999.01.0147%3Abook%3D6%3Asection%3D282,672288,6530acafae11e96766b7ff0ac8d4ca22260a4d1f7fa2a95aadfabacfca9bfbe7,2026-10-09
SRC-PERSEUS-BJ-GRC,perseus_grc/BJ6_370.html,https://www.perseus.tufts.edu/hopper/text?doc=Perseus%3Atext%3A1999.01.0147%3Abook%3D6%3Asection%3D370,673409,b0e6ea662a8127455c3ec778745e87bc5fbdef93851d2eb76d22a36728184250,2026-10-09
SRC-PERSEUS-BJ-GRC,perseus_grc/BJ6_371.html,https://www.perseus.tufts.edu/hopper/text?doc=Perseus%3Atext%3A1999.01.0147%3Abook%3D6%3Asection%3D371,669525,fa071af2a1496a0dc0f79421702d9b005696ee16dacf4429a30345aff2367ca5,2026-10-09
SRC-PERSEUS-BJ-GRC,perseus_grc/BJ6_372.html,https://www.perseus.tufts.edu/hopper/text?doc=Perseus%3Atext%3A1999.01.0147%3Abook%3D6%3Asection%3D372,672835,e62fa0a2d16d6952eb2b37c2815eeeb7a2d18ceef5093a851cba38fefa6c990d,2026-10-09
SRC-PERSEUS-BJ-GRC,perseus_grc/BJ6_388.html,https://www.perseus.tufts.edu/hopper/text?doc=Perseus%3Atext%3A1999.01.0147%3Abook%3D6%3Asection%3D388,671418,db92acccac7e4a350cd47d3f9f7dc35ccff2a90f6e6f7d0a9a8e0f60259c39c2,2026-10-09
SRC-PERSEUS-BJ-GRC,perseus_grc/BJ6_389.html,https://www.perseus.tufts.edu/hopper/text?doc=Perseus%3Atext%3A1999.01.0147%3Abook%3D6%3Asection%3D389,670629,bca80ff41b6470a53f5289ad1e1f6eb8afb182288cc0f0825814591cec3b81da,2026-10-09
SRC-PERSEUS-BJ-GRC,perseus_grc/BJ6_390.html,https://www.perseus.tufts.edu/hopper/text?doc=Perseus%3Atext%3A1999.01.0147%3Abook%3D6%3Asection%3D390,674718,b48fd55ceeee6f83343fb575081488e5329b65d6731fde3968f1afe0b081e51a,2026-10-09
SRC-PERSEUS-BJ-GRC,perseus_grc/BJ6_391.html,https://www.perseus.tufts.edu/hopper/text?doc=Perseus%3Atext%3A1999.01.0147%3Abook%3D6%3Asection%3D391,670964,a82a274913739c9d2ba5643a0970786ffac5d9d1f3b8cf7d4c7656833d5981da,2026-10-09
SRC-PERSEUS-BJ-GRC,perseus_grc/BJ6_429.html,https://www.perseus.tufts.edu/hopper/text?doc=Perseus%3Atext%3A1999.01.0147%3Abook%3D6%3Asection%3D429,672913,4d8a4cebff8399847b03c6160a5ff4d9172adf17ce2ea2e8c370540eaf256b3f,2026-10-09
SRC-PERSEUS-BJ-GRC,perseus_grc/BJ6_430.html,https://www.perseus.tufts.edu/hopper/text?doc=Perseus%3Atext%3A1999.01.0147%3Abook%3D6%3Asection%3D430,670747,964358e06ce0ab53a56b22dae0b54aa99ad01b6ec62cc4dcd65d8b67b88d63e2,2026-10-09
SRC-PERSEUS-BJ-GRC,perseus_grc/BJ6_431.html,https://www.perseus.tufts.edu/hopper/text?doc=Perseus%3Atext%3A1999.01.0147%3Abook%3D6%3Asection%3D431,670782,2906de336fabb86e6e4943f86c45fa8784a03a1ac62125c7a153e2253e7beff3,2026-10-09
SRC-PERSEUS-BJ-GRC,perseus_grc/BJ6_432.html,https://www.perseus.tufts.edu/hopper/text?doc=Perseus%3Atext%3A1999.01.0147%3Abook%3D6%3Asection%3D432,671922,418d18a92507f1ff18f51cc5337ecf16704bc17dc0f09155e7243ccd6bb48623,2026-10-09
SRC-PERSEUS-BJ-GRC,perseus_grc/BJ6_433.html,https://www.perseus.tufts.edu/hopper/text?doc=Perseus%3Atext%3A1999.01.0147%3Abook%3D6%3Asection%3D433,673553,6b3de0481343e54fa1ff3bb14766c7eda4fef77023fcaf41b97ff585464a0d3c,2026-10-09
SRC-PERSEUS-BJ-GRC,perseus_grc/BJ7_113.html,https://www.perseus.tufts.edu/hopper/text?doc=Perseus%3Atext%3A1999.01.0147%3Abook%3D7%3Asection%3D113,678006,d50979906b24dcba5da4f9c2c93d31ff4a5b788739e4372bbc5ea57c88af79b4,2026-10-09
SRC-PERSEUS-BJ-GRC,perseus_grc/BJ7_114.html,https://www.perseus.tufts.edu/hopper/text?doc=Perseus%3Atext%3A1999.01.0147%3Abook%3D7%3Asection%3D114,672855,f2c35371db870d6b04a9b602930e8aeee19702efa245879dffca3e099f7927e7,2026-10-09
SRC-PERSEUS-BJ-GRC,perseus_grc/BJ7_115.html,https://www.perseus.tufts.edu/hopper/text?doc=Perseus%3Atext%3A1999.01.0147%3Abook%3D7%3Asection%3D115,676483,5b862aa4ae9f99654907cdfdc76846fd692a355fb76396bfcbf740c486ac60b2,2026-10-09
SRC-PERSEUS-BJ-GRC,perseus_grc/BJ7_116.html,https://www.perseus.tufts.edu/hopper/text?doc=Perseus%3Atext%3A1999.01.0147%3Abook%3D7%3Asection%3D116,674086,40b90a4bfd212140464569f65529e280e023548c9d7ce717ad68cfefc781e38e,2026-10-09
SRC-PERSEUS-BJ-GRC,perseus_grc/BJ7_148.html,https://www.perseus.tufts.edu/hopper/text?doc=Perseus%3Atext%3A1999.01.0147%3Abook%3D7%3Asection%3D148,677433,be9d1a510cc0adc1bb49ae4606b4358ed276c3cd337d53402c14acd46e0f8a12,2026-10-09
SRC-PERSEUS-BJ-GRC,perseus_grc/BJ7_150.html,https://www.perseus.tufts.edu/hopper/text?doc=Perseus%3Atext%3A1999.01.0147%3Abook%3D7%3Asection%3D150,672523,398743740adc614f969b6dd1b751c335cc397f2afb7da9512f8ee5139752124a,2026-10-09
SRC-PERSEUS-BJ-GRC,perseus_grc/BJ7_152.html,https://www.perseus.tufts.edu/hopper/text?doc=Perseus%3Atext%3A1999.01.0147%3Abook%3D7%3Asection%3D152,674036,3f77b7e647a76da2b727588d5f9796020a99b588c3e978cf82ad4adf38316e33,2026-10-09
SRC-PERSEUS-BJ-GRC,perseus_grc/BJ7_158.html,https://www.perseus.tufts.edu/hopper/text?doc=Perseus%3Atext%3A1999.01.0147%3Abook%3D7%3Asection%3D158,675613,81233abb6b67201df3067ed984c55ed7a6c83712d8f05ce1490f793df20bde30,2026-10-09
SRC-PERSEUS-BJ-GRC,perseus_grc/BJ7_161.html,https://www.perseus.tufts.edu/hopper/text?doc=Perseus%3Atext%3A1999.01.0147%3Abook%3D7%3Asection%3D161,673064,18d36c1bbfecbd4b7f8d832ed9172520c4603bb4255ba7b5e0bb070d2adb7f1e,2026-10-09
SRC-PERSEUS-BJ-GRC,perseus_grc/BJ7_162.html,https://www.perseus.tufts.edu/hopper/text?doc=Perseus%3Atext%3A1999.01.0147%3Abook%3D7%3Asection%3D162,673219,78c9decec10105b1f7782735b8357a46d5d44fce4b078f7ecf9d8ce94e43b06d,2026-10-09
SRC-PERSEUS-BJ-GRC,perseus_grc/BJ7_26.html,https://www.perseus.tufts.edu/hopper/text?doc=Perseus%3Atext%3A1999.01.0147%3Abook%3D7%3Asection%3D26,680410,6ab906b1c33e0927e977d99a908e8a33fa179d15e5e4ab2e03c4dd07c49f64b6,2026-10-09
SRC-PERSEUS-BJ-GRC,perseus_grc/BJ7_27.html,https://www.perseus.tufts.edu/hopper/text?doc=Perseus%3Atext%3A1999.01.0147%3Abook%3D7%3Asection%3D27,675172,6397a62ce854a4f6db1327a5263b7ec6fd856af10bf5acf8c80b3ff3ce1399d5,2026-10-09
SRC-PERSEUS-BJ-GRC,perseus_grc/BJ7_29.html,https://www.perseus.tufts.edu/hopper/text?doc=Perseus%3Atext%3A1999.01.0147%3Abook%3D7%3Asection%3D29,675763,63daac177d22ced04e29e3aa7f0429e8a73d293adff16ca990ef667039dcc61a,2026-10-09
SRC-PERSEUS-BJ-GRC,perseus_grc/BJ7_30.html,https://www.perseus.tufts.edu/hopper/text?doc=Perseus%3Atext%3A1999.01.0147%3Abook%3D7%3Asection%3D30,673670,61c6ca8bfdcd00c78650ac72d89e06c907550036ba60421bfa61c50f57e9347d,2026-10-09
SRC-PERSEUS-BJ-GRC,perseus_grc/BJ7_31.html,https://www.perseus.tufts.edu/hopper/text?doc=Perseus%3Atext%3A1999.01.0147%3Abook%3D7%3Asection%3D31,677514,f6c592d7fcd4389da5baf3161f4ba844b19148297b10c7728e95e20b0fbff71b,2026-10-09
SRC-PERSEUS-BJ-GRC,perseus_grc/BJ7_34.html,https://www.perseus.tufts.edu/hopper/text?doc=Perseus%3Atext%3A1999.01.0147%3Abook%3D7%3Asection%3D34,677188,7b6859956d31b395b69b6c51fc5c7e943ff76b1afd119f7db81eb3fe23685a6e,2026-10-09
SRC-PERSEUS-BJ-GRC,perseus_grc/BJ7_35.html,https://www.perseus.tufts.edu/hopper/text?doc=Perseus%3Atext%3A1999.01.0147%3Abook%3D7%3Asection%3D35,673812,208a45ee0ecdf282ab13d6c1e078356f865063d5b6cdf218e66475c0c8d80176,2026-10-09
SRC-PERSEUS-BJ-GRC,perseus_grc/BJ7_36.html,https://www.perseus.tufts.edu/hopper/text?doc=Perseus%3Atext%3A1999.01.0147%3Abook%3D7%3Asection%3D36,674099,99369a2729b8656bba7c3edeb8d30dba064715eee05bcd3b1648e4df1dcb6d03,2026-10-09
SRC-PERSEUS-BJ-GRC,perseus_grc/BJ7_37.html,https://www.perseus.tufts.edu/hopper/text?doc=Perseus%3Atext%3A1999.01.0147%3Abook%3D7%3Asection%3D37,674559,73ff5d299db36e29cc9cb08783cd7bc691f47c80b8bd23254f9554ca55d6e3f5,2026-10-09
SRC-KJV-MACC,kjv/1_Maccabees.wiki,https://en.wikisource.org/w/index.php?title=Bible_(King_James)/1_Maccabees&action=raw,156261,c3856270c6843a0a28e3ca1d49738edc286f0ec4d63458fb38bb839c63a274d3,2026-10-09
SRC-KJV-MACC,kjv/2_Maccabees.wiki,https://en.wikisource.org/w/index.php?title=Bible_(King_James)/2_Maccabees&action=raw,108393,8fe280756955a3c8f241fc0fd23ef72cb0653cd1024c8ada37b58575dc6285c4,2026-10-09
SRC-KJV-EZRA,kjv_ezra/Ezra.wiki,https://en.wikisource.org/w/index.php?title=Bible_(King_James)/Ezra&action=raw,49591,8e76f7a074ac892650f8c5a1364be8b8099fa099001ff5740304e198caf418af,2026-10-09
SRC-CHARLES-APOT2,apot2/apot2_djvu.txt,https://archive.org/download/apocryphapseudep02charuoft/apocryphapseudep02charuoft_djvu.txt,4548548,03e137612363f72b1ebb34e2c89f70506d99af5a76935cacf92cf0e32babff11,2026-10-09
SRC-HARRIS-1889,harris1889/harris_djvu.txt,https://archive.org/download/restofwordsofbar00harruoft/restofwordsofbar00harruoft_djvu.txt,179293,fc1eb7da436c93c3e2064bcc85101bdc72607ef4c9b552f265df7bff8dd0b61e,2026-10-09
SRC-GIFFORD-PE9,gifford/pe9.htm,https://www.tertullian.org/fathers/eusebius_pe_09_book9.htm,138971,9fab644ae923320037d51f1852ba109038dac89924db944fd11140b8f6655008,2026-10-09
SRC-SEFARIA,sefaria/Horayot.12a.1-3.json,https://www.sefaria.org/api/v3/texts/Horayot.12a.1-3?version=hebrew&version=english,15894,d313bc60cb9878163c84154aa0ef0cccc5119bbd564a886d82b284d550a54507,2026-10-09
SRC-SEFARIA,sefaria/Jerusalem_Talmud_Shekalim.6.1.json,https://www.sefaria.org/api/v3/texts/Jerusalem_Talmud_Shekalim.6.1?version=hebrew&version=english,15052,b7a61e003c793cc77caa2fcc398c25a53eb0fd0fc4516cfaa0088c4c1a20ac81,2026-10-09
SRC-SEFARIA,sefaria/Mishnah_Shekalim.6.1-2.json,https://www.sefaria.org/api/v3/texts/Mishnah_Shekalim.6.1-2?version=hebrew&version=english,14736,f6179455577edf409d53fa1d2693cbb57bbc54d18ec33d0e86e0a93d1064b9f2,2026-10-09
SRC-SEFARIA,sefaria/Mishnah_Yoma.5.2.json,https://www.sefaria.org/api/v3/texts/Mishnah_Yoma.5.2?version=hebrew&version=english,13470,95062c54299fd948356d3a87344782929969584d4f7e321f64abbb1fb3122db9,2026-10-09
SRC-SEFARIA,sefaria/Tosefta_Sotah.13.1.json,https://www.sefaria.org/api/v3/texts/Tosefta_Sotah.13.1?version=hebrew&version=english,4707,b8a0beb6ed645708b14bd76310c09605c791a21eee4fe59795c798d8f94d3498,2026-10-09
SRC-SEFARIA,sefaria/Tosefta_Yoma_(Lieberman).2.15.json,https://www.sefaria.org/api/v3/texts/Tosefta_Yoma_(Lieberman).2.15?version=hebrew&version=english,6156,69790430bf95c5d0b456cb5ed87ba0b3ba7fc78da5ed60afa9a48d65ad145e9e,2026-10-09
SRC-SEFARIA,sefaria/Yoma.53b.15-16.json,https://www.sefaria.org/api/v3/texts/Yoma.53b.15-16?version=hebrew&version=english,12031,f390bf740fa58f1945a3ca0df34f44b918f54c39d6feed7c917c54737ddd7042,2026-10-09
SRC-SEFARIA,sefaria/Yoma.54a.1-3.json,https://www.sefaria.org/api/v3/texts/Yoma.54a.1-3?version=hebrew&version=english,15063,4b32ef9b20579cde55ed406f66941ba3d6a7440b335fa67665a3cc25efa85799,2026-10-09
SRC-PROCOPIUS,procopius/pg16765.txt,https://www.gutenberg.org/cache/epub/16765/pg16765.txt,488068,563eb598ee498b9d47cefa3410693371b921912b265bbc8d5ca8270bdc131f03,2026-10-09
SRC-MONTGOMERY-1907,montgomery1907/mont_djvu.txt,https://archive.org/download/samaritansearlie00montuoft/samaritansearlie00montuoft_djvu.txt,852802,943223e0b8a7f05ea31809b1facbc1066863515d8db89e72b380572967770c29,2026-10-09
SRC-HS-2022,hs2022/article.pdf,https://www.nature.com/articles/s40494-022-00652-2.pdf,2355398,69fe21ec1e7dc42187112d9ae7e27ef7bd27600fa63cdc8f16c255ce8c0a3bd7,2026-10-09
SRC-SDU-2022,sdu2022/sdu.html,https://www.sdu.dk/en/om-sdu/fakulteterne/naturvidenskab/nyheder-2022/den-glemte-hule-i-det-hellige-land,170569,1b21cd7e9ef56a6e8a083efaa7e5ad390b73538f12f2e469e060c50a3078bcf7,2026-10-09
SRC-CSS-2002,css2002/css_drive_text.txt,Google Drive 1w-Y2yZjeAUSwnB7sF09Yfyc1uxFN2l0j (text export),152774,a0ec7ba520cf15a6279902f5f960340412ae7bcb01e3f4657c8da514d348f136,2026-10-09
SRC-ALGEMEINER-2017,web/algemeiner_2017.html,https://www.algemeiner.com/2017/02/08/in-surprise-discovery-israeli-archaeologists-uncover-12th-dead-sea-scrolls-cave/,119623,7db75e96cf2be52faf8da29bf32e69a1e9820cacf155fb760a37fcc3551a6fb4,2026-10-09
SRC-BARTHSNOTES-2010,web/barthsnotes_2010.html,https://barthsnotes.com/2010/01/26/robert-cargill-finds-virgin-rock-where-jim-barfield-claims-copper-scroll-treasure-should-be/,81641,11e743e6e96d9768649a23f93e70300fd41770a4f30eca8fe8940a336883b7fd,2026-10-09
SRC-BIBLEINTERP-2009,web/bibleinterp_cargill_2009.html,https://bibleinterp.arizona.edu/node/2885,42691,ba70b05b59b08e526547edcecbeb151390bc0e90cb86334bd648c271fbaebdba,2026-10-09
SRC-DESERET-1992,web/deseret_1992.html,https://www.deseret.com/1992/6/25/18991255/raider-of-the-lost-artifacts-br,202480,dd3f4eccdd019d31a2034b7be40f454f8be2cb97f37f984519ac7762e287db9c,2026-10-09
SRC-DQCAAS,web/dqcaas_copperscroll.html,https://dqcaas.com/photographic-collections/copperscroll/,94964,9bb211b879f88b8f86aa0754e90a6d087106e331bad356efb61b070095e5f8b7,2026-10-09
SRC-JPOST-2017,web/jpost_2017.html,https://www.jpost.com/jerusalem-report/operation-scroll-498251,330859,1a6e19542560a712b778eadaa2b023f5931783c680bca931be78e9aebdef553c,2026-10-09
SRC-JRB-2026,web/jrb_lindell_2026.html,https://jewishreviewofbooks.com/jewish-history/20026/vendyl-jones-and-the-temple-incense/,154745,a1d771511e89ecbfdc85c017c8bd209741ce91a5e32be80dae8ad88e0dc51404,2026-10-09
SRC-JVL-EJ,web/jvl_ej_judean_desert_caves.html,https://jewishvirtuallibrary.org/jsource/judaica/ejud_0002_0011_0_10454.html,39001,b9b6cd8c9a026546bd69ef26e3b566c92e72c1fdcfe2e24f66d79ca4e7f4c9c1,2026-10-09
SRC-KIRKUS,web/kirkus_search_desert.html,https://www.kirkusreviews.com/book-reviews/a/john-marco-allegro/search-in-the-desert/,70283,9ce06ce9509d5be6fe7c97e1cab8be1a3b3a220e567a6eed10dbe2abdb75ae3a,2026-10-09
SRC-NYT-1989,web/nyt_1989.html,https://www.nytimes.com/1989/02/16/world/balsam-oil-of-israelite-kings-found-in-cave-near-dead-sea.html,771,07866fc91785978e26c060b921148f0c6423794d7572a4ea81597bc54fbae7c4,2026-10-09
SRC-TOI-2021,web/toi_2021.html,https://www.timesofisrael.com/dead-sea-scroll-discovery-brings-tantalizing-prospect-of-more-yet-to-be-found,12792,0febb2cfc29a30e4334639ab4d3ec16a79942cfbf7546636866946b13b7563af,2026-10-09
SRC-WIKI-ALLEGRO,web/wiki_allegro.html,https://en.wikipedia.org/wiki/John_M._Allegro,265640,54324ae82e0ffd69af50597eb2d607441544f73506efd3cf8b1ceab94e8228f3,2026-10-09
SRC-WIKI-COPPER,web/wiki_copper_scroll.html,https://en.wikipedia.org/wiki/Copper_Scroll,623292,e7589a10ef6084c00c7bf72e72815d04f600d5cdbb8f9dffeafca4b36691ee99,2026-10-09
SRC-WIKI-MAZIN,web/wiki_khirbet_mazin.html,https://en.wikipedia.org/wiki/Khirbet_Mazin,81537,9fbacc6a5b42a39cfe16dd5872a6cf58be65c4749a730c4fddad736b278a5ab0,2026-10-09
SRC-WIKI-GERIZIM,web/wiki_mount_gerizim.html,https://en.wikipedia.org/wiki/Mount_Gerizim,292559,26600d40ff37703d6af012a86c27abf9df12f7a055c2c0d1129a8b7fbf1d51e4,2026-10-09
SRC-WIKI-JONES,web/wiki_vendyl_jones.html,https://en.wikipedia.org/wiki/Vendyl_Jones,173647,efc701715eebb0d0be37de5c01109aa9d1346c9ad41a1e57c432736db732a5ab,2026-10-09
SRC-REED-1954,jstor/reed1954.pdf,https://www.jstor.org/stable/1355541,1007445,d9be5b197dfeba2b4b653c8870c863474a78e0ea6e2e7024cffe391f002f107d,2026-10-10
SRC-BULLWRIGHT-1965,jstor/bullwright1965.pdf,https://www.jstor.org/stable/1508620,608821,249703c5416a84fa76b57c9fbfe8f36c07eb0176048967c3fe298a5f1fb6ed7d,2026-10-10
SRC-BULL-1968,jstor/bull1968.pdf,https://www.jstor.org/stable/3210941,2138216,21bd536aafff65257eb0e07266fb339dd6bc0e6f536d988d5f0dd7f110a2dbf1,2026-10-10
SRC-PATRICH-ARUBAS-1989,jstor/patrich1989.pdf,https://www.jstor.org/stable/27926136,2137858,acad93176a3479baf9ddd9b94627a659023cd16b88282cc092dfc27cf9c548c6,2026-10-10
SRC-BROWNING-1996,jstor/browning1996.pdf,https://www.jstor.org/stable/3210511,3867519,8dd57c515b704a30d90b050d7f98473ec1ef68de3dfaadc6620f1e2a995e2fa1,2026-10-10
SRC-AMAR-1998,jstor/amar1998.pdf,https://www.jstor.org/stable/4193076,907617,dc84e10010c6232f05778f9fe25c951423063a1262c9fc258c8fcb1bc9f51a9a,2026-10-10
