code,locus,role,candidate_views,missing
L001,X 15,target,UC15246897|UC15246896|UC15246866|UC15246597|UC15246579|UC15246571|UC15246341|UC15246310|UC15246033|UC15246020|UC15245695|UC15245672|UC15245667|UC15245491,original line/glyph registration; ROI; comparability; control truth; exposure audit; independent readers
L002,X 16,target,UC15246897|UC15246896|UC15246866|UC15246597|UC15246579|UC15246571|UC15246341|UC15246310|UC15246033|UC15246020|UC15245695|UC15245672|UC15245667|UC15245491,original line/glyph registration; ROI; comparability; control truth; exposure audit; independent readers
L003,X 15,local_control_pool,UC15246897|UC15246896|UC15246866|UC15246597|UC15246579|UC15246571|UC15246341|UC15246310|UC15246033|UC15246020|UC15245695|UC15245672|UC15245667|UC15245491,original line/glyph registration; ROI; comparability; control truth; exposure audit; independent readers
L004,XII 10,local_control_pool,UC15246893|UC15246865|UC15246863|UC15246608|UC15246599|UC15246589|UC15246581|UC15246578|UC15246568|UC15246337|UC15246336|UC15246333|UC15246046|UC15246041|UC15246022|UC15246017|UC15246011|UC15245707|UC15245706|UC15245677,original line/glyph registration; ROI; comparability; control truth; exposure audit; independent readers
L005,VII 11,local_control_pool,UC15245470|UC15245469|UC15245446|UC15245443|UC15245437|UC15245430|UC15245432|UC15245427|UC15245417|UC15245303|UC15245280|UC15245279|UC15245271|UC15245269|UC15245261|UC15245200|UC15245184|UC15245166|UC15245117|UC15245115,original line/glyph registration; ROI; comparability; control truth; exposure audit; independent readers
L006,VII 11,target,UC15245470|UC15245469|UC15245446|UC15245443|UC15245437|UC15245430|UC15245432|UC15245427|UC15245417|UC15245303|UC15245280|UC15245279|UC15245271|UC15245269|UC15245261|UC15245200|UC15245184|UC15245166|UC15245117|UC15245115,original line/glyph registration; ROI; comparability; control truth; exposure audit; independent readers
L007,XII 10,target,UC15246893|UC15246865|UC15246863|UC15246608|UC15246599|UC15246589|UC15246581|UC15246578|UC15246568|UC15246337|UC15246336|UC15246333|UC15246046|UC15246041|UC15246022|UC15246017|UC15246011|UC15245707|UC15245706|UC15245677,original line/glyph registration; ROI; comparability; control truth; exposure audit; independent readers
L008,IX 7,target,UC15246897|UC15246896|UC15246887|UC15246874|UC15246866|UC15246605|UC15246602|UC15246598|UC15246597|UC15246596|UC15246583|UC15246582|UC15246579|UC15246573|UC15246571|UC15246357|UC15246347|UC15246344|UC15246341|UC15246340|UC15246338|UC15246325|UC15246323|UC15246313|UC15246311|UC15246310|UC15246058|UC15246047|UC15246038|UC15246033|UC15246029|UC15246028|UC15246020|UC15245693|UC15245695|UC15245696|UC15245680|UC15245672|UC15245673|UC15245670|UC15245669|UC15245667|UC15245665|UC15245661|UC15245659|UC15245504|UC15245501|UC15245491,original line/glyph registration; ROI; comparability; control truth; exposure audit; independent readers
L009,X 16,local_control_pool,UC15246897|UC15246896|UC15246866|UC15246597|UC15246579|UC15246571|UC15246341|UC15246310|UC15246033|UC15246020|UC15245695|UC15245672|UC15245667|UC15245491,original line/glyph registration; ROI; comparability; control truth; exposure audit; independent readers
L010,IX 7,local_control_pool,UC15246897|UC15246896|UC15246887|UC15246874|UC15246866|UC15246605|UC15246602|UC15246598|UC15246597|UC15246596|UC15246583|UC15246582|UC15246579|UC15246573|UC15246571|UC15246357|UC15246347|UC15246344|UC15246341|UC15246340|UC15246338|UC15246325|UC15246323|UC15246313|UC15246311|UC15246310|UC15246058|UC15246047|UC15246038|UC15246033|UC15246029|UC15246028|UC15246020|UC15245693|UC15245695|UC15245696|UC15245680|UC15245672|UC15245673|UC15245670|UC15245669|UC15245667|UC15245665|UC15245661|UC15245659|UC15245504|UC15245501|UC15245491,original line/glyph registration; ROI; comparability; control truth; exposure audit; independent readers
