entry_puech,col_line,item_lefkovits,lefkovits_lines,item_milik,milik_boundary_note,division_notes
1,I:1–I:4,1,1:1-1:4,1,,
2,I:5–I:6,2,1:5-1:6a,2,,
3,I:6–I:8,3,1:6b-1:8,3,,Puech: the only entry that does not begin at the start of a line (p. 179).
4,I:9–I:12,4,1:9-1:12,4,,
5,I:13–I:15,5,1:13-1:15,5,,
6,II:1–II:2,6,2:1-2:2,6,,
7,II:3–II:4,7,2:3-2:4,7,,
8,II:5–II:6,8,2:5-2:6,8,,"Wise divides it into two items (Lef. item 8, pp. 118–125, n. 12)."
9,II:7–II:9,9,2:7-2:9,9 (first part (II 7-8)); 10 (second part (II 9)),M9: first part (II 7-8); M10: second part (II 9),"Milik, Pixner, Wolters, García Martínez, Vermes, Wise: two items (II 7–8 cistern / II 9 channel); Allegro, Luria, Beyer: one (Lef. p. 126). Lef. and Puech: one."
10,II:10–II:12,10,2:10-2:12,11,,
11,II:13–II:15,11,2:13-2:15,12,,
12,III:1–III:4,12,3:1-3:7,13,,Puech splits 12 / 12a at the second corner (p. 173 n. 26). Lef.: 'the scholars consider this material as two separate items' (p. 142); Milik is not named.
12a,III:5–III:7,12,3:1-3:7,14,,See 12.
13,III:8–III:10,13,3:8-3:10,15,,
14,III:11–III:13,14,3:11-3:13,16,,
15,IV:1–IV:2,15,4:1-4:2,17,,
16,IV:3–IV:5,16,4:3-4:5,18,,
17,IV:6–IV:8,17,4:6-4:8,19,,
18,IV:9–IV:10,18,4:9-4:10,20,,
19,IV:11–IV:12,19,4:11-4:12,21,,
20,IV:13–IV:14,20,4:13-4:14,22,,
21,V:1–V:4,21,5:1-5:4,23,,
22,V:5–V:7,22,5:5-5:7,24; 25 (only the closing ובתכן/בתכן phrase),"M24: ends before ובתכן אצלם (V 7); M25: begins with ובתכן אצלם (end of V 7, 'And near there') + Puech 23 (V 8-11)","Milik, followed by Pixner, García Martínez, Vermes and Lange, starts a new entry with ובתכן אצלם (V 7); Puech attaches it to (22) (p. 189 n. 226)."
23,V:8–V:11,23,5:8-5:11,25,"M25: begins with ובתכן אצלם (end of V 7, 'And near there') + Puech 23 (V 8-11)",
24,V:12–V:14,24,5:12-5:14,26,,
25,VI:1–VI:6,25,6:1-6:6,27,,
26,VI:7–VI:10,26,6:7-6:10,28,,
27,VI:11–VI:13,27,6:11-6:13,29,,
28,VI:14–VII:2,28,6:14-7:2,30,,
29,VII:3–VII:7,29,7:3-7:7,31,,
30,VII:8–VII:10,30,7:8-7:10,32,,
31,VII:11–VII:13,31,7:11-7:13,33,,
32,VII:14–VII:16,32,7:14-7:16,34,,
33,VIII:1–VIII:3,33,8:1-8:3,35,,
34,VIII:4–VIII:7,34,8:4-8:7,36,,
35,VIII:8–VIII:9,35,8:8-8:9,37,,
36,VIII:10–VIII:13,36,8:10-8:13,38,,
37,VIII:14–VIII:16,37,8:14-8:16,39,,
38,IX:1–IX:3,38,9:1-9:3,40,,
39,IX:4–IX:6,39,9:4-9:6,41,,
40,IX:7–IX:9,40,9:7-9:9,42,,"Beyer attaches IX 10 (entry 41) to this entry (Lef. item 41, pp. 293–296)."
41,IX:10,41,9:10,43,,One line only. Luria joins it to 42; Beyer attaches it to 40; Lef. allows reading 41 + 42 as one (Lef. pp. 293–296).
42,IX:11–IX:13,42,9:11-9:13,44,,See 41.
43,IX:14–IX:16,43,9:14-9:16,45,,
44,IX:17–X:2,44,9:17-10:2,46,,
45,X:3–X:4,45,10:3-10:4,47,,
46,X:5–X:7,46,10:5-10:7,48,,
47,X:8–X:11,47,10:8-10:11,49,,
48,X:12–X:14,48,10:12-10:14,50,,
49,X:15–X:16,49,10:15-10:16,51,,"Beyer treats 49 + 50 as one unit (Lef. item 50, pp. 358–362)."
50,X:17–XI:1,50,10:17-11:1,52; 53 (only the closing ובתכן/בתכן phrase),"M52: ends before בתכן אצלם (XI 1); M53: begins with בתכן אצלם (end of XI 1, 'Just nearby'); ends before בתכן אצלם (XI 4)","Beyer treats 49 + 50 as one unit; Lef.: four deposits, one per corner (Lef. item 50, pp. 358–362)."
51,XI:2–XI:4,51,11:2-11:4,53; 54 (only the closing ובתכן/בתכן phrase),"M53: begins with בתכן אצלם (end of XI 1, 'Just nearby'); ends before בתכן אצלם (XI 4); M54: begins with בתכן אצלם (end of XI 4, 'And just nearby')",
52,XI:5–XI:7,52,11:5-11:7,54,"M54: begins with בתכן אצלם (end of XI 4, 'And just nearby')",
53,XI:8,53,11:8,55,,
54,XI:9–XI:11,54,11:9-11:11,56; 57 (only the closing ובתכן/בתכן phrase),"M56: ends before בתכן אצלן (XI 11); M57: begins with בתכן אצלן (XI 11, 'Nearby'); ends before XI 15",
55,XI:12–XI:15,55,11:12-11:15,57; 58 (only the closing ובתכן/בתכן phrase),"M57: begins with בתכן אצלן (XI 11, 'Nearby'); ends before XI 15; M58: begins with בתכן אצלן (XI 15, 'Just nearby') + first part of Puech 56 (XI 16 - XII 1a)",
56,XI:16–XII:3,56,11:16-12:3,58; 59 (second part of Puech 56 (XII 1b-2a)); 60 (third part of Puech 56 (XII 2b-3)),"M58: begins with בתכן אצלן (XI 15, 'Just nearby') + first part of Puech 56 (XI 16 - XII 1a); M59: second part of Puech 56 (XII 1b-2a); M60: third part of Puech 56 (XII 2b-3)","Milik, Pixner, Wolters, García Martínez, Vermes, Wise: three items; Allegro, Luria, Beyer: one (Lef. p. 399). Milik moves ככרין ששין and בידן (XII 1–2) into the next item. Lef. and Puech: one."
57,XII:4–XII:5,57,12:4-12:5,61,,
58,XII:6–XII:7,58,12:6-12:7,62,,
59,XII:8–XII:9,59,12:8-12:9,63,,
60,XII:10–XII:13,60,12:10-12:13,64,,Milik numbered this last item 62 in 1956–57 and 64 in DJD III (Lef. p. 426 n. 2).
