entry,place_id,constraint,evidence_status,competing_interpretation,discriminating_check,source,review_status
21,kh_qumran,Head of a water conduit,edited text and Hebrew source plan checked,Intake versus channel junction versus tunnel mouth,Correlate Ilan-Amit point 3 with independently controlled survey; distinguish downstream tunnel 11,Puech 2006 p188; Lefkovits 2000 p185; Ilan and Amit 1989 pp283-285 Fig1; Reeder and Jol 2006 Fig4,source plan reviewed; geographic control unresolved
21,kh_qumran,Relation to Sekakah,restored,West of versus leading to versus at,Compare separate spatial models only after the damaged link is read,Puech 2006 p188,pending independent reading
21,kh_qumran,Northern relation,grammatical attachment unresolved,Side versus approach or relation to conduit,Specify the reference object before testing an orientation,Lefkovits 2000 pp185–189,pending independent reading
21,kh_qumran,Great stone,noun restored,Other restored objects,Do not select a boulder and then use it to justify the supplied noun,Puech 2006 p188,pending independent reading
21,kh_qumran,Dam at intake,older dam inferred; later survey reports upstream wall,Ilan-Amit main-basin dam versus Reeder-Jol upstream wall; identity unverified,Locate both features in one datum before equating; establish date independently,Ilan and Amit 1989 p284 Fig1 point4; Reeder and Jol 2006 p231 Fig4,original Hebrew plan reviewed; cross-survey identity unresolved
21,kh_qumran,Head of the whole system versus head of a construction stage,phasing hypothesis (Stacey 2007); 2002 figure numbering unchecked,Dam intake at points 3/4 versus the earlier channel head near point 16 where the channel leaves the cliff,Check Ilan-Amit 2002 Fig. 1 numbering against the 1989 figure; test Stacey's phasing against stratigraphy before choosing a head,Stacey 2007 pp222-228 nn28-30; Ilan and Amit 1989 p285 Fig1 point16,phasing hypothesis; no confidence change
20,wadi_qumran,Heap in Sekakah valley,interpretation disputed,Cairn versus dam,Establish the required feature type independently of the proposed intake dam,Puech 2006 pp187–188; Phase5 Eshel record,exact feature unresolved
22,kh_qumran,Fissure east of named reservoir,edition checked,Generic nearby fissure versus required eastern relation,Identify a period reservoir independently and then test its eastern side,Puech 2006 p188,exact feature unresolved
23,kh_qumran,Channel name,interpretation disputed,Solomon versus Shallum,Review letter division before linking the channel to entry22 reservoir,Puech 2006 p189 page image checked,pending independent reading
23,kh_qumran,Large landmark and distance,origin and endpoint unidentified,Boulder versus mound or sepulchral interpretation,Settle the landmark reading and both endpoints before using sixty cubits geometrically,Puech 2006 pp188–189,geometry not performed
24,kuteif,Approach from Jericho toward Sekakah,edition checked,Regional approach versus assumed consecutive itinerary,Test ancient access and dated tombs without assuming a route from entry23,Puech 2006 p189; SWP III p220,exact tomb unresolved
32,choziba,Place name,disputed,Koziba versus Buz,Compare letter evidence without the Wadi Qelt proposal,Puech 2006 p192; Lefkovits 2000 p236,pending independent reading
32,choziba,Water outlet,function unresolved,Spring head versus channel exit or junction,Trace flow and phase for each candidate outlet,SWP III pp227–228; Phase5 Eshel records,pending dated plan correlation
32,choziba,Second landmark,reading and meaning disputed,Retaining wall versus parapet mountain or rock,Keep wall/parapet and mountain models separate; require only the feature and direction entailed by the chosen reading,"Puech 2015 pp. 62, 67–68; Milik/Lefkovits/Eshel variant records",Puech original pages checked; site feature and alternatives unresolved
32,choziba,Period of visible wall,not established for a particular feature,Earlier route with later rebuilding,Require construction sequence and contemporaneity with the proposed outlet,SWP III pp227–228,pending original phase evidence
49,jer_siloam,Siloam name,letter after של checked on plates; particle supplied,Rachel (ר) or Jehu (Lefkovits) word divisions,"Specialist review of X15 with DJD III pl. XLIII.3; the plates show a waw-shaped stroke without a head, but this hand has a waw-like cursive reš","Puech 2006 p. 200; plate_check.md (pls. CCCLI, CCCLXXVII)",plates lean to waw (Puech); not decisive; [[של]] supplied by haplography
49,jer_siloam,Pool identity,competing published interpretations,Silwan outlet pool versus Birkat el-Hamra,Keep physical pools distinct while evaluating ancient names,Szanton 2023 pp34–42,plans checked; identity unresolved
49,jer_siloam,Trough or gutter,not established as scroll feature,Railing stones are a different described feature,Require a dated installation of the required type instead of a general pool match,Szanton 2023 Fig6; Phase5 assessment,pending feature evidence
31,doq,Landmark word,plates checked,Drying place versus guardhouse fortress,Specialist review of VII11: a narrow ר in the crack would restore hmšmrh,"Puech 2006 p. 192; Lefkovits 2000 pp. 234–235; plate_check.md (pls. CCCXLV, CCCLXXI)","plates lean to hmšṭḥ (two letters after ש, final ח); not decisive"
31,doq,Eastern relation,grammatical attachment disputed,Eastern corner of a post versus corner of the eastern post; drying-place reading fixes eastern to corner,Choose the reading before selecting a building and date the required corner,Lefkovits 2000 pp234–235; Puech 2006 p192,page images checked; phase plan pending
55,jer_bethesda,Bethesda name,emended; plates lean to ח not ת,Generic reservoir complex,Milik's Bet Eshdatain needs ח→ת (and ו→ד if the 4th letter is ו),Phase5 assessment; plate_check.md (pl. CCCLXXIX),plates lean to ח (not ת); name reading weakened; twin-pool description stands
55,jer_bethesda,Small accessible basin,not established as scroll feature,Other double-pool complexes,Compare period and access across St Annes and the Sisters of Sion setting,Phase5 assessment,pending original excavation publications
17,nuweimeh,Two cavities and midpoint,conditional on cavity reading,V/49 plus Eisenberg's neighbour V/48; alternatives V/28–29,Field or drone view of the V/48–V/49 path and both entrances; unpublished V/38/V/48 plans,"Puech 2006 pp. 186–187; Eisenberg 2002 pp. 105–106, 120; Aronshtam 2002 pp. 91–94; Index p. 260","neighbour identified as V/48 (Eisenberg p. 120); gazetteer Cave 38 = V/38, a different cave; spacing ~71 m (0–141 m) by printed grid; no midpoint"
40,natuf,Direction of the chamber,plates checked,"South (Puech drwm) versus the Sea/west (Milik, Lefkovits)",Specialist review of IX7 beside the saw cut,"Puech 2006 p. 196; plate_check.md (pls. CCCXLIX, CCCLXXV)",plates lean to ים: two signs visible; no clear stroke before them (zone cracked); Puech's facsimile draws ד and ר traces there
9,jer_east_gate,Cistern nineteen cubits from the East Gate,plan measured: no recorded cistern within about 18 m of the Golden Gate; nearest (No. 15) 30.0 m; Nos. 12–14 at 42–57 m,Unrecorded or buried cistern (only open mouths recorded; 30–40 ft of debris in front of the gate) versus a Herodian gate not under the Golden Gate versus a distance measured from another point,Gibson and Jacobson 1996 for cisterns near the Golden Gate and their dates; any record of a cistern 8.5–10 m from the gate,Warren 1884 PEF Plans Pl. VI; SWP Jerusalem p. 221; Warren 1871 Recovery pp. 154–156; leads_on_old_plans_2026-09-30.md §4.1; figures/entry9_golden_gate_plateVI.webp,feature match fails on recorded cisterns; Temple placement kept (medium)
32,choziba,Above/toward relation,Puech original edition checked,Direction toward second landmark versus endpoint at wall; above-mouth relation without measured offset,Identify outlet and ancient datum; preserve unknown distance/offset and selected second-landmark branch,"Puech 2015 pp. 62, 68",no surveyed location or phase established
