term_id,category,lemma,entries_puech,col_lines,confidence_in_meaning,bible_relevant,bible_key_refs,mishnah_relevant,mishnah_key_refs,josephus_relevant,josephus_key_refs,onomasticon_relevant,onomasticon_key_refs
bor,water installation / feature,בור,3 6 8 9 10 15 45,I 6; II 1; II 6; II 7; II 10; IV 1; X 3 (Puech). Milik 1962 C64 lists i 6; ii 1; ii 6; ii 7; ii 10; xii 3; iv 1 (xii 3 instead of x 3),high,41,1 Sam 19:22; 2 Chr 26:10; Deut 6:11; Neh 9:25; Lev 11:36; Jer 38:6; 2 Kgs 18:31; 1 Chr 11:17; 2 Sam 3:26; 2 Kgs 10:14,"69 of 84 checked (61 cistern/pit, 8 wine or oil vat-pits)",m. Eruvin 10:14; m. Middot 5:4; m. Avot 2:8; m. Bava Batra 4:7; m. Mikvaot 1:4; m. Shabbat 11:2; m. Eruvin 8:3; m. Bava Batra 2:11,0,,0,
shit,water installation / feature,שית / שיח,13 18 19 43 60,"III 8; IV 9; IV 11; IX 14; XII 10 (Milik 1962 adds XII 4, where Puech reads השוח[[ה]]; see shuhah)",medium,0,,"15 of 38 checked (2 שית, 13 שיח)",m. Middot 3:3; m. Meilah 3:3; m. Bava Kamma 5:5; m. Bava Batra 4:7; m. Shekalim 5:1; m. Eruvin 2:5,0,,0,
shuhah,water installation / feature,שוחה,57,XII 4,low,5,Jer 2:6; Jer 18:20; Jer 18:22; Prov 22:14; Prov 23:27,0,,0,,0,
berekhah,water installation / feature,ברכה,11 16,II 13; IV 3 (restored),high,15,2 Kgs 20:20; 2 Kgs 18:17; Isa 7:3; Isa 22:9; Isa 22:11; Neh 3:15; Neh 3:16; Neh 2:14; 2 Sam 2:13; Eccl 2:6,4,m. Makhshirin 2:2; m. Makhshirin 2:3; m. Mikvaot 5:1; m. Mikvaot 6:11,0,,0,
ashiah,water installation / feature,אשיח / אשוח,22 29 46 55,V 6; VII 4; X 5; XI 12 (twice),medium-high,0,,0,,0,,0,
ammah_conduit,water installation / feature,אמה (אמת המים),4 16 21 29 33,I 11; IV 3; V 1; VII 3; VIII 1 (restored [בא]מא). Milik 1962 C58 adds ix 17 (a corrected reading Puech rejects),high,0,,19 of 156 (conduit sense found by scanning all 156 for non-numeral uses; the cubit/truth hits were not read one by one),m. Middot 3:2; m. Yoma 5:6; m. Shekalim 4:2; m. Eruvin 8:7; m. Parah 8:11; m. Yadayim 4:7; m. Kilayim 3:2; m. Moed Katan 1:2; m. Bava Batra 2:1,0,,0,
mazqa,water installation / feature,מזקא / מזקות,9 45,II 9; X 3,medium,0,,0,,0,,0,
biv,water installation / feature,ביב,42 59,IX 11; XII 8,medium-high,0,,3,m. Eruvin 8:10; m. Oholot 3:7; m. Avodah Zarah 3:4,0,,0,
zarav,water installation / feature,זרב,40,IX 8,low,0,,0,,0,,0,
yam_basin,water installation / feature,ים (basin),47,"X 8 (Milik adds X 15; ים 'sea, west' at IX 7 is a different sense)",medium,18 (concordance lists 8; I found 10 more),1 Kgs 7:23; 1 Kgs 7:39; 2 Kgs 16:17; 2 Kgs 25:13; 2 Chr 4:2; 2 Chr 4:6; Jer 52:17,not fully counted: concordance 0 (filtered); a targeted search found 1 installation sense and 3 utensil senses,m. Bava Batra 4:5; m. Kelim 15:3; m. Kelim 16:3; m. Zavim 4:2,0,,0,
mayan,natural feature,מעין,47,X 8,high,23,Josh 15:9; Josh 18:15; 2 Chr 32:4; Lev 11:36; Ps 104:10; 1 Kgs 18:5; 2 Kgs 3:19; Isa 41:18,14 of 24 checked,m. Mikvaot 1:7; m. Mikvaot 5:1; m. Mikvaot 5:3; m. Moed Katan 1:1; m. Meilah 3:7; m. Parah 6:5; m. Bava Metzia 9:2,0,,0,
mabbua,natural feature,מבוע,58,XII 6,high,3,Eccl 12:6; Isa 35:7; Isa 49:10,0,,0,,0,
shoqet,water installation / feature,שקת,49,X 16,medium-high,2,Gen 24:20; Gen 30:38,9,m. Mikvaot 4:5; m. Parah 5:7; m. Parah 5:8; m. Parah 5:9; m. Mikvaot 5:1,0,,0,
yetsiat_mayim,water installation / feature,יציאת המים,32 49,VII 14; X 15 (Puech's reading),medium,0,,0,,0,,0,
qol_mayim,natural feature,קול המים,42,IX 11,low,0,,0,,0,,0,
miqveh_tevilah,water installation / feature,מקרת הטבילה,4,I 12,medium,0,,72 of 73 checked (immersion act or immersion pool),m. Middot 1:6; m. Middot 1:9; m. Middot 5:3; m. Tamid 1:1; m. Yoma 3:2; m. Shekalim 8:2; m. Parah 3:7; m. Mikvaot 6:1,0,,0,
emeq,natural feature,עמק,1 17,I 1; IV 6 (both עמק עכור / עכון),high,64,Josh 7:24; Josh 7:26; Josh 15:7; Hos 2:17; Isa 65:10; 2 Sam 18:18; Josh 18:21; Gen 14:17,1 of 11 checked,m. Sheviit 9:2,0,,0,
gay,natural feature,גי / גיא,20 34 47,IV 13; VIII 4; X 8,high,54,Josh 15:8; Jer 7:31; Zech 14:4; Zech 14:5; Neh 2:13; 2 Kgs 14:7; Deut 34:6; 1 Sam 13:18,3 (2 concordance hits + 1 found by targeted search),m. Eruvin 5:4; m. Sotah 1:9; m. Sheviit 3:8,0,,0,
nahal,natural feature,נחל,24 45,V 12; X 3,high,122,1 Kgs 2:37; 2 Kgs 23:6; 2 Chr 29:16; Jer 31:40; 2 Sam 24:5; Deut 21:4; 1 Kgs 17:7; Gen 26:19,6 of 16 checked,m. Middot 3:2; m. Yoma 5:6; m. Meilah 3:3; m. Peah 2:1; m. Oholot 16:5; m. Sotah 9:5,0,,0,
tsuq,natural feature,צוק,35 43,VIII 8; IX 14,medium,1,1 Sam 14:5,5 (3 concordance hits + 2 found by targeted search),m. Yoma 6:4; m. Yoma 6:5; m. Yoma 6:6; m. Bava Metzia 7:10,0,,0,
sela,natural feature,סלע,10 52,II 11 (שן הסלע); XI 5 (ראש הסלע),high,"53 (48 physical, 5 figurative 'my rock')",1 Sam 14:4; 1 Sam 13:6; 2 Chr 25:12; Isa 22:16; Jer 13:4; Judg 15:8; Judg 20:45; Song 2:14,31 of 89 checked (the other 58 are the sela coin),m. Bava Batra 6:8; m. Parah 3:2; m. Mikvaot 4:5; m. Kelim 6:2; m. Kilayim 2:10; m. Oholot 8:2; m. Sheviit 3:10; m. Yoma 6:6,0,,0,
shen_sela,natural feature,שן הסלע,10,II 11,high,1,1 Sam 14:4,0,,0,,0,
regev,natural feature,רגב,23 26,V 9; VI 8,low,2,Job 21:33; Job 38:38,0 for the common noun; 1 toponym,m. Menachot 8:3,0,,0,
tel,natural feature,תל,4,"I 9 (and, in a Lefkovits alternative, I 11)",medium,5,Deut 13:17; Josh 8:28; Jer 49:2; Josh 11:13; Jer 30:18,2 of 28 (all 28 checked),m. Sanhedrin 10:6; m. Yevamot 16:7,0,,0,
tur,natural feature,טור,32,VII 15,medium,20 of the same lemma; 3 closest to the scroll's sense,1 Kgs 6:36; 1 Kgs 7:12; Ezek 46:23,0,,0,,0,
tsehiah,natural feature,צחיאה / צחיח,43,IX 15,medium-high,6,Ezek 24:7; Ezek 26:4; Neh 4:7; Ps 68:7,0,,0,,0,
sedeq,natural feature,סדק,22,V 5,high,0,,5 of 5 (all checked); 3 are cracks in a building or cave,m. Mikvaot 6:1; m. Oholot 11:1; m. Eduyot 4:12,0,,0,
harits,water installation / feature,חריץ,23,V 8,medium-high,0,,8 of 8 (all checked),m. Kilayim 5:3; m. Eruvin 7:3; m. Mikvaot 5:6; m. Bava Batra 7:4,0,,0,
qomaah,natural feature,קומעה (?),41,IX 10,low,0,,0,,0,,0,
shelaf,natural feature,שלף,36,VIII 10,medium,0,,0,,0,,0,
rewi,natural feature,רוי,37,VIII 14,low-medium,0,,0 of 14 (all checked),,0,,0,
havalah,natural feature,חבלה (terrace),39,IX 4,low-medium,0,,0 of 29 (all checked),,0,,0,
qever,built structure / monument,קבר,14 24 51 53 54 60,III 11; V 12; XI 3; XI 8; XI 9; XII 11,high,62,2 Chr 16:14; 2 Chr 32:33; Isa 22:16; 1 Kgs 13:31,43 of 48 (all checked),m. Bava Batra 6:8; m. Oholot 15:8; m. Bava Batra 2:9; m. Shekalim 2:5; m. Moed Katan 1:2,0,,0,
yagar,built structure / monument,יגר,20 28 35,IV 13; VI 14; VIII 8 (VIII 8 only on the Luria/Golb/Eshel reading),medium-high,1,Gen 31:47,0 of 41 (all checked),,0,,0,
nefesh,built structure / monument,נפש (monument),2,I 5,high,0,,3 of 64 (all checked),m. Shekalim 2:5; m. Oholot 7:1; m. Eruvin 5:1,0,,0,
yad,built structure / monument,יד (monument),48,X 12,high,3,2 Sam 18:18; 1 Sam 15:12; Isa 56:5,0,,0,,0,
kokh,built structure / monument,כוך,56,XII 3,medium,0,,3 of 3,m. Bava Batra 6:8; m. Moed Katan 1:6; m. Oholot 6:6,0,,0,
beit_mishkav,built structure / monument,בית המשכב,56,XI 16,low-medium,"44 verses of משכב, 3-4 funerary; 0 of the phrase בית משכב",2 Chr 16:14; Ezek 32:25; Isa 57:2,2 of 22 (all checked),m. Nazir 9:3; m. Oholot 16:3,0,,0,
mishkan,built structure / monument,משכן,27,VI 11,medium-high,2 of 129 in the tomb sense,Isa 22:16; Ps 49:12,0 of 12 (all checked),,0,,0,
mearah,natural feature,מערה,7 25 26 30 56,II 3; VI 1; VI 7; VII 8; XI 17 (restored),high,36,Gen 23:9; Josh 10:16; 1 Sam 13:6; 1 Sam 24:4; 1 Kgs 18:4,about 28 of 42 (all checked),m. Bava Batra 6:8; m. Mikvaot 6:1; m. Nazir 9:2; m. Ta'anit 3:8; m. Bava Batra 2:1,0,,0,
tseriah,built structure / monument,צריח,8 36 37 39 40 47,II 5; VIII 11; VIII 14; IX 4; IX 7; X 8 (X 8 on Puech's reading only),medium-high,3,1 Sam 13:6; Judg 9:46; Judg 9:49,0,,0,,0,
shovakh,built structure / monument,שובך,38 44,IX 1; IX 17,medium-high,0,,10 of 11 (all checked),m. Bava Batra 2:5; m. Bava Batra 2:6; m. Bava Batra 4:9; m. Oholot 8:2; m. Beitzah 1:3,0,,0,
ktav_harut,built structure / monument,כתב חרת (inscription),34,VIII 4,low,1,Exod 32:16,1 of 4,m. Avot 6:2,0,,0,
even,built structure / monument,"אבן (stone, black stone)",21 34 47 56,V 2 (restored); VIII 5; X 9; XII 2,high,"239 verses, all 'stone'; not individually screened",1 Kgs 1:9; 1 Sam 20:19; 2 Sam 20:8; Josh 15:6; 1 Sam 7:12; Gen 28:18,57 of 57 are 'stone' (all checked); about 8 are landmark or installation stones,m. Ta'anit 3:8; m. Yoma 5:2; m. Kelim 5:6; m. Shabbat 21:2; m. Middot 3:4,0,,0,
hatser,built structure / monument,חצר,3 8 12,I 6; II 5; III 1 (partly restored),high,"120 verses, all 'court/enclosure' or 'village'; not individually screened",1 Kgs 6:36; 1 Kgs 7:12; Ezek 46:21-23; 1 Chr 4:32-33,"82, all 'courtyard' (screened by keyword); 2 funerary",m. Bava Batra 6:8; m. Oholot 15:8; m. Parah 3:2; m. Arakhin 9:7,0,,0,
peristylon,built structure / monument,פרסטלון (peristyle),3,I 7,high,0,,0,,0,,0,
ravad,built structure / monument,רובד,7 56,II 3; XI 16 (restored),medium,0,,3 of 3,m. Middot 3:6; m. Middot 4:4; m. Yoma 4:3,0,,0,
nidbakh,built structure / monument,נדבך,2,I 5,medium,1,Ezra 6:4,5 of 5,m. Middot 3:7; m. Berakhot 2:4; m. Oholot 6:1,0,,0,
mesibbah,built structure / monument,מסבה (spiral staircase),5,"I 13 (and, only on Lefkovits's rejected reading, XI 6)",medium,0 exact; 1 related form,Ezek 41:7,6 of 6,m. Tamid 1:1; m. Middot 1:9; m. Middot 4:5; m. Middot 5:3,0,,0,
maalot,built structure / monument,מעלות / מעלה (steps),1 6 57,I 2; II 1; XII 4,high,20 of 40 are physical steps,Neh 3:15; Neh 12:37; Ezek 40:6; 2 Kgs 20:11; Exod 20:26,about 13 of 106 (all screened by form),m. Mikvaot 4:4; m. Makhshirin 3:1; m. Middot 2:5; m. Sukkah 5:4; m. Tamid 7:2,0,,0,
homah,built structure / monument,חומה,10,II 10,high,123,1 Kgs 3:1; 1 Kgs 9:15; 2 Chr 25:23; 1 Sam 31:10,19 of 19,m. Kelim 1:8; m. Maaser Sheni 3:7; m. Maaser Sheni 5:2; m. Megillah 1:1; m. Arakhin 9:6,0,,0,
saf,built structure / monument,סף (threshold),10 56,II 12; XII 2,high,22,Judg 19:27; 1 Kgs 14:17; Ezek 40:6-7; Amos 9:1; 2 Kgs 12:10,0 of 45 (all checked),,0,,0,
pinnah,built structure / monument,פנה (corner),12 12a 13 31 51,III 1; III 5; III 10; VII 11-12; XI 2,high,25 of 29 physical corners,Neh 3:24; Neh 3:31-32; 2 Chr 26:9; 2 Chr 26:15; Jer 31:38,1 of 17 (all checked),m. Middot 1:1,0,,0,
miqtsoa,built structure / monument,מקצע (corner),11 50,II 13; XI 1,high,10,Neh 3:19-25; Ezek 46:21-22; 2 Chr 26:9; Exod 26:24,3 of 6 (all checked),m. Middot 2:5; m. Tamid 3:3; m. Tamid 1:4,0,,0,
amud,built structure / monument,עמוד,15 25 51,IV 1; VI 1; XI 3,high,"84 verses, all עמוד; not individually screened",Judg 16:25-29; 1 Kgs 7:15-22; 2 Kgs 11:14; 2 Kgs 23:3,9 of 19 (all checked),m. Middot 3:5; m. Negaim 12:1; m. Oholot 12:7; m. Shevuot 3:8,0,,0,
petah,built structure / monument,פתח (opening),3 4 25 26 47 60,I 8; I 11; VI 2; VI 3; VI 9; X 10; XII 10,high,154,1 Kgs 19:13; Gen 6:16; Ezek 41:2-3; Ezek 41:11; Neh 3:21,about 55 of 81 (all 81 checked in context),m. Bava Batra 6:8; m. Bava Kamma 5:5; m. Oholot 15:8; m. Middot 3:7; m. Middot 4:1; m. Middot 4:5,0,,0,
biah,built structure / monument,ביאה (entrance),10 13 56,II 12; III 9; XII 1,medium,1,Ezek 8:5,"20 of 51 in the sense 'entering, coming in' (all 51 checked); none is an architectural 'entrance'",m. Parah 11:4; m. Shevuot 2:4; m. Negaim 13:4; m. Tahorot 1:1; m. Zavim 1:1,0,,0,
mavo,built structure / monument,מבא / מבוא,56,XI 16,medium,14 of 23 in the sense 'entrance',Judg 1:24-25; 2 Kgs 16:18; Jer 38:14; Ezek 42:9; Ezek 44:5; 2 Chr 23:15,"13 of 13 (all מבוי / מבואות 'alley', i.e. Lefkovits's sense)",m. Eruvin 1:1; m. Eruvin 6:2; m. Pesachim 4:4; m. Terumot 11:10,0,,0,
aliyah,built structure / monument,עליה (upper room/storey),44,X 1,medium,19 of 20 in the sense 'upper chamber',Judg 3:20-25; 2 Kgs 4:10; 2 Sam 19:1; Neh 3:31-32; 1 Chr 28:11,22 of 158 (all checked in context),m. Bava Metzia 10:1-3; m. Middot 4:5; m. Middot 1:5; m. Tamid 1:1; m. Oholot 17:5; m. Bava Batra 3:7,0,,0,
metsad,built structure / monument,מצד (fort),44,IX 17,medium,"10 of 10 (Strong 4679); more under Strong 4686 מצודה, not counted by the concordance",1 Chr 11:7; 1 Sam 24:1; Isa 33:16; Judg 6:2; Ezek 33:27,0 of 20 (all checked),,0,,0,
mishtah,built structure / monument,משטח (drying floor),31,VII 11,low,3,Ezek 26:5; Ezek 26:14; Ezek 47:10,2 of 2,m. Tahorot 10:4; m. Tahorot 10:5,0,,0,
migzat,built structure / monument,מגזת (ford/bridge),28,VI 14 – VII 1,medium,0,,0,,0,,0,
migreh,built structure / monument,מקרה (cold room),4 30,I 12; VII 8,low,2,Judg 3:20; Judg 3:24,0 of 2,,0,,0,
otsar,built structure / monument,אוצר (treasury),4 33,I 10; VIII 2,medium,about 41 of 70 name a treasury or storehouse as a place; all 70 checked (all Strong 214),Mal 3:10; Neh 10:39; Neh 12:44; Neh 13:12-13; 1 Chr 27:25; Jer 38:11; Dan 1:2,8 of 8,m. Sotah 8:2; m. Eruvin 8:4; m. Bava Batra 2:3; m. Makhshirin 2:10,0,,0,
derekh,built structure / monument,דרך (road),33,VIII 1,high,"not fully counted: about 19 of 40 sampled verses (of 626) are a literal road, journey or direction",Josh 12:3; Num 21:33; Ezek 42:1; Ezek 16:25,not fully counted: about 14 of 40 sampled (of 183) are a literal road,m. Nedarim 5:5; m. Kilayim 4:7; m. Shekalim 8:2,0,,0,
ganah,built structure / monument,"גנה / גנת (garden, court)",50 52,X 17; XI 6,medium,"49 of 49 in the sense 'garden' (Strong 1588 גן, 1594 גנה); none has the 'tomb court' sense",2 Kgs 21:18; 2 Kgs 21:26; 2 Kgs 25:4; Neh 3:15,24 of 25 'garden' (all checked); none funerary,m. Maasrot 2:5; m. Bava Metzia 10:4; m. Oholot 5:7,0,,0,
stoa,built structure / monument,אסטאן (stoa),51,XI 2,medium,0,,0,,0,,0,
exedra,built structure / monument,אכסדרה,51,XI 3,high,0,,10 of 10,m. Middot 1:5; m. Tamid 1:3; m. Oholot 6:2; m. Oholot 11:2; m. Eruvin 8:4,0,,0,
sabbin,built structure / monument,סבין (galleries),53,XI 8,low,0,,5 of 12 in the sense Milik compares (הסובב 'ledge of the altar'); none has the scroll's form in a relevant sense,m. Middot 3:1; m. Zevachim 5:3; m. Zevachim 6:5; m. Tamid 2:1; m. Kelim 17:10,0,,0,
tif,built structure / monument,טיף (platform),56,XI 17,low,0,,0 of 4,,0,,0,
masma,built structure / monument,מסמא (slab),52,XI 6,high,0,,1 of 1,m. Kelim 1:3,0,,0,
madaf,built structure / monument,מדף (slab/trapdoor?),14,III 12-13,low,0,,"8 of 8 are the word מדף, in the three senses Milik lists; none is explicitly a tomb stone",m. Kelim 23:5; m. Kelim 16:7; m. Zavim 5:2,0,,0,
qibbuts,built structure / monument,קיבוץ (collection of water),29,VII 3,low,0,,"0 hits for קיבוץ; the 40 hits are all מקוה, which the search added as a synonym",m. Mikvaot 1:7; m. Mikvaot 2:2,0,,0,
kinnin,built structure / monument,כינין (?) / בתין (Lef.),17,IV 6,low,0,,0,,0,,0,
millo,built structure / monument,מלה / מלח (Esplanade? Millo? salt),6 13 14,II 1; III 8; III 11,low,9 of 9 for Millo (Strong 4407); the salt sense (מלח) was not searched,2 Sam 5:9; 1 Kgs 9:15; 1 Kgs 9:24; 1 Kgs 11:27; 2 Chr 32:5; 2 Kgs 12:21; Judg 9:6,0 for Millo; 26 of 38 are מלח 'salt' (sense 2); all 38 checked,m. Middot 5:3; m. Shekalim 7:7; m. Eruvin 10:14; m. Zevachim 6:5; m. Menachot 3:2,0,,0,
hassah,built structure / monument,הכסח (scarp?) / בתבסת (Lef.),52,XI 5,low,0,,0 of 1 for the noun; m. Kilayim 2:5 כסח is the verb 'cut down (weeds)',m. Nazir 9:3,0,,0,
achor,place name,עמק עכור,1 17,I 1; IV 6,high,5,Josh 7:24; Josh 7:26; Josh 15:7; Isa 65:10; Hos 2:17,0 of 1,,0,,2,"Wolf n. 49 (Achōr, sect. A, Joshua); Wolf n. 413 (Emekachōr, sect. E, Joshua)"
horebbah,place name,חריבה,1,I 1,medium,0,,0,,0,,0,Wolf n. 89 (Arebba)
kohlit,place name,כחלת,4 11 15 19 60,I 9; II 13; IV 1 (restored); IV 11-12; XII 10,high,0,,1 of 2,m. Parah 11:7,0,,0,
manos,place name,מנס,5,I 13,low,"0 for מנס; the related noun מָנוֹס 'refuge, flight' (Strong 4498) occurs in 8 verses (checked by me)",2 Sam 22:3; Jer 16:19; Ps 59:17; Ps 142:5,0 as a place; 2 of 2 are the personal name מנסיא,m. Avot 6:8; m. Chagigah 1:7,0,,0,
bet_hamidda,place name,בית המדה,7,II 3,low,0 in the concordance. I checked 5 verses with מדה/מנדה 'tribute' (Puech's sense),Neh 5:4; Ezra 4:13; Ezra 4:20; Ezra 6:8; Ezra 7:24,0 of 37 in the 'tribute' sense (all checked),,0,,0,
east_gate,place name,השער המזרחי,9,II 7,high,1,Neh 3:29,1 in the concordance (m. Middot 1:3); 5 mishnayot with שער המזרח(י) found by my own search,m. Middot 1:3; m. Berakhot 9:5; m. Sotah 1:5; m. Orlah 2:12; m. Tamid 5:6,"4 of 5 (English, Whiston numbering)",BJ 6.244; AJ 15.424; BJ 6.288; BJ 6.316,0,
sekakah,place name,סככא / סככה,20 21 22 24,IV 13; V 2; V 5; V 13,high,1,Josh 15:61,0,,0,,0,
solomon,place name,שלומו (Solomon's pool/trench),22 23,V 6; V 8-9,medium,0,,0,,1,BJ 5.145 Niese (= BJ 5.4.2 Whiston; English hit BJ 5.142),0,
kippa,place name,נחל הכפא,24,V 12,high,0,,0,,0,,0,
jericho,place name,ירחו,24 29 54,V 13; VII 4 (restored); XI 9,high,57,Josh 18:21; Josh 2:1; 2 Chr 28:15; Deut 34:3; 1 Kgs 16:34,4,m. Pesachim 4:8; m. Menachot 10:8; m. Tamid 3:8; m. Sotah 8:1,"not fully counted: 141 hits (English and Greek); 20 samples read, all the city",AJ 4.100 (eng); AJ 5.1 (eng),"not fully counted: 24 hits; 20 samples read, all use Jericho as a reference point",Wolf n. 49 Achor (north of Jericho); Wolf n. 413 Emekachor (near Jericho beside Galgala); Wolf n. 307 Gaibal (Garizim and Gebal near Jericho); Wolf n. 70 Adommim (road from Jerusalem to Jericho)
queen,place name,המלכא (the queen),27,VI 11,medium,0,,2 (Helena of Adiabene; neither mentions a tomb),m. Nazir 3:6; m. Yoma 3:10,28 hits all about Helena of Adiabene; 10 of them (5 Greek + 5 English) mention her monuments or palace at Jerusalem,"BJ 5.55, 5.119, 5.147 Niese (monuments of Helena, north of Jerusalem); BJ 5.253, 6.355 Niese (palace of Helena in the Acra)",0,
high_priest,place name,הכוהן הגדול,28,VI 14 – VII 1,medium,0,"Josh 3-4 (Jordan crossing, cited by Milik C205)",0 for a place; 70 hits of כהן גדול are the title (not all read),"m. Middot 1:3 (cited by Allegro via Lefkovits p.216 for the Qiphonos gate); m. Shekalim 4:2 (my own find, see comment)",0,,0,
hakkoz,place name,בית הקוץ,30,VII 9,medium,5,1 Chr 24:10; Ezra 2:61; Neh 7:63; Neh 3:4; Neh 3:21,0,,0,,0,
doq,place name,דוק,31,VII 11,high,0,,0,,2,AJ 13.230 (eng); BJ 1.54 (eng),0,
kozeba,place name,כוזבא,32,VII 14-15,medium,1 (the name; a different place according to Milik),1 Chr 4:22,0,,0,,0,
ahiyah,place name,אחיה / אחזר,33,VIII 2,low,0 as a place; 23 verses carry the personal name Ahijah (several men),1 Chr 26:20; 1 Kgs 14:4,3 mishnayot with the personal name (0 places),m. Shekalim 5:1; m. Shekalim 5:2; m. Shekalim 5:4,0,,0,
kidron,place name,קדרון,35,VIII 8,high,"11 words in 10 verses, all the wadi at Jerusalem",2 Sam 15:23; 1 Kgs 2:37; 2 Kgs 23:4; 2 Kgs 23:6; Jer 31:40,3,m. Yoma 5:6; m. Middot 3:2; m. Meilah 3:3,18 of 23 hits,AJ 8.17; AJ 9.151 (grc); BJ 5.70 (grc); BJ 5.147 (grc); BJ 5.252-254 (grc); BJ 5.504 (grc); BJ 6.192 (grc),1,Wolf n. 616 Kedrōn
shaveh,place name,השוא (the Shaveh),36 37,VIII 10; VIII 14,medium,1,Gen 14:17,0,,1,BJ 5.145 Niese (English hit BJ 5.142): Bethso,0,
netofah,place name,הנטף (Netophah),38,IX 1,medium to high,"2 (the village Netophah); about 12 more with the gentilic, not in the concordance",Ezra 2:22; Neh 7:26; Neh 12:28; 2 Sam 23:28-29,1 for Lefkovits's Galilee option; 0 for the Judaean spring,m. Sheviit 9:5; m. Peah 7:1-2,0,,0,
horon,place name,החורין / החורון,40,IX 7,low,13 (all Beth-horon; relevant only to Milik's reading),"Josh 10:10-11; Josh 16:3, 5; Josh 21:22; 1 Chr 7:24; 2 Chr 8:5",2,m. Nedarim 5:6; m. Sheviit 9:2,9,AJ 5.58; AJ 12.287; AJ 12.406; AJ 13.15 (grc); BJ 2.228 (grc); BJ 2.546,1,Wolf n. 212 Bēthōrōn
bet_tamar,place name,בית תמר,43,IX 14-15,high,0 as בית תמר; 1 for the predecessor name,Judg 20:33 (בעל תמר),0,,0,,1,Wolf n. 268 Baalthamar
pela,place name,גר פלע,43,IX 15,low,0,,0,,0,,0,
masada,place name,מצדנא / המצד,44,IX 17 – X 1,low,0 for the name Masada; the common noun מְצָד 'stronghold' occurs 11 times,1 Sam 24:1; 1 Chr 11:7; 1 Chr 12:9; 1 Chr 12:17,0,,"55 hits (English and Greek), 5 samples read, all the fortress Masada",BJ 4.399 (grc; English hit BJ 4.398); BJ 7.252-407; AJ 14.390,0,
bet_hakerem,place name,בית הכרם,46,X 5,high,2,Jer 6:1; Neh 3:14,2,m. Middot 3:4; m. Niddah 2:7,0,,0,
gay_ikh,place name,גי איך / גי זרד,47,X 8,low to medium,0,"Zech 14:5 (גיא הרי, Milik's proposed full form)",0,,0,,0 for the Jerusalem readings; 2 for Wolters's Zered,Wolf n. 462 Zared; Wolf n. 929 Pharagx Zare
absalom,place name,יד אבשלום,48,X 12,high,1,2 Sam 18:18,0,,0 in the concordance; the editions cite AJ vii 243,"AJ 7.243 (Niese), cited by Milik and Puech",0,
siloam,place name,שלוח (Siloam),"49 (Milik also finds the word in 52, XI 7, and restores the Siloam pool in 50, X 17)",X 15 (also XI 7 and X 17 in Milik's readings only),medium,2,Isa 8:6; Neh 3:15,4 of 18 hits (all 18 checked),m. Sukkah 4:9; m. Sukkah 4:10; m. Parah 3:2; m. Zavim 1:5,"16 of 17 hits = 8 passages, each in English (Whiston) and Greek (Niese)",BJ 5.140 grc / 5.136 eng; BJ 5.145 grc / 5.142 eng; BJ 5.410 grc / 5.375 eng; BJ 6.401; BJ 5.505 grc / 5.502 eng,0,
zadok,place name,צדוק (Zadok),50 51 52,X 17 (Puech only); XI 3; XI 6,medium,0,2 Sam 8:17; 1 Kgs 1:8; 1 Kgs 2:35; Ezek 44:15,0 of 40 (all checked),,0 for a tomb; 18 hits name Zadok the priest,AJ 7.107; AJ 10.151,0,
jericho_people,place name,בני העם … ירחו,54,XI 9,low,2,2 Kgs 23:6; Jer 26:23,0,,0,,0,
bethesda,place name,בית אשוחין / אשדתין,55,XI 12 (with ימומית at XI 13),medium,0,,0,,"0 for the pool. The single concordance hit (BJ 2.325 eng) is Whiston's footnote equating Bezetha with Bethesda, not Josephus's text.",BJ 2.328 grc; BJ 2.530 grc; BJ 5.149 grc; BJ 5.151 grc; BJ 5.246 grc,1,Wolf n. 291 'Bēzatha (Bethsaida)'
gerizim,place name,הר גריזין,57,XII 4,high,4,Deut 11:29; Deut 27:12; Josh 8:33; Judg 9:7,1,m. Sotah 7:5,"31 of 31 (16 English, 15 Greek)",AJ 5.235; AJ 11.310 grc; AJ 18.85; BJ 3.307,2,Wolf n. 307 'Gaibal (Gebal)'; Wolf n. 308 'Garizein (Garizin)'
beth_shean,place name,בית שם (Beth Shean?),58,XII 6,medium,8,Josh 17:11; Judg 1:27; 1 Sam 31:10; 1 Kgs 4:12,2 of 23 hits (all 23 checked),m. Avodah Zarah 1:4; m. Avodah Zarah 4:12,"56 hits; I checked 25 samples, all of which are Beth-shean/Scythopolis","AJ 5.83 grc (Βηθησάνων, ἣ νῦν Σκυθόπολις); AJ 6.374 grc (Βηθσάν); AJ 12.348 grc (Βεθσάνη); AJ 13.188 grc (Βαιθσάν)",14 (all mention Scythopolis),Wolf n. 257 'Bēthsan'; Wolf n. 190 'Ainōn'; Wolf n. 256 'Bezek'
bezek,place name,הבזך (Bezek?) / הברוך (Milik),59,XII 8,low to medium,3,Judg 1:4; Judg 1:5; 1 Sam 11:8,0 of 1,,2,AJ 5.121; AJ 6.77 (Whiston) = AJ 6.78 (Niese),1 (plus 1 indirect),Wolf n. 256 'Bezek (Bezec)'
asla,place name,העצלא (ʿAṣla),18,IV 9-10,medium,0,,0,,0,,0,
janoah,place name,ינוח (Lef.'s reading at XII 10),60,XII 10,low,3,2 Kgs 15:29; Josh 16:6; Josh 16:7,0,,0,,1 of 2,Wolf n. 552 'Iano'
kephar_nebo,place name,כפר נבו (Milik's reading at IX 11),42,IX 11,low,0 for כפר נבו; Nebo alone as a place: 11 verses,Deut 32:49; Deut 34:1; Num 32:3; Num 32:38; Ezra 2:29; Neh 7:33,0,,0 of 2,,"3 (for Nebo, not for 'Kephar Nebo')",Wolf n. 726 'Nabau'; Wolf n. 44 'Abareim'; Wolf n. 727 'Nabōth (Nabo)'
ammah_cubit,direction / measure / procedure,אמה (cubit),passim (about 50 entries),"passim; disputed cases I 3, II 14, IV 14; canal sense I 11, IV 3, V 1, VII 3, VIII 1 (IX 17 disputed)",high,131,Deut 3:11; 2 Chr 3:3; Ezek 40:5; Ezek 43:13; 1 Kgs 6:2,not fully counted: 13 of the 14 dossier samples are the cubit; 132 hits in all,m. Bava Batra 2:7-9; m. Middot 2:1; m. Eruvin 1:2,0,,0,
hafor,direction / measure / procedure,"חפור / חפר (dig, buried)",22 entries (passim),"passim, e.g. II 14; IV 7; V 3; V 14; VI 9; VI 12; VII 1; VII 9; IX 2; IX 5; IX 12; X 13",high,"21 of 21 (lemma 2658): 16 'dig', 5 'search out/explore'",Jer 13:7; Job 3:21; Gen 26:18; Deut 23:14; Eccl 10:8,10 of 12 (all checked),m. Shekalim 5:1; m. Sheviit 3:10; m. Negaim 14:1; m. Shabbat 23:4; m. Bava Kamma 5:5,0,,0,
mashah,direction / measure / procedure,משח (measure),29 38,VII 6; IX 1,high,0,,0 of 19 (all checked),,0,,0,
rahoq,direction / measure / procedure,רחוק (distant),9,II 8,high,85 (all the same lexeme),Josh 3:4,22 (all the same lexeme; all checked in the samples),m. Sanhedrin 6:2; m. Sanhedrin 6:3; m. Tamid 1:4; m. Bava Kamma 7:7,0,,0,
tsofa,direction / measure / procedure,צופה (facing),25 26 36 39 40 52,VI 2; VI 8-9; VIII 10-12; IX 4-5; IX 7; XI 5,high,1 of 33,Song 7:5,0 of 1,,0,,0,
bevoakha,direction / measure / procedure,בבואך (as you enter),16 46 55,IV 3; X 5; XI 13,high,11 of 11 (all checked),Gen 10:19; Gen 13:10; Gen 25:18; Deut 28:6; Lev 10:9,0,,0,,0,
smol,direction / measure / procedure,שמאל (left),5 46,I 13; X 6,high,53 in the concordance (a lemma search gives 65 verses; the form search missed e.g. Lev 14:15-16 and Ezek 4:4),Gen 14:15; Josh 19:27; Ezek 16:46; 1 Kgs 7:39; 2 Chr 4:6-8,26 (all the same lexeme; samples checked),m. Middot 2:2; m. Sukkah 4:9; m. Bava Batra 6:8,0,,0,
yam_west,direction / measure / procedure,"ים (west, 'the sea') — Lef. at IX 7",40,IX 7 (related: X 8; X 15; XI 13),medium-low,not counted by sense: 339 verses in all,1 Chr 9:24; 1 Kgs 7:25; 1 Kgs 7:23,0,,0,,0,
regel,direction / measure / procedure,"רגל (foot, Milik's unit at X 6, X 13)",46 48,X 6; X 13,low,0 as a unit (232 verses of רגל = foot/leg),Gen 33:14,0 in the concordance; not fully checked,,0,,0,
