id,hypothesis,proposed_by_with_pages,prediction_tested,test,result,verdict,confidence
H1,Abbreviated personal names,"Pixner 1983 (via Puech 2006 p. 174 n. 46; Lefkovits p. 500); Beyer 1994 (via Lefkovits p. 500); Puech CSS pp. 81–82, 2006 pp. 174–175, 2015 pp. 12–13; Lefkovits 2000 pp. 498–504; Bedman 2000 (via Puech); Høgenhaven 2020 pp. 150–154 (""least unsatisfactory"")",Each group opens a Greek or Graecised personal name of the period,"T4: share of groups that open a proper noun in Josephus (Greek), against three chance baselines","6 of 7 groups open at least one proper noun (not ΧΑΓ). But a random name-like 2-letter pair does so 87% of the time, a 3-letter group 22% (expected by chance: 4.8 of 7). Only ΚΕΝ (Κενεδαῖος, BJ 2.520) adds weight. Does not explain why the letters stop at IV 2 (Høgenhaven p. 154)","open: consistent with the text, but the matching gives almost no evidence",medium
H1a,"Specific persons: the Adiabene royal house (ΚΕΝ Kenedaios, ΧΑΓ Chageiras)","Stegemann 1993 pp. 106–107 and 1998 pp. 73–74 (via Puech 2006 p. 174 n. 46, p. 182; Lefkovits pp. 458, 500; Høgenhaven pp. 151–152)",ΚΕΝ and ΧΑΓ name the two Adiabenians in Josephus,"Josephus Greek text (Perseus, Niese) at BJ 2.520 and 5.474","Κενεδαῖος is in BJ 2.520. At BJ 5.474 the text prints ""καὶ ἀγίρας, ὅπερ σημαίνει χωλός"": the name Χαγείρας is a restoration (a variant Κεαγιρας is reported by Høgenhaven p. 151 n. 40). Puech doubts that such a nickname is unique (2006 p. 182)",weak: one group rests on a restored form in Josephus,medium
H1b,"Specific person: ΘΕ = Theboutis, father of the priest who surrendered Temple valuables (BJ 6.387)",Pixner 1983 p. 345 (via Puech CSS p. 81 n. 61; Lefkovits p. 500); Muchowski CSS p. 269,ΘΕ stands for Θεβουθει,T4 base rate for ΘΕ,"Θεβουθει is in BJ 6.387, but 43 proper-noun forms in Josephus begin with ΘΕ. The reporters disagree on the relationship (Lefkovits: Thebouthi son of Jesus; Puech: Jesus son of Theboutis)",weak: a 2-letter match carries almost no weight,medium
H2,Greek numerals,Ullendorff 1961 (via Milik DJD p. 300; Puech 2006 p. 174 n. 45; Lefkovits p. 499); Thiering CSS p. 287; Zissu 2001 p. 145 (via Puech),The groups are numbers related to the amounts,T3: standard alphabetic values against the amount in the same entry; well-formedness of each group as a numeral (BK convention),"No group equals its amount (0 of 5 comparable). Only 1 of 7 groups (ΣΚ = 220) is a well-formed numeral, fewer than the 1.7 expected for random letters. Ullendorff's fit needs at least four different rules for five groups. ΞΕ = 65 would match II 4, but both facsimiles (Milik DJD pl. L; Puech 2015) show Θ; chance of one such coincidence among five groups is about 3%",ruled out for the amounts (Ullendorff); Thiering's coin counts not testable,high (Ullendorff)
H3,Hebrew words or fund codes in Greek letters,"Lehmann 1964 p. 105 n. 6 (ΧΑΓ = חג; via Lefkovits p. 500, Høgenhaven p. 152); Lefkovits pp. 142, 500 (ΤΡ = terumah); Lurie 1964 pp. 56–58 (budget branches; via Lefkovits p. 499); Allegro 1960 p. 136 n. 9 (derivation of sacred material; via Lefkovits p. 499)",Each group abbreviates a word naming the category of its deposit,Coverage and category fit for all seven groups,"Words are proposed for 2 of 7 groups only. Lurie gives nothing for II 2 and IV 2 (Lefkovits p. 499 n. 7). Høgenhaven p. 152: the letters ""cannot generally be convincingly explained as abbreviations of Hebrew words""",weak,medium
H4,"Labels or tags, as in Greek temple inventories",Weitzman (via Høgenhaven p. 152),A label series with some order across the groups,T7: order of the first letters and of their values,"First letters Κ Χ Η Θ Δ Τ Σ: no alphabetic or numeric order. The labelled things vary: a chest, sacred objects, talents, gold bars (Høgenhaven p. 152)",weak,medium
H5,"Marks of removed, withdrawn or discovered deposits, added later","Goranson CSS pp. 231–232 and 1996 paper (via Lefkovits p. 501); Puech 2006 p. 175 n. 48 calls it ""invraisemblable""",The letters were added later; the marked entries are among the earliest deposits,Frozen seven-locus original-photo/provenance audit; local crossing order separate from distinct later episode and removal meaning,3 October2026: available DJD/CSS reproductions cannot authenticate temporal crossings or calibrated original depth. No intervening event established; later addition not rejected. See research/phases/phase4_summary.md#engraving-order-result--3-october-2026; Goranson described the interpretation as highly speculative (CSS p.232).,not identifiable from available evidence,—
H6,Initials of the persons who filled in the values,Lika Tov CSS pp. 289–290,The value and the Greek are engraved at a different depth or by a different hand from the location text,TovCSSpp288–290 published wording verified; original metric relation and seven-locus physical order remain unknown,"4October2026primaryp289 names KEN and Hebrew שבעשרה(seventeen), written2mm below preceding writing surface. Axis/datum/instrument/uncertainty unspecified; original groove depth unmeasured. Puech exact deeper-I passage unrecovered after bounded CSSreview. Prior Puech one-engraver via Høgenhavenp147/Lefkovitsp503 assertions retained. See Phase4attached-source follow-up; historical assessors/hand/person claim not identifiable.",not identifiable from available evidence,—
H7,"Structural end-of-entry marker (Wolters's ""slot G""; Høgenhaven's closing markers)","Wolters CSS pp. 324–325; Høgenhaven 2020 pp. 50–62, 149–150, 164–165",Every group ends an entry; none stands inside an entry,T2: position of the seven groups among the 57 line ends of cols I–IV (20 of them end an entry),"All 7 groups end an entry. Chance, if placed at random line ends: 0.0003 (0.0025 without the two disputed divisions at II 7–9 and III 1–7). Describes where the letters are, not what they mean or why they stop after IV 2 (Høgenhaven p. 165)",supported as a description,high
H8,"A separate sub-list, or a second hand or supervisor, for the opening entries","Bar-Ilan CSS pp. 203, 207; Puech 2006 p. 175 (as a question)",The point where the Greek stops coincides with other changes in form,T8: where other formulae start or stop,"The opening block differs: the full word ככרין is in 7 of the first 16 entries and in 4 of the 45 later ones. But the change points do not coincide with the last Greek letter: ככ starts at III 7, חפור at II 14, בבואך at IV 3",partly supported,low–medium
H9,Link to one area or one kind of treasure,"Pixner 1983 p. 335 (all near Jerusalem; via Høgenhaven p. 151); against: Richey 2012 pp. 192–194 (""no uniform context""; via Høgenhaven pp. 150–153)",Marked entries share an area or a treasure type,"T5: Phase 3 area of entries 1–15, marked against unmarked; T6: treasure features in cols I–IV","Area: marked in 3 of 5 Jericho-area entries and 4 of 11 Jerusalem-area entries (Fisher p = 0.60). Koḥlit entries 4 and 15 are marked, 11 is not. No treasure feature separates marked and unmarked entries (all p ≥ 0.25). Fidler's ""never high round amounts"" holds (0 of 7 against 4 of 14) but is not significant (p = 0.25)",Richey supported; Pixner's area claim not supported,medium
H10,A device for secrecy or an air of mystery,"Høgenhaven 2020 pp. 152–154, 185, 235 (after Richey's 4Q186 parallel); Lefkovits pp. 15, 454, 501",No consistent system need exist,None possible: the claim forbids no outcome,"Consistent with all the negative results above, but it cannot be tested",untestable,—
H11,Leftovers of a Greek text on a reused sheet,Raised and rejected by Lefkovits p. 503,Letters placed without regard to the Hebrew entries,T2,The letters sit exactly at entry ends and in line with the Hebrew,ruled out,high
H12,The author's name hidden in the letters,"Milik DJD p. 275 (in passing, not adopted)",An anagram or acrostic of a name,T9: how many Josephus proper-noun forms of 6+ letters can be spelled from the 16 letters,"41 different forms can be spelled (for example ΤΙΓΡΑΝΗΣ, ΓΕΝΝΗΣΑΡ, ΣΕΔΕΚΙΑΝ). Any anagram claim needs its target named in advance. No specific claim is on record in these sources",no claim to test; guard recorded,—
H13,The letters show that the treasure was real,Pixner and Bardtke (via Muchowski CSS p. 266 n. 33; Fidler CSS p. 218 n. 31; Høgenhaven p. 28),The letters carry practical information,Depends on H1–H6,Names can be of real or fictitious persons (Høgenhaven p. 154). Does not follow from the evidence,not supported,medium
H14,No system can be identified,"McCarter (via Lefkovits p. 501); Milik 1960 p. 144 and DJD pp. 221, 285 (compares P. Dura 17)",—,—,The present tests agree that no tested system fits all seven groups,consistent with the tests,—
