group,entry,place_id,place,landmark_required,landmark_disputed,feature_attested,period_fit,effect_proposed,reason,check_confidence,n_reports
JQ,1,nuweimeh,"Wadi Nuweiʿimeh (valley), NE of Jericho","a ruin: חריבה 'the (little) Ruin', taken as the place-name Ḥorebbeh ; steps (מעלות) 'that go to the east', in or attached to the ruin ; setting: the Valley of Achor (עמק עכור)","The ruin: ḥryb(ʾ)h 'little ruin' (Milik; Puech 2006 p.179) against ḥrwbh / ḥrwbhʾ (Lurie; Muchowski; Lefkovits p.31). The valley: עכור in Milik, Lefkovits and Puech; Pixner and García Martínez–Tigchelaar read עבור 'go past', which removes the valley. מעלות 'steps' is not disputed; the unit word that follows is (Puech אריח; Lefkovits אחת; Milik deletes it).",partly,earlier only,keep,"Evidence: the published sources record ruins in the valley of several periods (Iron Age sites with building remains near Kh. el-Mefjer, Milik D4 p.263; a Christian village with a chapel, SWP p.226; Crusader–Mamluk sugar mills, Aronshtam p.99) and undated irrigation channels (Aronshtam p.91), but none reports steps or a ruin that can be named Ḥorebbeh. The ʿAujah aqueduct is now dated Hasmonean–Herodian (Aharonovich et al. 2025), against SWP's Crusader date (p.179). Inference: that the ʿAujah line crossed this valley rests on SWP p.179, which traces it to the ʿAin Duk / Nuweiʿimeh springs; and a ruin that was already old in the 1st century (such as the Iron Age sites) would suit a place called 'the Ruin', but no source links one to the entry. The identification stays at valley level.",low,10
JQ,17,nuweimeh,"Wadi Nuweiʿimeh (valley), NE of Jericho","a pair of features in the Valley of Achor with the cache midway between them: הכינין 'the two cavities' (Puech), הבינין 'the two tamarisks' (Milik) or הבתין 'the two buildings' (Lefkovits) ; setting: the Valley of Achor, engraved עכון","The landmark word is read with kaf, bet or taw: 'cavities' (Puech 2006 p.187; Høgenhaven p.62 n.32), 'tamarisks' (Milik D5 p.263), 'buildings' (Lefkovits pp.162–164). The valley is engraved עכון; every edition takes it as Achor (Puech 2015 pp.51–52 corrects to ʿkwr).",partly,in use 1st c. BCE–70 CE,keep,"Evidence: caves in the cliffs bordering the Naʿima valley were in use in the 1st century BCE–1st century CE (Aronshtam pp.98, 101; Eisenberg p.120; Sion pp.80–81), and the valley itself has irrigation channels (undated) and ruins of several periods (Aronshtam p.91; SWP p.226). No source reports a pair of cavities, tamarisks or buildings. Inference: on Puech's 'cavities' reading the kind of feature existed in the area in the right period, but the entry puts the pair 'in the valley', and nothing lets one choose a pair. The valley-level verdict (Onomasticon tradition) is unchanged.",medium,10
JQ,17,buqeia,el-Buqeiʿah plateau,"a pair of features in the Valley of Achor with the cache midway between them: הכינין 'the two cavities' (Puech), הבינין 'the two tamarisks' (Milik) or הבתין 'the two buildings' (Lefkovits) ; setting: the Valley of Achor, engraved עכון","The landmark word is read with kaf, bet or taw: 'cavities' (Puech 2006 p.187; Høgenhaven p.62 n.32), 'tamarisks' (Milik D5 p.263), 'buildings' (Lefkovits pp.162–164). The valley is engraved עכון; every edition takes it as Achor (Puech 2015 pp.51–52 corrects to ʿkwr).",partly,earlier only,keep,"Evidence: the sources report Iron Age forts, a central ruin (Kh. es-Samra) and Iron Age irrigation works in el-Buqeiʿah (Milik D3, D7; Høgenhaven p.65 n.35; Eshel p.103 n.21), and SWP describes a bare marl plateau (p.166). The only Second Temple installation named is Hyrcania's northern aqueduct, which runs west of the plateau (Eshel p.103), not in it. No paired feature is reported. Inference: Iron Age buildings would have stood as ruins in the 1st century and could serve Lefkovits's 'two buildings', but nothing selects a pair; the Buqeiʿah remains the biblical valley, and this neither helps nor harms the 'possible' verdict.",low,4
JQ,18,asla,"Wadi el-ʿAṣla / Gofet el-ʿAṣla area, NW Dead Sea","an 'earth pit' (שית האדמא): a pit dug in ground, not rock (Puech 2015 p.52); Milik's 'Red Pit' in red marl (C15) ; position word שולי 'edge / bottom / outlet' of ʿAṣla; Milik takes it as a spring outlet (ʿEin Nebi Musa)",העצלא as one word carried over the line end (Milik; Puech 2015 p.52) against Lefkovits's העצ | לא 'the wood … in it'; האדמא 'earth' or 'red'; שולי 'spring outlet' (Milik D6) or just 'edge' (Puech).,not in sources,not stated,keep,"Evidence: the published descriptions give only the wadi's name and course (SWP p.200; Milik D6) and the prevalence of red marl (Puech p.52 n.206); none reports a pit, and none describes the wadi's archaeology. The IAA survey of the escarpment north of Qumran reports caves with Early Roman and 1st-century CE finds (Yitah et al. pp.180–185), but it does not name ʿAṣla. Inference: whether that survey area includes the ʿAṣla stretch cannot be settled from the report, and a cave is not the earth pit the entry needs. The marl terrain fits an 'earth/red pit' in kind only, so the 'possible' verdict stands on the modern name and the sequence.",low,4
JQ,20,wadi_qumran,Wadi Qumran below Kh. Qumran,"a יגר in 'the valley (גי) of Sekakah': a cairn, tumulus or burial mound (Milik C77; Puech 2015 p.53) or, on Eshel's reading, a dam (CSS pp.101–102) ; setting: גי, a valley floor; Milik (C30) takes it to imply cultivated ground","The reading יגר is secure; its meaning is disputed: cairn / tumulus (Milik, Puech, Høgenhaven p.66 n.39) against dam (Lurie, Eshel CSS p.102). Puech 2015 pp.53–54 rejects 'dam' because a flood 'could carry it away'.",partly,in use 1st c. BCE–70 CE,keep,"Evidence: both senses of יגר correspond to feature types published for Qumran in the settlement period: the dam at the head of the aqueduct (Eshel pp.94–95; accepted as existing by Puech p.53) and stone-capped graves (SWP p.210; Milik D8; Puech p.58). The IAA survey adds a tumulus and stone heaps at the foot of the escarpment beside the wadi, their date not established (Baruch et al. pp.197–198), and cliff caves with 1st-century use (pp.198, 212). Inference: the landmark type the entry needs existed in the area and period whichever meaning is chosen, but no report can single out 'the' cairn, and the verdict still depends on Sekakah = Qumran, not on archaeology.",medium,9
JQ,21,kh_qumran,"Kh. Qumran (site, aqueduct, cisterns)","the head (ראש) of the water conduit (אמת המים) ; 'the great stone' (הגדולא preserved; האבן restored), 'from the north' ; Sekakah, related to the conduit by a lost word ('west of' / 'leading to' / 'at')","Conduit and Sekakah are preserved. The link is restored: Puech ש[במערב] 'west of', Beyer, Lefkovits and Eshel [הבאה ל] 'leading to', Milik ש[ב] 'at' (Puech 2015 pp.54–55). 'The stone' is Milik's restoration, accepted by Puech; Allegro's 'the pool' is rejected (Puech 2015 p.55).",yes,in use 1st c. BCE–70 CE,keep,"Evidence: a Second Temple aqueduct with a dam, a tunnel and supporting walls brought flood water from Wadi Qumran to Kh. Qumran (Eshel pp.94–95; Wexler p.viii; Milik D9, 'well preserved'). The required landmark, a conduit with a head, exists in the right period. Inference: 'the great stone' is restored and cannot be checked against any report. The Phase 3 verdict already rested on this aqueduct; the archaeology confirms the landmark but does not remove the dependence on Sekakah = Qumran, so the verdict is kept, not raised.",high,6
JQ,22,kh_qumran,"Kh. Qumran (site, aqueduct, cisterns)","a fissure (סדק), a natural crack (Milik C39; Puech 2015 p.55) ; reference landmark: אשוח שלומו, 'the reservoir / basin of Solomon', with the fissure to its east ; place: 'in Sokokah'","The readings bsdq, mzrḥ and ʾšwḥ are secure (Puech 2015 pp.55–56; Milik's אשיח is a spelling variant). 'Solomon' at V 6 is not disputed; at V 8 (entry 23) Puech reads 'Shallum' (2015 p.58). Whether ובתכן אצלם ends this entry does not affect the place.",partly,in use 1st c. BCE–70 CE,keep,"Evidence: Kh. Qumran had a large reservoir and channel system in the settlement period (Milik 1960 p.147; Wexler p.viii; SWP p.210), and natural cracks and piping cavities in the surrounding marl are documented with 1st c. BCE–1st c. CE activity (Cohen and Porat 2020). Both landmark types therefore existed at the site in the period. No source attests the name 'Solomon's' for any reservoir, and Milik's own argument dates such a name after 68 CE (D11). Inference: the entry fits the site in kind; which basin, if any, bore the name is not established, so the site-level verdict is kept.",medium,6
JQ,24,kuteif,Wadi Kuteif,"a tomb (קבר), which is itself the hiding place (Høgenhaven p.129) ; in 'the wadi/torrent of ha-Kippa' (נחל הכפא) ; route: 'on the way from Jericho to Sokokah' (בבואה מירחו לסככא)","myrḥw 'from Jericho' is read by Milik, Puech ('certain', 2015 p.59), Beyer and Lefkovits; Allegro read 'the eastern entrance', with no Jericho (Puech 2015 p.59 n.232). The tomb word קבר is not disputed; the meaning of Kippa (rock / cavern) is.",partly,not stated,keep,"Evidence: two sources describe one rock-cut, stepped subterranean chamber in Wadi Kuteif (SWP p.220; Milik D12). SWP calls its use 'enigmatical' and Milik says it is 'probably' a tomb but not necessarily early; no source dates it, and no other tombs in the wadi are reported in the sources consulted. Inference: a tomb type is present in the wadi, but nothing shows a tomb there in the 1st century, and this output does not treat the reported chamber as the entry's tomb. The low, route-based verdict is unchanged.",low,3
JQ,28,jordan_ford,Lower Jordan near Jericho (a ford; river level only),"a יגר: cairn or heap (Milik C77; Puech 2015 p.62); Eshel: possibly a dam ; מגזת הכוהן הגדול: 'the ford (Milik, Puech) or bridge (Allegro, Lefkovits) of the High Priest'","מגזה = ford (Milik D16; Puech 2015 p.62 n.244, after Sokoloff) or bridge (Allegro; Lefkovits; Schiffman 'bridge or passageway'). יגר = cairn (Milik, Puech) or dam (Eshel CSS p.102 n.20, who says he does not understand the description; Puech: 'difficult to imagine a ford and a dam side by side').",partly,not stated,keep,"Evidence: 19th-century survey records five fords of the lower Jordan near Jericho, one of them called ancient (SWP p.170), and Roman roads reaching Jericho (pp.188–189); no source reports a cairn or heap at a ford, and none gives archaeology for any ford. Inference: a river crossing is a natural feature and was surely used in the period, but that is background, not a published finding; the cairn cannot be checked. The river-level verdict is kept.",low,4
JQ,30,jericho_area,"Jericho oasis (town or district, no finer place)","a cave (מערה) 'next to' (אצל) ; the 'cool room / frigidarium' (המקר[ה], Puech) of the house of Haqqoṣ; on Milik's reading only 'in the vicinity of' Bet ha-Qoṣ ; a residence or estate of the Haqqoṣ family (בית הקצ)","End of VII 8: Puech המקר[ה] 'cool room' (mem 'assured', the whole 'probable rather than sure', CSS p.71–72) against Milik בקר[ב]ו 'in its vicinity'. בית הקצ: the priestly family Haqqoṣ (Milik, Puech) or 'summer house' (Allegro, Beyer, Lefkovits, Schiffman); Puech abandons 'summer' (2015 p.66).",partly,in use 1st c. BCE–70 CE,keep,"Evidence: Hasmonean–Herodian Jericho had palaces with pools, baths and aqueducts (Eshel pp.99–100; Wexler p.ix; Puech p.36), priestly families held residences there (Puech p.101), and caves in the cliffs above the plain were in use in the 1st c. BCE–1st c. CE (Eshel and Zissu p.149). So both landmark types, a cave and a bath-house 'cool room', existed in the Jericho area in the period. No source identifies a house of Haqqoṣ, and the 'cool room' depends on Puech's reading. Inference: the archaeology confirms the setting at area level only; the verdict stays 'possible', medium.",medium,6
JQ,30,tell_el_qos,Tell el-Qos,"a cave (מערה) 'next to' (אצל) ; the 'cool room / frigidarium' (המקר[ה], Puech) of the house of Haqqoṣ; on Milik's reading only 'in the vicinity of' Bet ha-Qoṣ ; a residence or estate of the Haqqoṣ family (בית הקצ)","End of VII 8: Puech המקר[ה] 'cool room' (mem 'assured', the whole 'probable rather than sure', CSS p.71–72) against Milik בקר[ב]ו 'in its vicinity'. בית הקצ: the priestly family Haqqoṣ (Milik, Puech) or 'summer house' (Allegro, Beyer, Lefkovits, Schiffman); Puech abandons 'summer' (2015 p.66).",not in sources,not stated,lower,"Evidence: the only published description of Tell el-Qos (SWP p.222) makes it a heap of stones rather than a settlement mound, and it gives no date; Milik's choice rests on the name and on Nehemiah, and he describes no remains (D18). No source reports a building, a bath room or a cave there. Inference: without any reported ancient remains, the partial name echo is the only support, which is weaker than the area-level Jericho placement; this slightly lowers Tell el-Qos within the 'possible' band.",medium,4
JQ,31,doq,"Doq: Jebel Qarantal (Jebel Quruntul, Mount of Temptation)",'the eastern corner' of המשט<ו>ח 'the drying room' (Puech 2015 p.67) or of המשמרה 'the fortress / guardhouse' (Milik D19; Eshel p.104; Lefkovits p.232) ; place: Doq (דוק),"Puech reads hmšṭḥ, 'drying room', calling ṭet and ḥet 'indisputable' and hmšmrh 'not likely' (2015 p.67). Milik, Wolters, Lefkovits, Eshel and Schiffman read משמרה 'guardhouse / fortress'. On Puech's reading the fortress is not the landmark.",partly,in use 1st c. BCE–70 CE,keep,"Evidence: a Hasmonean fortress with an aqueduct and rock-cut cisterns is reported on the summit (Eshel pp.100–101, after Amit), though later building has largely erased it (Milik D19; SWP p.205 judged the visible remains medieval). Eshel states generally that such fortresses were garrisoned in the 1st century CE (p.92), and caves on the mountain were used for dwelling and storage from the 1st c. BCE to the First Revolt (Eisenberg p.120; Aronshtam p.101; Abeles p.135). Inference: on the 'fortress' reading the landmark type existed in the period; on Puech's 'drying room' no such installation is reported. The site-level verdict is kept at medium because the landmark word is disputed. Follow-up 2026-09-29 (second run): Garbrecht & Peleg (BA 57, 1994, pp.164-165) describe the system as a wadi diversion weir, a 500 m channel and nine cisterns (c. 2,100 m3), and say Dok 'is apparently the only fort that was not later rebuilt by Herod' (p.164), a historical inference; 1st-c. CE occupation of the summit is not shown by them (Q24).",medium,11
JQ,32,choziba,Wadi el-Qelt at Choziba (St George's monastery),"'the mouth of the water outlet' (פי יציאת המים) at Koziba; Eshel: the head of an aqueduct ; הטור: a retaining wall (Milik C95, D20), parapet / mountain (Puech 2015 p.68), or הסור 'the rock' (Eshel p.105)","hkwzbʾ is read by Milik, Puech, Allegro (final edition) and Eshel; Lefkovits reads הבוזבא 'of Buz'; Allegro's earlier hbybʾ 'the sewer' is rejected by Puech (2015 p.67). The second landmark is read ṭwr (Milik, Puech), ṭyp (Allegro) or swr (Eshel).",yes,in use 1st c. BCE–70 CE,keep,"Evidence: the Qelt gorge carried Hasmonaean and Herodian aqueducts to Jericho (Eshel pp.97–100), and the surviving system, with its channel heads, bridges and a retaining wall built against the cliff, is described by SWP (pp.205–206, 227–228) and judged by Milik to keep the Herodian plan (D20), though SWP dates the visible fabric to Roman or Byzantine times. So 'water outlet' and 'retaining wall' match installations in use in the period. Inference: the landmark check succeeds, but the name Koziba is attested only from the 5th-century monastery, which is what limits the verdict; it stays best-supported, medium.",medium,6
JQ,4,tell_es_sultan,"Tell es-Sultan (Old Jericho, Elisha's spring)","a mound or ruin-heap: 'the tell of Koḥlit' (תל); Eshel 'ruins' ; a conduit (אמא), with the opening at its northern edge ; an immersion installation a stated distance away: Puech's 'cold room (frigidarium) of the bath' (מקרת) or Milik's 'crevice of immersion' (ניקרת)","The name Koḥlit is secure at I 9, II 13, IV 11–12 and XII 10; at IV 1 it is restored ([כ]חלת Puech; Milik read ···קה, DJD D60). Puech's מקרת 'frigidarium' (a built bath) against Milik's, Wolters's, Eshel's and Schiffman's ניקרת 'crevice' (a rock cleft); Milik's מפי גל 'from the mouth of the heap' against Puech's מפוגל 'disqualified'.",partly,earlier only,keep,"Evidence: the mound exists and its main city is early (SWP p.223), so in the 1st century it was an old ruin-mound; channels run from the spring below it but are undated (SWP pp.222–223); the dated Hasmonean–Herodian aqueducts and baths are in the palace area south of the tell (Eshel pp.99–100; Puech p.36), not at it; no immersion installation is reported at the tell. Inference: a ruin-mound suits Eshel's 'ruins of Kohlit', but the bath needed on Puech's reading is not found at the tell. The Koḥlit identification is still a hypothesis and stays 'possible'. Block summary for Tell es-Sultan (entries 4, 11, 15, 16, 19, 60), by landmark type: mound — reported (an artificial tell whose main city was early; SWP p.223); pool — a spring reservoir of dressed stone, undated (SWP pp.222–223); great cistern — not reported; conduit — spring channels (undated) and aqueducts from ʿAin es-Sultan dated Byzantine/Crusader by SWP, while dated Hasmonean–Herodian aqueducts serve the palaces south of the tell (Eshel pp.99–100); pits — not reported; tombs — a large cemetery north and west of the tell with tombs down to the Roman period (Sala p.117) and Qumran-type graves on its north side (Puech citing Kenyon).",medium,10
JQ,11,tell_es_sultan,"Tell es-Sultan (Old Jericho, Elisha's spring)","a pool (ברכא) east of Koḥlit, with a northern corner (מקצע), i.e. a built, cornered basin","The name Koḥlit is secure at I 9, II 13, IV 11–12 and XII 10; at IV 1 it is restored ([כ]חלת Puech; Milik read ···קה, DJD D60). No dispute over 'pool'; a dittography {אמות} does not affect location.",partly,not stated,keep,"Evidence: SWP describes a shallow reservoir of dressed stone at Elisha's spring and irrigation channels (pp.222–223), but gives no date; the Hasmonean–Herodian pools reported for Jericho belong to the palaces south of the tell (Wexler p.ix; Eshel pp.99–100). Inference: a cornered basin by the spring would fit the kind of feature, but nothing dates the reservoir to the 1st century, so the entry gains no support beyond Phase 3. Block summary for Tell es-Sultan (entries 4, 11, 15, 16, 19, 60), by landmark type: mound — reported (an artificial tell whose main city was early; SWP p.223); pool — a spring reservoir of dressed stone, undated (SWP pp.222–223); great cistern — not reported; conduit — spring channels (undated) and aqueducts from ʿAin es-Sultan dated Byzantine/Crusader by SWP, while dated Hasmonean–Herodian aqueducts serve the palaces south of the tell (Eshel pp.99–100); pits — not reported; tombs — a large cemetery north and west of the tell with tombs down to the Roman period (Sala p.117) and Qumran-type graves on its north side (Puech citing Kenyon).",low,10
JQ,15,tell_es_sultan,"Tell es-Sultan (Old Jericho, Elisha's spring)",a great cistern (בור הגדול) north of Koḥlit (place-name restored) ; a pillar (עמוד) on its north side,"The name Koḥlit is secure at I 9, II 13, IV 11–12 and XII 10; at IV 1 it is restored ([כ]חלת Puech; Milik read ···קה, DJD D60). Here the place name is a restoration (Puech, 'with near certainty'); DJD III D60 reads only …קה.",not in sources,not stated,keep,"Evidence: no source consulted reports a large cistern at or north of Tell es-Sultan; the only pillar SWP mentions is a column shaft among Byzantine-style ruins beside the tell (p.223), unrelated to any cistern. Inference: the entry's landmark is not attested there in any period, and its place name is itself restored, so the 'possible' status rests only on Puech's grouping; this adds nothing and removes nothing. Block summary for Tell es-Sultan (entries 4, 11, 15, 16, 19, 60), by landmark type: mound — reported (an artificial tell whose main city was early; SWP p.223); pool — a spring reservoir of dressed stone, undated (SWP pp.222–223); great cistern — not reported; conduit — spring channels (undated) and aqueducts from ʿAin es-Sultan dated Byzantine/Crusader by SWP, while dated Hasmonean–Herodian aqueducts serve the palaces south of the tell (Eshel pp.99–100); pits — not reported; tombs — a large cemetery north and west of the tell with tombs down to the Roman period (Sala p.117) and Qumran-type graves on its north side (Puech citing Kenyon).",low,10
JQ,16,tell_es_sultan,"Tell es-Sultan (Old Jericho, Elisha's spring)",a conduit (אמא) 'going to [ ]' (Puech restores 'the pool'; Eshel 'Hyrcania') ; a distance 'as you enter',"No place name survives; the goal of the conduit is restored (Puech ל[בר]כא 'to the pool' (?); Eshel 'to Hyrcania'; Milik and Lefkovits blank). The figure is 14 (Puech), 41 (Milik, Eshel) or 40 (Lefkovits).",partly,not stated,keep,"Evidence: channels from the spring below the tell are recorded but undated (SWP pp.222–223); the aqueducts SWP traces from ʿAin es-Sultan are dated by him to Byzantine and Crusader times (pp.177, 179); dated Hasmonean–Herodian conduits in the oasis served the palaces to the south (Eshel pp.99–100; Aharonovich et al. 2025). Inference: conduits are common in the oasis, so the type is available, but no conduit at the tell is dated to the period and the entry names no place; the placement still follows only from neighbouring entries. Block summary for Tell es-Sultan (entries 4, 11, 15, 16, 19, 60), by landmark type: mound — reported (an artificial tell whose main city was early; SWP p.223); pool — a spring reservoir of dressed stone, undated (SWP pp.222–223); great cistern — not reported; conduit — spring channels (undated) and aqueducts from ʿAin es-Sultan dated Byzantine/Crusader by SWP, while dated Hasmonean–Herodian aqueducts serve the palaces south of the tell (Eshel pp.99–100); pits — not reported; tombs — a large cemetery north and west of the tell with tombs down to the Roman period (Sala p.117) and Qumran-type graves on its north side (Puech citing Kenyon).",low,10
JQ,19,tell_es_sultan,"Tell es-Sultan (Old Jericho, Elisha's spring)","'the eastern pit' (השית המזרחית) north of Koḥlit, implying more than one pit","The name Koḥlit is secure at I 9, II 13, IV 11–12 and XII 10; at IV 1 it is restored ([כ]חלת Puech; Milik read ···קה, DJD D60). Allegro read בחלה 'hole' instead of the name; Puech and Milik keep kḥlt.",not in sources,not stated,keep,"Evidence: no source consulted reports pits north of Tell es-Sultan; what is reported north of the tell is a large cemetery with tombs down to the Roman period (Sala p.117) and Qumran-type graves (Puech pp.13–14 n.49, citing Kenyon). Inference: shaft graves are not the same as a pit, and nothing dates a pit; the entry's 'possible' status depends on entries 4, 11, 15 and 60 being solved together. Block summary for Tell es-Sultan (entries 4, 11, 15, 16, 19, 60), by landmark type: mound — reported (an artificial tell whose main city was early; SWP p.223); pool — a spring reservoir of dressed stone, undated (SWP pp.222–223); great cistern — not reported; conduit — spring channels (undated) and aqueducts from ʿAin es-Sultan dated Byzantine/Crusader by SWP, while dated Hasmonean–Herodian aqueducts serve the palaces south of the tell (Eshel pp.99–100); pits — not reported; tombs — a large cemetery north and west of the tell with tombs down to the Roman period (Sala p.117) and Qumran-type graves on its north side (Puech citing Kenyon).",low,10
JQ,60,tell_es_sultan,"Tell es-Sultan (Old Jericho, Elisha's spring)",a pit (שית) in or north of Koḥlit ; its opening hidden (Puech) or facing north (Milik) ; tombs (קברין) at its mouth,"The name Koḥlit is secure at I 9, II 13, IV 11–12 and XII 10; at IV 1 it is restored ([כ]חלת Puech; Milik read ···קה, DJD D60). The second word is disputed: שכנה 'situated' (Puech), שבצח 'of the Smooth Rock' (Milik), שבינח 'in Janoah' (Beyer, Lefkovits), שכינה (Wolters, Allegro); only Janoah would add a place name, and Puech rejects it on the engraving.",partly,in use 1st c. BCE–70 CE,keep,"Evidence: a large cemetery lies north and west of Tell es-Sultan, with tombs from Early Bronze I to the Roman period (Sala p.117), and Puech, citing Kenyon, reports graves of the Qumran type on the north side (pp.13–14 n.49). No pit is reported. Inference: 'Roman period' and a Qumran-type comparison make 1st-century burials north of the tell likely, though the sources consulted give no closer dates; this confirms the tomb landmark in kind, which Phase 3 had from Puech alone, but it does not identify Koḥlit, so the verdict stays 'possible'. Block summary for Tell es-Sultan (entries 4, 11, 15, 16, 19, 60), by landmark type: mound — reported (an artificial tell whose main city was early; SWP p.223); pool — a spring reservoir of dressed stone, undated (SWP pp.222–223); great cistern — not reported; conduit — spring channels (undated) and aqueducts from ʿAin es-Sultan dated Byzantine/Crusader by SWP, while dated Hasmonean–Herodian aqueducts serve the palaces south of the tell (Eshel pp.99–100); pits — not reported; tombs — a large cemetery north and west of the tell with tombs down to the Roman period (Sala p.117) and Qumran-type graves on its north side (Puech citing Kenyon).",low,10
JER,9,jer_east_gate,"Jerusalem, East Gate of the Temple enclosure (Golden Gate position)","gate: השער המזרחי 'the East Gate' (definite, no qualifier) ; cistern (בור) opposite the gate ; channel or conduit (מזקא) belonging to the cistern","The gate phrase is read the same way in all editions. מזקא 'channel' (Milik, Puech) against Allegro and Luria's במוקא. The distance figure differs between editions and is a feature of the text only. Thiering (CSS p. 285) takes 'the Eastern Gate' to be a courtyard door at Qumran; Phase 3 did not adopt this.",partly,not stated,keep,"Evidence: Warren's galleries in front of the Golden Gate met rock cuttings and walls that he does not date (Recovery pp. 153-158), and his survey lists many undated rock-cut cisterns with feed channels under the platform (pp. 204 ff.). The 1st-century east gate itself is known only from texts (Mishnah Middot, Neh 3:29; Lefkovits p. 127, Puech p. 184); BK: the standing Golden Gate is usually dated late Byzantine or Umayyad. Inference: cisterns with channels are common in the enclosure, so the landmark type is plausible, but no report dates such a cistern near the east gate to the 1st century, and the verdict stays where the texts put it.",medium,6
JER,10,jer_east_gate,"Jerusalem, eastern wall/rampart (next to the East Gate of entry 9)","cistern (בור) under החומא 'the wall/rampart', on the east side ; rock projection or spur (שן הסלע) ; entrance under 'the great threshold' (הסף הגדול)","The landmark words are read the same way in all editions. בדין 'bars' (Puech) against כדין 'pitchers' (Lefkovits) concerns only the treasure. Lefkovits renders החומא 'city wall' (p.130), Puech 'rampart'. Whether the wall is the city's or the Temple enclosure's east wall is open. BK: in the 1st century the enclosure's east wall was also the city's east wall.",partly,not stated,keep,"Evidence: Warren describes rock scarps, deep debris and the masonry of the east wall and its south-east angle (Recovery pp. 135-141, 153-158), and undated cisterns with channels under the platform (pp. 204 ff.). No report read describes a cistern with a threshold under the east wall. Inference: rock outcrops and cisterns both occur along the east side at site level, so the landmark types fit, but nothing adds evidence of period, and the identification stays contextual (Puech p. 184; Lefkovits p. 130).",medium,6
JER,36,jer_shaveh,Valley of Shaveh / King's Valley near Jerusalem (Kidron–Hinnom area or el-Baqʿa; which valley is unresolved),"named area: השוא 'the Shaveh' (valley) ; fallow or unploughed land (שלף), the counterpart of the irrigated land of entry 37 ; a rock-cut underground chamber (צריח; Milik C80: a Roman-period tomb type) facing north",The toponym and שלף are read by all editions (Puech 2015 pp. 73-74). Lefkovits leaves שלף open as a possible toponym 'Shalef' (p. 265); Allegro read bšly. צריח is read by all the main editions.,partly,in use 1st c. BCE–70 CE,keep,"Evidence: rock-cut tombs of the Second Temple period are reported in the Kidron valley, including the three Akeldama tombs (Avni & Greenhut 1996, abstract; BK: near the Hinnom junction), and Clermont-Ganneau records a local 'valley of the king' name for the Kidron between the Haram and Bir Eyub (SWP III pp. 53-54). For el-Baqʿa the set has only Milik's statement that it was a necropolis (DJD III p. 274), with no report cited. Inference: underground tomb chambers of the period are common around Jerusalem, so the archaeology fits either candidate and cannot choose the valley; 'fallow land' cannot be tested, and the verdict stays low.",low,4
JER,37,jer_shaveh,"Valley of Shaveh / King's Valley near Jerusalem, its irrigated part (which valley is unresolved)","named area: השוא 'the Shaveh' ; irrigated land (רוי), which needs a water source nearby ; underground chamber (Puech, by emendation) or cippus/boundary stone (Milik)","Both landmark words are disputed. ברוי 'irrigated land' (Milik, Puech) against Lefkovits' בדין, a toponym 'Din' (pp. 268-269), and Beyer's bdwr. Puech's 'underground chamber' emends the engraved bṣwyh (2015 p. 74); Milik (and Puech earlier) read a cippus.",partly,not stated,keep,"Evidence: 19th-century descriptions put irrigated gardens below the Siloam pools, where the Tyropoeon, Hinnom and Kidron meet, and give that stretch of the Kidron a 'valley of the king' name (Wilson 1871 pp. 21-22; Clermont-Ganneau in SWP III pp. 53-54). No source dates the irrigation, and the set describes none at el-Baqʿa. Inference: only the Kidron–Hinnom candidate has a reported water source for an irrigated tract, which slightly favours it over Baqʿa, but the landmark word is disputed and the valley unfixed, so the verdict stays low.",low,5
JER,46,ramat_rahel,"Ramat Raḥel (Kh. Ṣaliḥ), Aharoni's Beth ha-Kerem","named place: Beth ha-Kerem (בית הכרם) ; a large built reservoir (אשוח/אשיח), not a household cistern (Milik C70) ; the reservoir has an entrance ('as you enter, on the left'), not a compass bearing","The toponym and the reservoir word are read the same way in all editions. Only the unit after 'to the left' differs (cubits: Puech, Lefkovits; 'feet': Milik; 'notches': Wolters). That is a feature of the text and does not bear on the site.",partly,earlier only,lower,"Evidence: the excavators date the large plastered pools and channels at Ramat Raḥel to an earlier phase (probably late Iron Age), buried by a fill whose latest pottery is 2nd century BCE (2006-07 report, PDF pp. 16-18). In the Late Second Temple period the site was a small Jewish village with ritual baths and columbaria (INJ 17 pp. 59-60), with undated hewn cisterns on its slope and a probably Hasmonean aqueduct nearby (HA-ESI 137). Inference: the place was inhabited in the scroll's period, but no report describes a large reservoir in use then, and the pools Phase 3 knew only from BK were out of use; since Aharoni's identification partly rests on the scroll's own sequence (Lefkovits p. 333 n. 11), the entry can stay best-supported, but its confidence should fall from medium towards low.",medium,8
JER,48,jer_kidron_mon,"Kidron valley at Absalom's monument, east/south-east of the city","named monument: יד אבשלום, the 'Hand' (monument) of Absalom (2 Sam 18:18: in the King's Valley) ; a free-standing monument with a west side (the side and depth are features of the text only)",The name is read the same way in all editions. Lefkovits notes that יד can mean 'place' (Targum 'the Place of Absalom') (pp. 348-349). Only the unit and verb in X 13 differ (Puech ḥpwr ʾmwt; Milik 'feet').,partly,in use 1st c. BCE–70 CE,keep,"Evidence: the standing Kidron monument is dated by style to the 1st century CE, and its earliest known labels (4th-century inscriptions) name Zacharias, not Absalom (Zias 2023). Josephus knew a marble stele of Absalom two stades from the city (Høgenhaven p. 79 n. 67), and Lefkovits reports that scholars do not equate today's monument with the biblical one (p. 348). Inference: a monumental funerary structure of the scroll's period stood in the Kidron, so type and date fit, but no source shows that it was called Absalom's in the 1st century; the Kidron placement still rests on sequence, and the verdict stays low.",low,6
JER,49,jer_siloam,"Siloam, Jerusalem: Gihon outlet to the Siloam pool",named place: Siloam (שלוח) ; a water outlet or spring (Puech יציאת המים) or baths (Milik בית חמים) ; a trough or gutter (השקת) with the cache under it,"The name depends on reading waw, not reš, and on Puech's restored של (2015 p. 92). Milik reads שלוחי 'of Siloah' qualifying 'the baths'. Lefkovits reads no place name ('of Jehu'); Lurie, Beyer and Wolters read 'of Rachel'. What kind of installation it is also differs: outlet or spring (Puech), baths (Milik), water closet (Lefkovits). השקת is read by all.",partly,in use 1st c. BCE–70 CE,"keep (medium, conditional on the reading)","[Corrected 2026-09-28 after the site review] The large stepped pool is Reich and Shukron's pool at Birkat el-Ḥamra; the HA-ESI street reports call it the Siloam Pool, but Szanton (ʿAtiqot 113, 2023, pp. 35, 38–42) identifies it as Solomon's Pool and the smaller Silwan Pool at the tunnel outlet as Siloam. The pool/outlet setting fits; a period trough of the required type is not established. Verdict: best-supported, medium, conditional on the Siloam reading (the high rating is withdrawn). Original reason follows: Evidence: IAA excavation reports describe, at Siloam, a monumental stepped pool used in the late Second Temple period, other stepped pools, water-supply systems and drainage channels, and a 1st-century CE street from the pool to the Temple Mount destroyed in 70 CE (Szanton 2024; HA-ESI 132, 134, 135). Wilson (1871 p. 22) records the pools fed from the Gihon through an underground channel. Inference: the landmark type, an outlet of water with pools and channels, existed and was in use when the scroll was written, which strengthens the Siloam placement; what remains is textual (waw against reš, and a restored של), which no report can settle.",medium,8
JER,51,jer_se_corner,"Kidron slope below the south-east corner of the Temple enclosure (tomb of Zadok, not itself identified)","'below the southern corner of the האסטאן': the stoa or portico (Milik, Puech: Solomon's Portico on the east side of the enclosure) ; named tomb: קבר צדוק, the tomb of Zadok ; tomb features: an exedra or vestibule (אכסדרן) with a pillar (עמוד)",האסטאן = 'stoa' (Milik D54; Puech 2015 p. 95) against Lefkovits' 'ossuary' (p. 366); under 'ossuary' the entry has no outside landmark. Pixner's ṣdyq 'the Just' needs an emendation. Exedra and pillar are read by all.,partly,in use 1st c. BCE–70 CE,keep,"Evidence: rock-cut tombs of the Second Temple period are reported in the Kidron (Avni & Greenhut 1996, abstract), and Milik puts the standing monumental tombs on the east bank (DJD III pp. 270-271). On the west slope, Warren's work at the south-east angle describes debris and masonry, not tombs (pp. 135-141), and the slope further south was a refuse dump in the 1st century CE (HA-ESI 136); BK: the east-bank tombs include a porch with columns, the kind of pillared vestibule the entry names. Inference: the tomb type fits the Kidron necropolis at site level, but the reported monumental tombs of this type stand on the east bank, which suits Jeremias's variant better than Milik's west-bank placement; the verdict holds at slope level, and the bank is left open.",medium,5
JER,52,jer_kidron_east,"Kidron valley, east slope opposite the (unlocated) tomb of Zadok",'the top of the rock facing west' (ראש הסלע הצופא מערב) ; anchor: opposite the court or garden of Zadok (נגד גנת צדוק) ; a large slab (מסמא) at its base (not a site-level feature),"The two locating phrases are read by all editions. The first word is disputed: הכסח 'scarp' (Puech, Beyer), הבסה 'family plot' (Milik), תבסת 'ruin' (Lefkovits). So is the last phrase: Puech 'at its base, it is consecrated', Milik 'in its water channel'. Allegro's Siloam reading of XI 7 is a minority reading.",partly,in use 1st c. BCE–70 CE,keep,"Evidence: the Kidron's east side is a west-facing rock slope with rock-cut tombs and standing monuments of the Second Temple period (Milik DJD III pp. 270-271; Avni & Greenhut 1996; one monument dated by style to the 1st century CE, Zias 2023). Inference: a west-facing rock with tombs is well attested at site level in the right period, so the setting fits. But the entry is placed only relative to Zadok's court, which no source locates, so the verdict stays at slope level and low.",low,4
JER,55,jer_bethesda,"Pools of Bethesda (St Anne's), north of the Temple enclosure","a complex of two (or more) reservoirs: בית האשוחין 'house of the (two) reservoirs' (Puech, Lefkovits) or Milik's emended בית אשדתין 'Bet Eshdatain' ; a reservoir (אשוח/אשיח) in it ; its smallest basin, which one can enter (לימומית: Milik, Puech)","Only Milik's emended reading gives the name Bethesda. Puech (2015 p. 103) rejects it, but his own reading is a dual or plural 'reservoirs'. Lefkovits reads 'the basin, three cubits' (pp. 392-398); Allegro, Luria and Wolters read lw mymwt.",yes,in use 1st c. BCE–70 CE,keep,"Evidence: the editors report, from excavations they cite but which were not read for this phase (Vincent & Abel 1926; Jeremias 1949/1966), a double pool with a smaller northern basin at St Anne's, in use in the 1st century (John 5:2; Milik DJD III pp. 271-272; Høgenhaven p. 84). Warren describes a second rock-cut double pool nearby, at the Sisters of Sion (1871 pp. 196-197; BK: Josephus' Strouthion pool). Inference: feature and period fit St Anne's, but 'the house of the two reservoirs' alone does not single it out, because the same quarter had another twin pool; the identification still leans on Milik's emended name and the Eusebian tradition, so the verdict stays medium.",medium,4
JER,"3, 5, 7, 8, 12, 12a, 13, 14",jer_temple,"Jerusalem, the Herodian Temple enclosure (Temple Mount), as one block","3: a great cistern in 'the court of the peristyle' (חצר הפרסטלון) ; 5: a spiral staircase or stairwell (המסבא) 'of Manos' ; 7: a cave of 'the old house of MDH/MRH' with a third platform or course (רובד) ; 8: an underground chamber (צריח) with a cistern, in 'the court of the wood stores' ; 12/12a: the southern and eastern corners of a court with a damaged, restored name (Milik: the peribolos) ; 13: a pit in the מלה (Milik, Puech: 'the Esplanade', the retaining walls and fill of the platform) ; 14: a tomb in or at the same מלה, on its east side","Most key words are disputed or restored. The court name in 12 is restored in every edition (Milik 'peribolos'; Puech δίαιτα '(?)'; Lefkovits נבט). In 13-14, מלה/מלח could be 'Esplanade' or 'Melaḥ'. In 8, בתי 'stores' is an emendation of engraved מתי. The key word of 7 is read המדה/המרה/המדח/חמדה. In 5, Puech's המסבא 'spiral staircase' ('graphically certain') replaces Milik's המעבא 'foundry'. Only 'peristyle' in 3 is secure.",partly,in use 1st c. BCE–70 CE,keep,"Evidence: excavation reports describe the Herodian enclosure's walls, corners and platform fill (Shukron & Reich 2011; Warren 1871 pp. 135-159) and undated rock-cut cisterns and underground chambers under the platform (Warren pp. 204 ff.). The peristyle court, the wood-store court, the spiral stair and a tomb by the esplanade are described only in texts (Josephus, Mishnah Middot, 11QTemple), as cited by Milik pp. 272-274, Puech pp. 182-184 and Høgenhaven pp. 56-58. Inference: the landmark types of 12/12a and 13 (corners, retaining walls, fill) and the cisterns and chambers of 3 and 8 fit the enclosure in site and period, but the inner-court and tomb landmarks cannot be checked archaeologically; since these entries fail on readings rather than on archaeology, they stay 'possible, low'.",medium,7
DN,35,mar_saba,Kidron gorge (Wadi en-Nar) near Deir Mar Saba,"יגר: a heap of stones that may cover a burial, i.e. a cairn or burial mound (Milik DJD III C77 p.245; Puech 2015 pp.72-73; Høgenhaven p.74 'heap of stones') ; פי צוק הקדרון: 'the mouth / entrance of the gorge of the Kidron', a natural gorge (Milik DJD III D28 p.268; Puech 2015 p.73) ; on the Lurie/Eshel reading only: יגר = a dam at the head of an aqueduct (Eshel CSS pp.101-102)","יגר is read by all editions, but its sense is disputed: cairn/burial mound (Milik, Puech, Høgenhaven) or 'dam' (Lurie, Eshel), which Puech rejects (2015 p.73 n.298). צוק is 'gorge' for Milik and Puech, 'peak' for Lefkovits (p.262). The name is הקדרון (Allegro, Puech), הקדרוה (Milik; the same name) or הקדרות 'pottery' (Wolters, Pixner; Puech 2015 p.73 nn.299-300).",partly,not stated,keep,"Evidence: SWP III (pp.3, 219) shows Wadi en-Nar open near Jerusalem and a gorge by Mar Saba, so the named natural feature exists, but no source consulted records a cairn or burial mound there; Milik only infers that the scroll's cairns stood by paths (C77 p.245), which SWP's ancient road with wells down the valley (p.58) is consistent with but does not confirm. On the disputed 'dam' reading, Eshel (pp.95, 97, 102, from Patrich) describes a Herodian aqueduct head in the same stretch, so that reading does not move the site. Inference: Dahari (ʿAtiqot 41 pp.233, 239) shows the Kidron is also a canyon where it leaves the escarpment and was used in the 1st c. CE, so 'the mouth of the gorge' alone does not fix the Mar Saba end; that precision comes from Milik's and Puech's route reading, and Høgenhaven's up-valley route (p.74) would fit the lower end as well. The site-level verdict (the Kidron gorge) stays best-supported at medium; the landmark itself is unconfirmed and, as a heap of stones, could not be dated.",medium,8
DN,38,natuf,"ʿAin en-Naṭuf, Wadi Khareitun (cave of St Chariton)","שובך: a dovecote (Puech 2015 pp.76-77; Høgenhaven p.75 n.54), a regular opening of a cave or rock face (Milik DJD III C4 p.238) or a tower (Lefkovits p.273); in every sense a built or rock-cut feature ; שולי/שולו הנטף: the base or edge of ha-Naṭoph; for Milik the point where the spring emerges (DJD III C5 p.239; D30 p.268) ; two holes or pits in the rock near it (Puech 2015 pp.77-78; Høgenhaven p.76 n.55): a detail of the text only","Only the landmark word: שובך = dovecote (Puech, Høgenhaven and most editors, Puech 2015 p.76 n.318), cave opening or inspection hole (Milik), tower (Lefkovits), drain (Schiffman, CSS p.191). The toponym הנטף is read by all editions; in šwly/šwlw the waws are engraved like reš (Puech CSS p.72).",partly,not stated,keep,"Evidence: SWP III (pp.357, 361, 375-376) and Milik (1960 p.150) confirm the spring, the cliff and large natural caves at the site, but the dated remains are late antique and medieval (Chariton's laura, 12th-century ruins), and no source consulted records a dovecote or a rock-cut opening at the spring. Milik (DJD III C4 pp.238-239) shows from texts that rock dovecotes were common and that the Herodium district bred pigeons for the Temple in the Roman period, while the excavated Herodian dovecotes that Puech cites (2015 p.77 n.318) lie elsewhere. Inference: the landmark type is plausible for the district in the period but is not attested at the site, so the identification still rests on the name alone; nothing here raises or lowers it.",medium,8
DN,57,gerizim,Mount Gerizim (Jebel et-Tur) above Nablus,המעלה/המעלא: the step (or steps) (Milik DJD III p.274; Puech 2015 p.108; Lefkovits p.411) ; השית / השוח(ה) העליונא: 'the upper pit' or shaft; 'upper' implies at least one other pit (Lefkovits p.412),"The pit word is šyt (Milik and most editions) or šwḥ(h) (Puech 2015 p.108; Allegro šyḥ); the step is hmʿlh corrected to hmʿlʾ, and Allegro's 'entrance' is rejected by Puech. Neither changes the kind of feature: a pit or shaft with a step or steps.",partly,"earlier (standing as ruins) and later; a Hasmonean garrison into the 70s BCE, not tied to these features",keep,"Evidence: Magen's NEAEHL entry (2008, pp.1742-1748) reports three Hellenistic staircases (E1, 15 steps, 8 x 2 m, p.1745; the southern wing of the sacred precinct, 9 m wide, pp.1746-1747; the eastern approach, up to 23 x 34 m, c. 57 steps, p.1747) and a mansion (Area P) whose building IV has a courtyard cistern (p.1745). The city and temple 'stood abandoned through the Hasmonean and Roman periods' (p.1742) and the coins break after Jannaeus until the 4th c. CE (p.1747); no use or repair of a staircase or the cistern is reported after c. 110 BCE. Magen et al. 2021 (JSP 19 p.58) says the precinct stood almost in its Hellenistic form until the 4th c. CE, and treats the seven 7 BCE-late 1st c. CE coins as strays (p.59), with Festus specimen K35264 (58/59 CE) recorded at Area P locus 5178, basket 51777 (p.159). Correction 2026-10-01: the type total of three does not establish a common findspot (methodology pp.81-82); deposit and feature remain unknown. Later steps and cisterns: Hadrian's stairway (Milik p.274), the Byzantine church, fortress and reservoir (SWP II pp.189-190), Bull's cisterns 'from a later period' (Lefkovits p.412). Inference: steps and pits of the required types stood on the summit in the 1st c. CE as ruins, not as installations in use; a deposit in ruins is not excluded. The name-based verdict stands. (Revised 2026-09-29, second run; see source_extractions_2026-09-29.md.) Third run 2026-09-29 (registration/extractions_run3/): Magen et al. 2021 (JSP 19 pp.39-40, 104-105, 129) add that a Hasmonean garrison stayed on the mountain until Jannaeus, 'possibly even later' (528 Jannaeus coins, 490 of the type struck after 80/79 BCE), and p.46 places a Hasmonean fortress on the northern slope. No find-spots tie the garrison to a staircase or the cistern. The verdict is unchanged.",medium,8
DN,58,beth_shean,"Beth Shean / Scythopolis (Beisan), at a spring of the town","פי המבוע: 'the mouth of the spring', a flowing spring with a defined outlet (all editions); Milik (DJD III C2 p.238) takes it as the orifice of a monumental fountain from which the spring water flows","None for the landmark. The letters of the toponym are agreed; only its identification is disputed (Beth Shean with final mem, Beth Shem(esh), 'House of the Name', or an unknown Beth Shem: Puech 2015 p.109 and nn.488-491; Lefkovits p.414).",yes,in use 1st c. BCE–70 CE,keep,"Evidence: 19th-century descriptions stress that Beisan has several large perennial springs and streams, one named after the Roman theatre (SWP II pp.81, 102, 105, 107), and IAA reports describe 'numerous springs' and a dam and pool of the 1st c. BCE-1st c. CE that stored water in the city's farmland (Har'el 2016; Horowitz and Atrash 2016), with Early Roman burial at the town's edge (Tzin and Najar 2022). So a spring with an outlet is attested at site level and water was being managed in the period; the 'main fountain' that Milik has in mind is known only from 4th-12th-century writers (DJD III pp.261-262). Inference: feature fit improves from 'partial' to 'good', but springs are common in the Beth Shean valley and cannot tell candidates apart; the verdict still rests on reading בית שם as Beth Shean, which Greenfield disputes (Lefkovits p.414), so it stays best-supported at medium.",medium,8
DN,59,ibziq,"Kh. Ibziq (Bezek), north-east of Nablus","ביבא הגדולא: 'the great conduit', a large built drain or water channel at a settlement (Puech 2015 p.110 'large conduit'; Lefkovits 'large drain'; Høgenhaven p.85 'large pipe') ; בית הבזך / בית הכוך: 'the house of Bezek' or 'the burial chamber' near it (Puech 2015 p.111), a building or tomb","The landmark word ביבא is not disputed (Puech rejects bkwkʾ, 2015 p.111 n.501). The toponym is: hbzk (Allegro, Puech, Lefkovits), hbrk (Milik), hkwk (Wolters), hkrk (Beyer) or hbwr (Wilmot, Wise) (Puech 2015 p.110 nn.494-498); the second instance may be bzk or kwk.",not in sources,partly: Roman kokhim tomb of the 1st–2nd c. CE (HA 40 p. 22); few ER surface sherds,"keep (possible, medium; briefly lowered to low on 2026-09-29)","[Updated 2026-09-29, twice] Zertal's Manasseh Hill Country Survey vol. 2 (2008) was read for the two Ibziq sites. Upper Kh. Ibziq (site 44, pp. 195-198): 45 cisterns, reused caves, a Roman road east of the site; no conduit, drain or channel; pottery LR 20%, Byz 30%, EM 10%, MA 30%, no Hel and no ER in the percentages, but two ER vessels illustrated (Fig. 122 nos. 8, 10). Lower Kh. Ibziq (site 42, pp. 191-193): about 70 burial caves, 45 cisterns; pottery Byz 80%, EM 20%. Zertal takes the sites as Eusebius's two Bezek villages but places biblical Bezek at Kh. Salhab (site 23, pp. 104-107, 151-153; ER 15%, no conduit). On the survey alone the confidence was lowered to low (source_leads_2026-09-29.md): the conduit is unreported, the period fit looked weak, and Salhab may have had the name. HA 40 (1971) p. 22 then reported a robbed kokhim burial cave at Kh. Ibziq, excavated 1971, with Roman-period lamps and pottery of the 1st-2nd centuries CE (entry59_bezek_review.md). The period is attested, and the tomb matches Puech's alternative 'burial chamber' reading in type, though it does not identify the chamber. Verdict: possible, medium, as before; Kh. Salhab is added as a low alternative. Follow-up 2026-09-29 (second run, source_extractions_2026-09-29.md): no conduit at Kh. Salhab in SWP II p.240, Guerin (Samarie I p.355) or Gass (WiBiLex); HA 40 (1971) p.22 reports an excavated Roman (1st-2nd c. CE) burial cave at Kh. Ibziq, with no water installation. That run did not revisit the confidence. Original reason follows: Evidence: the only site description available (SWP II p.237) records undated traces of ruins, cisterns and caves at Kh. Ibzik; no source consulted describes a large conduit or drain there or dates any remains to the 1st c. BCE-70 CE, and Puech accepts the site only 'for lack of anything better' (2015 p.110). The modern survey of the Manasseh hill country (Zertal et al.) was not accessible here. Inference: the landmark and the period remain unchecked, so the verdict stays 'possible', resting on the Eusebian name evidence and on the contested bzk reading.",medium,5
DN,"16, 29, 35",hyrcania,"Hyrcania (Kh. el-Mird) and its aqueducts, as proposed by Eshel","16: an אמא (conduit, aqueduct) 'going to [ ]', with a distance 'as you enter'; Eshel restores 'to Hyrcania' and takes it as Hyrcania's northern aqueduct (CSS pp.102-103) ; 29: an אמא 'of Q[...]' and 'the northern reservoir' (האשוח הצפוני) with four sides; Eshel restores Qi[dron] (or Cy[pros]) and takes the conduit as Hyrcania's southern aqueduct and the reservoir as one of its pools (CSS pp.103-105) ; 35: a יגר read as 'dam' at the head of Hyrcania's southern aqueduct in Wadi Qidron (Eshel CSS p.102, after Lurie)","Every link to Hyrcania rests on a restoration or a disputed meaning. 16: the lacuna after הבאה is restored [בר]כא 'pool' by Puech, left blank by Milik and Lefkovits, and 'Hyrcania' only by Eshel. 29: קי[ is restored qyb[wṣ] (Puech), qy[ṣyṣ] (Milik), Kypros or Kidron (Eshel); Puech judges the Kidron restoration too long for the space and Kypros 'ruled out' (2015 p.64 n.252), and Eshel notes that col. VIII spells קדרון without yod (p.105 n.31). 35: 'dam' for יגר is rejected by Puech (2015 p.73 n.298).",yes,in use 1st c. BCE; 1st c. CE disputed,keep,"Evidence: Eshel (pp.95, 97, summarising Patrich) and SWP III (p.212) describe at Hyrcania the kinds of feature these entries need (aqueducts, a dam at an aqueduct head, pools and cisterns), and Eshel dates the northern aqueduct as presumably Hasmonean and the southern one as Herodian, with the fortresses garrisoned in the 1st c. CE (p.92); Wexler's preface (ʿAtiqot 41 pp.vii, xii) lists the system among surviving Roman-period water works. So the landmark types were in place in the period. But the tie to the entries comes only from Eshel's restorations and his reading of יגר, which Puech rejects on space and sense (2015 pp.64, 73), and archaeology cannot decide what stood in the lacunae (inference). The block stays 'possible, low'. Follow-up 2026-09-29 (second run): Garbrecht & Peleg (BA 57, 1994, pp.168-169) report diversion from two wadis, a 112 m saddle bridge in two masonry phases ('possibly' Hasmonean: four lower cisterns; 'possibly' Herodian: twelve upper), three rock-cut pools of c. 18 x 15 x 5 m (c. 4,000 m3) and 16 cisterns (c. 16,000 m3). Patrich 2002 (snippets only) calls the N aqueduct (1950 m) 'almost certainly the earlier', records Hasmonean, Herodian and Byzantine phases (p.336) and 'N pools' serving as a moat (p.351). The N pools are a period feature of the type entry 29 needs (inference), but the restorations still carry the link; 'possible, low' stands. Third run 2026-09-29 (registration/extractions_run3/): the summary table of The Aqueducts of Israel (2002 p.17) gives a 1.95 km Hasmonean aqueduct from Wadi Abu Shu'la and a 9 km Herodian aqueduct from Nahal Qidron; Patrich's chapter makes the shorter, earlier one the N aqueduct (pp.336, 344), as Eshel does. Patrich says Hyrcania 'seems to have been abandoned' after Herod's death and was not used in the Great Revolt (p.336), against Eshel's 1st-c. CE garrison, so the period fit is secure for the 1st c. BCE only. The verdict is unchanged.",low,8
DN,39-45,tekoa_herodium,"Tekoa–Herodium sector (Puech's area for IX 4–X 4); area only, no site identified","39: a (vine) terrace on Puech's reading, and an underground chamber or hypogeum (צריח) facing east ; 40: underground chambers (צריחי), probably burial chambers, natural or man-made (Høgenhaven p.76), with a channel or gutter (זרב) ; 41: a hole or pit (קומעה) (Puech 2015 pp.81-82) ; 42: a waterfall (קול המים) or a dam/reservoir (qyl), by the bend of a built water conduit (ביב) (Puech 2015 p.83) ; 43: a pit (שית) north of the mouth of a gorge (צוק) at Beth Tamar, in stony ground ; 44: a dovecote (שובך) in a 'small fort' (מצדנא), in a structure of at least two levels (Puech 2015 p.86) ; 45: a (re)plastered cistern (בור גר) of channels (מזקות) fed by 'the great wadi' (Puech 2015 p.87)","Several landmarks depend on the reading: 39 bḥblt 'terrace' (Puech) or the toponym Tekelet ha-Šani (Milik); 40 ḥwryn/drwm or ḥwrwn/ym; 41 qwmʿh 'hole' or Milik's emended Qobʿeh; 42 lkpt byb 'bend of a conduit' or Milik's Kephar Nebo; 44 šbmṣdnʾ 'small fort' or Milik's Masada with an aqueduct; 45 bbwr gr 'plastered cistern' or Milik's bkyrgr (wheel-well). שובך is dovecote or opening, as in entry 38.",partly,not stated,keep,"Evidence: 19th-century descriptions of the sector report a fortress, a large reservoir and an aqueduct at Herodium (SWP III pp.27, 330-331), which SWP ties to Herod through Josephus, plus rock-cut tombs, cemented cisterns and a spring at Tekoa, cultivated land by Tekoa, and natural caves and gorges in Wadi Khureitun (SWP III pp.296-300, 357-382); so most landmark types of entries 39-45 (fort, reservoir, cistern, conduit, tomb chambers, caves, gorge, terraced land) occur in the area. Only the Herodium works are placed in the 1st c. BCE by these sources; the rest are undated or later, dovecotes are attested for the district only in texts (Milik C4), and no 'Beth Tamar' or 'Maṣadona' is located. Inference: the types fit Puech's area but do not narrow it to any site; the relevant modern survey (Hirschfeld 1985) was not consulted, so the area-only verdict is kept.",low,9
