site_key,term,total_hits,pages_fetched,multiword_or_search
machaerus,Machaerus,46,3,no
machaerus,Mukawir,20,2,no
machaerus,Mukawer,10,1,no
machaerus,Mekawer,6,1,no
machaerus,Machairous,2,1,no
amathus,Amathus,5,1,no
amathus,Ammata,8,1,no
amathus,Tell Ammata,981,3,yes
amathus,Tall Ammata,710,3,yes
amathus,Amathous,1,1,no
iraq_el_amir,Iraq el-Amir,235,3,yes
iraq_el_amir,Iraq al-Amir,246,3,yes
iraq_el_amir,Araq el-Emir,32,3,yes
iraq_el_amir,Qasr el-Abd,425,3,yes
iraq_el_amir,Qasr al-Abd,425,3,yes
iraq_el_amir,Tobiad,8,1,no
iraq_el_amir,Tyros,5,1,no
livias,Livias,24,3,no
livias,Julias,3,1,no
livias,Betharamphtha,1,1,no
livias,Tell er-Rama,981,3,yes
livias,Tall ar-Rama,709,3,yes
livias,Tall er-Rameh,710,3,yes
livias,Rama,75,3,no
bethany_kharrar,Kharrar,14,2,no
bethany_kharrar,Wadi al-Kharrar,1488,3,yes
bethany_kharrar,Bethany beyond the Jordan,2085,3,yes
bethany_kharrar,Elijah's Hill,772,3,yes
bethany_kharrar,Tell Mar Elias,1242,3,yes
bethany_kharrar,Baptism Site,1911,3,yes
bethany_kharrar,Maghtas,8,1,no
callirrhoe,Callirrhoe,5,1,no
callirrhoe,Kallirrhoe,7,1,no
callirrhoe,Ain ez-Zara,392,3,yes
callirrhoe,Ayn az-Zara,424,3,yes
callirrhoe,Zara,37,3,no
gadara_peraea,Jadur,3,1,no
gadara_peraea,Tell Jadur,981,3,yes
gadara_peraea,Gadara of Peraea,163,3,yes
gadara_peraea,Gadora,5,1,no
gadara_peraea,Salt,312,3,no
abila_peraea,Abila,130,3,no
abila_peraea,Abel-Shittim,0,1,no
abila_peraea,Kafrein,4,1,no
abila_peraea,Kefrein,1,1,no
abila_peraea,Tall el-Hammam,714,3,yes
abila_peraea,Tell el-Hammam,982,3,yes
besimoth,Besimoth,0,1,no
besimoth,Azeimeh,1,1,no
besimoth,Tell el-Azeimeh,981,3,yes
besimoth,Suweimeh,0,1,no
besimoth,Beth-Jeshimoth,0,1,no
bethennabris,Nimrin,57,3,no
bethennabris,Tell Nimrin,994,3,yes
bethennabris,Tall Nimrin,729,3,yes
bethennabris,Bethennabris,0,1,no
bethennabris,Beth Nimrah,191,3,yes
esbus,Hesban,128,3,no
esbus,Hisban,131,3,no
esbus,Heshbon,81,3,no
esbus,Esbus,26,3,no
esbus,Esebon,0,1,no
medaba,Madaba,446,3,no
medaba,Medaba,10,1,no
ragaba,Ragaba,0,1,no
ragaba,Rajib,20,2,no
ragaba,Wadi Rajib,1492,3,yes
tell_iktanu,Iktanu,44,3,no
tell_iktanu,Tell Iktanu,984,3,yes
tell_iktanu,Tall Iktanu,725,3,yes
pella,Pella,357,3,no
pella,Tabaqat Fahl,158,3,yes
pella,Fahl,128,3,no
gadara_decapolis,Umm Qais,798,3,yes
gadara_decapolis,Umm Qeis,801,3,yes
gadara_decapolis,Gadara,193,3,no
gerasa,Jerash,265,3,no
gerasa,Gerasa,247,3,no
jordan_valley_tells,Deir Alla,343,3,yes
jordan_valley_tells,Saidiyeh,6,1,no
jordan_valley_tells,Tell el-Mazar,984,3,yes
jordan_valley_tells,Damiya,18,2,no
jordan_valley_tells,Abu Sarbut,768,3,yes
uncertain_names,Libb,14,2,no
uncertain_names,Zia,12,2,no
uncertain_names,Baaras,3,1,no
uncertain_names,Hammamat Main,1562,3,yes
nebo_area,Mukhayyat,26,3,no
nebo_area,Nebo,175,3,no
nebo_area,Siyagha,32,3,no
arnon_edge,Dhiban,125,3,no
arnon_edge,Aroer,12,2,no
arnon_edge,Arair,0,1,no
generic,Peraea,12,2,no
generic,Perea,8,1,no
generic,Hasmonean,43,3,no
generic,Herodian,99,3,no
generic,Jewish,127,3,no
generic,Jannaeus,29,3,no
generic,miqveh,1,1,no
generic,mikveh,2,1,no
generic,ritual bath,487,3,yes
generic,stone vessels,1676,3,yes
generic,chalk vessels,709,3,yes
generic,Early Roman,2045,3,yes
generic,Late Hellenistic,1761,3,yes
generic,Jordan Valley survey,2133,3,yes
generic,Dead Sea plain survey,1867,3,yes
