source_id,citation,url,sha256,read_mode
abushmais2002,"Abu Shmais, A. and Waheeb, M. 2002. Recent Discoveries in the Baptism Site: The Pottery. ADAJ 46: 561-582",https://publication.doa.gov.jo/uploads/publications/71/ADAJ_2002_46-561-582.pdf,c5887a863114c2ac74cf13cd46758e549e094936449154186bc1f6f18bbda083,OCR
aij1,"ACOR. 2018. Archaeology in Jordan 1 (2016 and 2017 seasons), entire volume (Pella, S. Bourke, pp. 23-24; Khirbat al-Mukhayyat, D. Foran, p. 50; Machaerus, G. Voros, pp. 57-58)",https://publications.acorjordan.org/download/aij-1-2017-2017-entire-volume/,0c43eaad5db23076e8b89cff46c572e420fc71fc3f8e480f813f04c2a1cf41b4,text layer
aij2,"ACOR. 2020. Archaeology in Jordan 2 (2018 and 2019 seasons), entire volume (Gadara/Umm Qays Hinterland Survey, p. 19)",https://publications.acorjordan.org/download/aij-2-2018-2019-entire-volume/,e772a591ec197b4e3006c684b831512450675c79204802cd9d37157369989179,text layer
bisheh1973,"Bisheh, G. 1973. Rock-Cut Tombs at Rajib. ADAJ 18: 63-67",https://publication.doa.gov.jo/uploads/publications/36/ADAJ_1973_18-63-67.pdf,16228f5aea5a1ab13e27705cb2d5da47c45ce8873e377e508103cf0c8039159c,OCR
clamer1989,"Clamer, C. 1989. 'Ain ez-Zara Excavations 1986. ADAJ 33: 217-225",https://publication.doa.gov.jo/uploads/publications/42/ADAJ_1989_33-217-225.pdf,420d50f3a2ee372cf7c60a05afba901e2985643868712315e99397c99fc344ee,OCR
collins2009,"Collins, S. et al. 2009. Tall al-Hammam: Preliminary Report on Four Seasons of Excavation (2006-2009). ADAJ 53: 385-414",https://publication.doa.gov.jo/uploads/publications/66/ADAJ_2009_53-385-414.pdf,fb398208351e9103267898716eb4c4a37ef26fc11484742ff6192d0025f5af8f,text layer
ferguson2013,"Ferguson, J. 2013. Pottery, chronology and cultural succession at Tall Madaba in the Late Hellenistic and Early Roman periods. SHAJ 11: 431-445",https://publication.doa.gov.jo/uploads/publications/16/SHAJ_11-431-445.pdf,d11c168eeabbeeec62951fcd99be55958db6d33e1600c6677f04a8b9ebc1b9fd,OCR
hadidi1979,"Hadidi, A. 1979. A Roman Family Tomb at es-Salt. ADAJ 23: 129-137",https://publication.doa.gov.jo/uploads/publications/105/ADAJ_1979_23-129-137.pdf,240af19769264986bed48c0b235612bfa34d86b6bfbfde3b31111e29fd14fdde,OCR
horn1972,"Horn, S. H. 1972. The 1971 Season of Excavations at Tell Hesban. ADAJ 17: 15-22",https://publication.doa.gov.jo/uploads/publications/51/ADAJ_1972_17%20-15-22.pdf,2e9b1a8e240979988b7a6161ba53628d857e8ab1e9ba75d6ecdc04ec25347000,OCR
ji2009,"Ji, C.-H. C. 2009. Drawing the Borderline: the Nabatean, Hasmonean and Herodian Kingdoms in Central Jordan. SHAJ 10: 617-632",https://publication.doa.gov.jo/uploads/publications/25/SHAJ_10-617-632.pdf,3c51a8f5b355ab23e89364cd1889edd2386ee21b7cbe13d044eba43b88530101,text layer
jilee1998,"Ji, C.-H. C. and Lee, J. K. 1998. Archaeological Survey and Settlement Patterns in the Region of Iraq al-Amir, 1996. ADAJ 42: 587-608",https://publication.doa.gov.jo/uploads/publications/77/ADAJ_1998_42-587-608.pdf,29e0872cb90f5140e566de42f2d4cc9913f6c27f91aea991534009c1cdacb691,OCR
jilee1999,"Ji, C.-H. C. and Lee, J. K. 1999. The 1998 Season of Archaeological Survey in the Regions of Iraq al-Amir and Wadi al-Kafrayn. ADAJ 43: 521-539",https://publication.doa.gov.jo/uploads/publications/78/ADAJ_1999_43-521-539.pdf,c3c8b2ec14ef9b81302c68d9965c3923630a0b265531edeeabee449a1524fbc3,OCR
jilee2002,"Ji, C.-H. C. and Lee, J. K. 2002. The Survey in the Regions of Iraq al-Amir and Wadi al-Kafrayn, 2000. ADAJ 46: 179-195",https://publication.doa.gov.jo/uploads/publications/71/ADAJ_2002_46-179-196.pdf,c59dfb901c199dcb33532fc9074b627ca6460d3692324f3c79f248f62c7c1c2a,OCR
jilee2004,"Ji, C.-H. C. and Lee, J. K. 2004. From the Tobiads to the Hasmoneans: the Hellenistic pottery, coins, and history in the regions of Iraq al-Amir and the Wadi Hisban. SHAJ 8: 177-188",https://publication.doa.gov.jo/uploads/publications/23/SHAJ_8-177-188.pdf,e0369e4f359d4dbf1946d65f8818e54dbdb216658d8b2ae5557e43cf660336b5,OCR
josephus_ant,"Josephus, Antiquities of the Jews, tr. W. Whiston (public domain), Project Gutenberg eBook 2848; cited Book.Chapter.Section (Whiston)",https://www.gutenberg.org/cache/epub/2848/pg2848.txt,bb2e32da8ba3adc109b7694e6a8f2f11570462af2bedd55798da70b754c6e440,text
josephus_war,"Josephus, The Wars of the Jews, tr. W. Whiston (public domain), Project Gutenberg eBook 2850; cited Book.Chapter.Section (Whiston)",https://www.gutenberg.org/cache/epub/2850/pg2850.txt,9a72663aefa6b22bb4398d5f878bb027c6b6de839e7cbe744a34240505fd8d20,text
kafrayn2012,"Papadopoulos, T. J. et al. 2012. Tall al-Kafrayn: Preliminary Report on the University of Ioannina Excavations: 2010 and 2011 Seasons. ADAJ 56: 363-380",https://publication.doa.gov.jo/uploads/publications/44/ADAJ_2012_56-363-380.pdf,9c193421020064fee8c302ef5e04de669547a7cc25dfa2cb74042daac163ea8c,text layer
khalil1996,"Khalil, H. 1996. Archaeological Survey of the East Coast of the Dead Sea: Phase 1: Suwayma, az-Zara and Umm Sidra. ADAJ 40: 429-449",https://publication.doa.gov.jo/uploads/publications/75/ADAJ_1996_40-429-449.pdf,d43ee59cb1c797bde9079f90305fc3d7ffaca21301bcb1dd8b955a79e4c63447,OCR
kokkinos2001,"Kokkinos, N. 2001. A Reconnaissance Trip to Peraea (2-12 October 2000). ADAJ 45: 479-484 (with Auge, C., Note sur le tresor ... de Iraq al-Amir, pp. 483-484 in the same PDF)",https://publication.doa.gov.jo/uploads/publications/40/ADAJ_2001_45-479-484.pdf,9792c071736c2d64300452550f27ea41a180d78995b2950fd304e2271334d127,OCR
lapp1962,"Lapp, P. W. 1962. The 1961 Excavations at 'Araq el-Emir. ADAJ 6-7: 80-89",https://publication.doa.gov.jo/uploads/publications/54/ADAJ_1962_6_7-80-89.pdf,801e6ddf25c46254bb96a3102eec04cf09616096382b829400eccc83b4bd8ecb,OCR
loffreda1981,"Loffreda, S. 1981. Preliminary Report on the Second Season of Excavations at Qal'at el-Mishnaqa - Machaerus. ADAJ 25: 85-94",https://publication.doa.gov.jo/uploads/publications/125/ADAJ_1981_25-85-94.pdf,3731473184dbb98870147f197b565f22772107dacd3755b0b4d440bd4e213ec3,OCR
nimrin1990,"McCreery, D. W. and Flanagan, J. W. 1990. First Preliminary Report of the 1989 Tell Nimrin Project. ADAJ 34: 131-152",https://publication.doa.gov.jo/uploads/publications/64/ADAJ_1990_34-131-152.pdf,762416ed360984c1d6a9c0358d278c72e922dbc015606074defd7f998a511a91,OCR
nimrin1992,"McCreery, D. W., Flanagan, J. W. et al. 1992. Preliminary Report of the 1990 Excavation at Tell Nimrin. ADAJ 36: 89-111",https://publication.doa.gov.jo/uploads/publications/41/ADAJ_1992_36-89-111.pdf,3d60902c8c3450cabb19947bb59f58b162cba46e098184901df1331acc283390,OCR
piccirillo1979,"Piccirillo, M. 1979. First Excavation Campaign at Qal'at el-Mishnaqa-Meqawer (Madaba). ADAJ 23: 177-183",https://publication.doa.gov.jo/uploads/publications/105/ADAJ_1979_23-177-183.pdf,919217ee440b2ed947cb773e496fb4e5883a5ab91d932d8a7716967682d041f1,OCR
pola2013,"Pola, T. et al. 2013. A Preliminary Report of the Tulul adh-Dhahab (Wadi az-Zarqa) Survey and Excavation Seasons 2005-2011. ADAJ 57: 81-96",https://publication.doa.gov.jo/uploads/publications/26/ADAJ_2013_57-81-96.pdf,2d93c3d7d7308302b7ff09aa244761d489d7377680ee2fc1309318fa98b99f0c,text layer
salles2009,"Frangie, D. and Salles, J.-F. 2009. Hasmoneans, Herodians and Arabs in the Jordan Valley: Disputes Over a Border? SHAJ 10: 137-152",https://publication.doa.gov.jo/uploads/publications/25/SHAJ_10-137-152.pdf,a13bd7ad975774e457418c7ac1bd9afa50edb72deeba265b7ab40599a5b4fa67,text layer
salles2013,"Frangie, D. and Salles, J.-F. 2013. Recherches a Umm Hadar, Wadi al-Kafrayn. SHAJ 11: 243-262",https://publication.doa.gov.jo/uploads/publications/16/SHAJ_11-243-262.pdf,d1025541c0b75d9d92870b69a8a59182187b05181b1f4c2559be0eac85925fc7,OCR
strobel1974,"Strobel, A. 1974. Observations about the Roman Installations at Mukawer. ADAJ 19: 101-127",https://publication.doa.gov.jo/uploads/publications/47/ADAJ_1974_19-101-127.pdf,73d775e9daa4c1b6f908a229cc2e687f048569c0e0c07254afe1e55eb2b0f403,OCR
strobel1997,"Strobel, A. 1997. Ancient Roads in the Roman District of South Peraea. SHAJ 6: 271-280",https://publication.doa.gov.jo/uploads/publications/21/SHAJ_6-271-280.pdf,b12c9b658793a5a4fb8a1362f4e60db44c2e6582765f5dc4bc54d872f3fb8131,OCR
voros2016,"Voros, G. 2016. Machaerus: Excavations and Surveys (2009-2012). SHAJ 12: 529-542",https://publication.doa.gov.jo/uploads/publications/15/SHAJ%20XII-529-542.pdf,1ba4cce267098bbea5d9c20f3130892a8edf5f1b033bab434779a3a21f70deb6,text layer
voros2018,"Voros, G. 2018. Machaerus Project: Preliminary Report on the 2016-2017 Archaeological Excavation Seasons. ADAJ 59: 435-454",https://publication.doa.gov.jo/uploads/publications/43/ADAJ_2018_59-435-454.pdf,6a40362fa64c589b9e850d9fdd4cc0c477c7e201a89c563ef47fbf034ad04b90,text layer
waheeb1998,"Waheeb, M. 1998. Wadi al-Kharrar Archaeological Project (al-Maghtas). ADAJ 42: 635-638",https://publication.doa.gov.jo/uploads/publications/77/ADAJ_1998_42-635-638.pdf,b28bb165069cd801237f931cbfb8ce12cd30775c8c8d7b0d3016af0be6ee2816,OCR
waheeb2001,"Waheeb, M. 2001. Recent Discoveries East of the Jordan River: Wadi al-Kharrar Archaeological Project. ADAJ 45: 419-426",https://publication.doa.gov.jo/uploads/publications/40/ADAJ_2001_45-419-426.pdf,2342f53de1325444c4d87a7867cd155d7e9b7b4a61f42160d75160f5f86e82ff,OCR
waheeb2001shaj,"Waheeb, M. 2001. Wadi al-Kharrar Archaeological Project (al-Maghtas). SHAJ 7: 591-600",https://publication.doa.gov.jo/uploads/publications/193/SHAJ_7--591-600.pdf,7936bf8d6cd594f1c10e3d3908a90b2ca0ba7296e95d260021f89c010d50e85f,OCR
wikidata,"Wikidata entity JSON (Special:EntityData) and English Wikipedia article coordinates, read 9 October 2026",https://www.wikidata.org/wiki/Special:EntityData/,,JSON/HTML
