unit_id,random_20pc,coder_a_match
E334,False,True
E357,False,True
S103,True,False
S112,True,False
S1163,True,False
S1252,True,False
S137,True,False
S1380,True,False
S1390,True,False
S1458,True,False
S1488,True,False
S1492,False,True
S1509,True,False
S157,True,False
S1667,True,False
S1718,True,False
S1737,True,False
S178,True,False
S1808,True,False
S1831,False,True
S1841,True,False
S197,True,False
S2041,True,False
S208,True,False
S2093,True,False
S2096,True,False
S2514,True,False
S2515,True,False
S2526,True,False
S2539,False,True
S2565,True,True
S2589,False,True
S2594,False,True
S2605,True,False
S2849,False,True
S3001,False,True
S3036,True,True
S3072,True,True
S3134,True,True
S3137,False,True
S3170,False,True
S3243,True,False
S3419,True,False
S3769,False,True
S432,True,False
S563,True,False
S592,True,False
S6019,True,False
S6040,False,True
S676,True,False
S695,True,False
S770,True,False
S778,True,False
S790,True,False
S806,True,False
S829,True,False
S836,True,False
S841,True,False
S857,True,False
S876,True,False
S916,True,False
S961,True,False
