unit_id,label,main_set,coders,frozen_C2,frozen_A_survey,frozen_coverage_class,source_instrument,reported_absence_scope,flags,archaeological_landmark_exclusion_allowed
S1003,el-Medakakin,True,A,FAIL,FAIL,full,standard_cistern_field,survey entry's site; searched northern sector not established,,False
S1031,Umm Sawaneh 1,True,A,FAIL,FAIL,full,standard_cistern_field,survey entry's site; searched northern sector not established,,False
S1060,E.P. 236,True,A,FAIL,FAIL,full,standard_cistern_field,survey entry's site; searched northern sector not established,,False
S1072,Fari'a el-Juftlik,False,A,UNKNOWN,UNKNOWN,full,standard_cistern_field,survey entry's site; searched northern sector not established,source_entry_crosswalk_or_grid_issue,False
S1080,Tell el-Mazar,True,A,FAIL,FAIL,full,standard_cistern_field,survey entry's site; searched northern sector not established,source_entry_crosswalk_or_grid_issue,False
S1089,'Iraq er-Resifeh 4,True,A,MATCH,UNKNOWN,full,standard_cistern_field,survey entry's site; searched northern sector not established,,False
S1092,Wadi edh-Dhba' 3,True,A,MATCH,UNKNOWN,full,standard_cistern_field,survey entry's site; searched northern sector not established,,False
S1116,Tell eṣ-Ṣimadi,True,A,UNKNOWN,UNKNOWN,full,standard_cistern_field,survey entry's site; searched northern sector not established,field_and_narrative_conflict,False
S1137,Qarawet et-Tahta,True,A,MATCH,UNKNOWN,full,standard_cistern_field,survey entry's site; searched northern sector not established,source_entry_crosswalk_or_grid_issue,False
S1163,'Ain Abu Daraj Fort,True,A+B,UNKNOWN,UNKNOWN,full,standard_cistern_field,survey entry's site; searched northern sector not established,,False
S1169,Wadi Khallal el-Fal 1,True,A,MATCH,UNKNOWN,full,standard_cistern_field,survey entry's site; searched northern sector not established,,False
S1170,Umm Hallal,True,A,UNKNOWN,UNKNOWN,full,standard_cistern_field,survey entry's site; searched northern sector not established,,False
S1173,Rujm es-Si'a,True,A,FAIL,FAIL,full,standard_cistern_field,survey entry's site; searched northern sector not established,field_and_narrative_conflict,False
S1275,Masu'a 2,True,A,MATCH,UNKNOWN,full,standard_cistern_field,survey entry's site; searched northern sector not established,,False
S1296,Kh. Tawil 3,False,A,FAIL,FAIL,full,standard_cistern_field,survey entry's site; searched northern sector not established,,False
S1319,Masu'a 9,False,A,FAIL,FAIL,full,standard_cistern_field,survey entry's site; searched northern sector not established,,False
S1334,'Ain el-Mana',True,A,FAIL,FAIL,full,standard_cistern_field,survey entry's site; searched northern sector not established,,False
S1336,Tell 'Abeid 1,True,A,FAIL,FAIL,full,standard_cistern_field,survey entry's site; searched northern sector not established,,False
S1346,Tell 'Abeid 2,True,A,FAIL,FAIL,full,standard_cistern_field,survey entry's site; searched northern sector not established,,False
S1382,Yafit 8,True,A,FAIL,FAIL,full,standard_cistern_field,survey entry's site; searched northern sector not established,,False
S1390,Wadi Ahmar 4,True,A+B,FAIL,FAIL,full,standard_cistern_field,survey entry's site; searched northern sector not established,,False
S1441,el-Marmale,True,A,UNKNOWN,UNKNOWN,full,standard_cistern_field,survey entry's site; searched northern sector not established,,False
S1443,E.P. -145,True,A,FAIL,FAIL,full,standard_cistern_field,survey entry's site; searched northern sector not established,,False
S1457,Tal'at 'Amreh 1,True,A,FAIL,FAIL,full,standard_cistern_field,survey entry's site; searched northern sector not established,,False
S1474,Yafit 3,True,A,FAIL,FAIL,full,standard_cistern_field,survey entry's site; searched northern sector not established,,False
S1485,Yafit 5,False,A,FAIL,FAIL,full,standard_cistern_field,survey entry's site; searched northern sector not established,,False
S197,Kh. Qa'un 1,False,A+B,UNKNOWN,UNKNOWN,full,standard_cistern_field,survey entry's site; searched northern sector not established,,False
S204,Kh. Qa'un 2,False,A,UNKNOWN,UNKNOWN,full,standard_cistern_field,survey entry's site; searched northern sector not established,,False
S208,Khallaiyel Madkhul 2,True,A+B,UNKNOWN,UNKNOWN,full,standard_cistern_field,survey entry's site; searched northern sector not established,,False
S210,Wadi Qa'un 1,False,A,UNKNOWN,UNKNOWN,full,standard_cistern_field,survey entry's site; searched northern sector not established,,False
S214,Khallaiyel Madkhul 1,True,A,UNKNOWN,UNKNOWN,full,standard_cistern_field,survey entry's site; searched northern sector not established,,False
S241,Tell Mukehaz 2,True,A,FAIL,FAIL,full,standard_cistern_field,survey entry's site; searched northern sector not established,source_entry_crosswalk_or_grid_issue,False
S386,Iraq el-Mardom,False,A,FAIL,FAIL,full,standard_cistern_field,survey entry's site; searched northern sector not established,,False
S418,Tell ed-Diblaqa,False,A,FAIL,FAIL,full,standard_cistern_field,survey entry's site; searched northern sector not established,,False
S432,Kh. el-Maliḥ C,False,A+B,FAIL,FAIL,full,standard_cistern_field,survey entry's site; searched northern sector not established,,False
S447,Fass ej-Jamal,True,A,FAIL,FAIL,full,standard_cistern_field,survey entry's site; searched northern sector not established,,False
S452,Kh. el-Mite,False,A,UNKNOWN,UNKNOWN,full,standard_cistern_field,survey entry's site; searched northern sector not established,,False
S458,el-Bird,False,A,FAIL,FAIL,full,standard_cistern_field,survey entry's site; searched northern sector not established,,False
S493,Kh. Wahrane,True,A,FAIL,FAIL,full,standard_cistern_field,survey entry's site; searched northern sector not established,,False
S503,E.P. 147 B,True,A,UNKNOWN,UNKNOWN,full,standard_cistern_field,survey entry's site; searched northern sector not established,field_and_narrative_conflict,False
S695,el-Khelayel,False,A+B,FAIL,FAIL,full,standard_cistern_field,survey entry's site; searched northern sector not established,,False
S701,Khallet Makḥul,True,A,FAIL,FAIL,full,standard_cistern_field,survey entry's site; searched northern sector not established,,False
S770,Kh. Beit-Hasan,False,A+B,FAIL,FAIL,full,standard_cistern_field,survey entry's site; searched northern sector not established,,False
S790,Bab en-Naqb,True,A+B,FAIL,FAIL,full,standard_cistern_field,survey entry's site; searched northern sector not established,,False
S791,'Ein Shibli',True,A,FAIL,FAIL,full,standard_cistern_field,survey entry's site; searched northern sector not established,,False
S829,er-Rjjum,False,A+B,FAIL,FAIL,full,standard_cistern_field,survey entry's site; searched northern sector not established,,False
S841,Tel Abu Rumh,False,A+B,FAIL,FAIL,full,standard_cistern_field,survey entry's site; searched northern sector not established,,False
S843,Kh. edh-Dhra',False,A,MATCH,UNKNOWN,full,standard_cistern_field,survey entry's site; searched northern sector not established,,False
S845,Kh. es-Saleh,True,A,MATCH,UNKNOWN,full,standard_cistern_field,survey entry's site; searched northern sector not established,site_not_visited,False
S916,en-Na'ajeh 4,True,A+B,UNKNOWN,UNKNOWN,full,standard_cistern_field,survey entry's site; searched northern sector not established,,False
