slot,ordinal,text_span,entry_association_grade,phase_statement,source_citations,independence_status,candidate_options
1,1,I:1–I:4,low,earlier or later only,"Milik DJD D4 p. 263; SWP III p. 226; ʿAtiqot 41 (Aronshtam) pp. 91, 99",not audited independently of sequence reasoning; current project hypotheses,"[{""place_id"": ""nuweimeh"", ""status"": ""preferred"", ""association_grade"": ""low"", ""lat"": 31.8837, ""lon"": 35.4409, ""coordinate_source"": ""PEF XVIII, georeferenced: 'Wady en Nueiameh' lower-course label"", ""coordinate_precision"": ""area ~3 km"", ""footprint_kind"": ""area"", ""map_group"": ""jericho"", ""footprint_status"": ""site/area anchor; measured footprint unavailable"", ""feature_confidence"": ""specific feature unresolved"", ""coordinate_source_independently_rechecked"": false}, {""place_id"": ""buqeia"", ""status"": ""possible"", ""association_grade"": ""low"", ""lat"": 31.7177, ""lon"": 35.3948, ""coordinate_source"": ""PEF XVIII, georeferenced: label point Kh. es-Sumrah"", ""coordinate_precision"": ""area ~5 km"", ""footprint_kind"": ""area"", ""map_group"": ""region"", ""footprint_status"": ""site/area anchor; measured footprint unavailable"", ""feature_confidence"": ""specific feature unresolved"", ""coordinate_source_independently_rechecked"": false}, {""place_id"": ""ain_duk"", ""status"": ""possible"", ""association_grade"": ""low"", ""lat"": 31.8976, ""lon"": 35.4177, ""coordinate_source"": ""PEF XVIII, georeferenced ('Ain ed Duk')"", ""coordinate_precision"": ""~300 m"", ""footprint_kind"": ""point"", ""map_group"": ""jericho"", ""footprint_status"": ""site/area anchor; measured footprint unavailable"", ""feature_confidence"": ""specific feature unresolved"", ""coordinate_source_independently_rechecked"": false}]"
2,2,I:5–I:6,low,Not established in the public archaeology index,Phase 3 site index; Phase 2 landmark lexicon,not audited independently of sequence reasoning; current project hypotheses,"[{""place_id"": ""nuweimeh"", ""status"": ""possible"", ""association_grade"": ""low"", ""lat"": 31.8837, ""lon"": 35.4409, ""coordinate_source"": ""PEF XVIII, georeferenced: 'Wady en Nueiameh' lower-course label"", ""coordinate_precision"": ""area ~3 km"", ""footprint_kind"": ""area"", ""map_group"": ""jericho"", ""footprint_status"": ""site/area anchor; measured footprint unavailable"", ""feature_confidence"": ""specific feature unresolved"", ""coordinate_source_independently_rechecked"": false}, {""place_id"": ""jer_kidron_mon"", ""status"": ""possible"", ""association_grade"": ""low"", ""lat"": 31.77701, ""lon"": 35.23928, ""coordinate_source"": ""Wikidata Q12409409 (Kidron monuments)"", ""coordinate_precision"": ""~100 m"", ""footprint_kind"": ""point"", ""map_group"": ""jerusalem"", ""footprint_status"": ""site/area anchor; measured footprint unavailable"", ""feature_confidence"": ""specific feature unresolved"", ""coordinate_source_independently_rechecked"": false}]"
3,3,I:6–I:8,low,Not established in the public archaeology index,Phase 3 site index; Phase 2 landmark lexicon,not audited independently of sequence reasoning; current project hypotheses,"[{""place_id"": ""jer_temple"", ""status"": ""possible"", ""association_grade"": ""low"", ""lat"": 31.77825, ""lon"": 35.23534, ""coordinate_source"": ""Pleiades 973646718 (Second Temple)"", ""coordinate_precision"": ""~150 m"", ""footprint_kind"": ""point"", ""map_group"": ""jerusalem"", ""footprint_status"": ""site/area anchor; measured footprint unavailable"", ""feature_confidence"": ""specific feature unresolved"", ""coordinate_source_independently_rechecked"": false}, {""place_id"": ""nuweimeh"", ""status"": ""possible"", ""association_grade"": ""low"", ""lat"": 31.8837, ""lon"": 35.4409, ""coordinate_source"": ""PEF XVIII, georeferenced: 'Wady en Nueiameh' lower-course label"", ""coordinate_precision"": ""area ~3 km"", ""footprint_kind"": ""area"", ""map_group"": ""jericho"", ""footprint_status"": ""site/area anchor; measured footprint unavailable"", ""feature_confidence"": ""specific feature unresolved"", ""coordinate_source_independently_rechecked"": false}]"
4,4,I:9–I:12,low,Not established in the public archaeology index,Phase 3 site index; Phase 2 landmark lexicon,not audited independently of sequence reasoning; current project hypotheses,"[{""place_id"": ""tell_es_sultan"", ""status"": ""possible"", ""association_grade"": ""low"", ""lat"": 31.8717, ""lon"": 35.4446, ""coordinate_source"": ""Wikidata Q2402267; PEF control point"", ""coordinate_precision"": ""~150 m"", ""footprint_kind"": ""point"", ""map_group"": ""jericho"", ""footprint_status"": ""site/area anchor; measured footprint unavailable"", ""feature_confidence"": ""specific feature unresolved"", ""coordinate_source_independently_rechecked"": false}]"
5,5,I:13–I:15,low,Not established in the public archaeology index,Phase 3 site index; Phase 2 landmark lexicon,not audited independently of sequence reasoning; current project hypotheses,"[{""place_id"": ""jer_temple"", ""status"": ""possible"", ""association_grade"": ""low"", ""lat"": 31.77825, ""lon"": 35.23534, ""coordinate_source"": ""Pleiades 973646718 (Second Temple)"", ""coordinate_precision"": ""~150 m"", ""footprint_kind"": ""point"", ""map_group"": ""jerusalem"", ""footprint_status"": ""site/area anchor; measured footprint unavailable"", ""feature_confidence"": ""specific feature unresolved"", ""coordinate_source_independently_rechecked"": false}]"
6,6,II:1–II:2,low,Not established in the public archaeology index,Phase 3 site index; Phase 2 landmark lexicon,not audited independently of sequence reasoning; current project hypotheses,"[{""place_id"": ""jer_tyropoeon"", ""status"": ""possible"", ""association_grade"": ""low"", ""lat"": 31.77695, ""lon"": 35.23424, ""coordinate_source"": ""Wikidata Q2914844"", ""coordinate_precision"": ""~200 m"", ""footprint_kind"": ""area"", ""map_group"": ""jerusalem"", ""footprint_status"": ""site/area anchor; measured footprint unavailable"", ""feature_confidence"": ""specific feature unresolved"", ""coordinate_source_independently_rechecked"": false}]"
7,7,II:3–II:4,low,Not established in the public archaeology index,Phase 3 site index; Phase 2 landmark lexicon,not audited independently of sequence reasoning; current project hypotheses,"[{""place_id"": ""jer_temple"", ""status"": ""possible"", ""association_grade"": ""low"", ""lat"": 31.77825, ""lon"": 35.23534, ""coordinate_source"": ""Pleiades 973646718 (Second Temple)"", ""coordinate_precision"": ""~150 m"", ""footprint_kind"": ""point"", ""map_group"": ""jerusalem"", ""footprint_status"": ""site/area anchor; measured footprint unavailable"", ""feature_confidence"": ""specific feature unresolved"", ""coordinate_source_independently_rechecked"": false}]"
8,8,II:5–II:6,low,Not established in the public archaeology index,Phase 3 site index; Phase 2 landmark lexicon,not audited independently of sequence reasoning; current project hypotheses,"[{""place_id"": ""jer_temple"", ""status"": ""possible"", ""association_grade"": ""low"", ""lat"": 31.77825, ""lon"": 35.23534, ""coordinate_source"": ""Pleiades 973646718 (Second Temple)"", ""coordinate_precision"": ""~150 m"", ""footprint_kind"": ""point"", ""map_group"": ""jerusalem"", ""footprint_status"": ""site/area anchor; measured footprint unavailable"", ""feature_confidence"": ""specific feature unresolved"", ""coordinate_source_independently_rechecked"": false}]"
9,9,II:7–II:9,medium,not stated,"Warren 1871 pp. 153–158, 204 ff.",not audited independently of sequence reasoning; current project hypotheses,"[{""place_id"": ""jer_east_gate"", ""status"": ""preferred"", ""association_grade"": ""medium"", ""lat"": 31.77889, ""lon"": 35.23694, ""coordinate_source"": ""Wikidata Q1367167 (Golden Gate)"", ""coordinate_precision"": ""~50 m"", ""footprint_kind"": ""point"", ""map_group"": ""jerusalem"", ""footprint_status"": ""site/area anchor; measured footprint unavailable"", ""feature_confidence"": ""specific feature unresolved"", ""coordinate_source_independently_rechecked"": false}]"
10,10,II:10–II:12,medium,not stated,"Warren 1871 pp. 135–141, 204 ff.",not audited independently of sequence reasoning; current project hypotheses,"[{""place_id"": ""jer_east_gate"", ""status"": ""preferred"", ""association_grade"": ""medium"", ""lat"": 31.77889, ""lon"": 35.23694, ""coordinate_source"": ""Wikidata Q1367167 (Golden Gate)"", ""coordinate_precision"": ""~50 m"", ""footprint_kind"": ""point"", ""map_group"": ""jerusalem"", ""footprint_status"": ""site/area anchor; measured footprint unavailable"", ""feature_confidence"": ""specific feature unresolved"", ""coordinate_source_independently_rechecked"": false}]"
11,11,II:13–II:15,low,Not established in the public archaeology index,Phase 3 site index; Phase 2 landmark lexicon,not audited independently of sequence reasoning; current project hypotheses,"[{""place_id"": ""tell_es_sultan"", ""status"": ""possible"", ""association_grade"": ""low"", ""lat"": 31.8717, ""lon"": 35.4446, ""coordinate_source"": ""Wikidata Q2402267; PEF control point"", ""coordinate_precision"": ""~150 m"", ""footprint_kind"": ""point"", ""map_group"": ""jericho"", ""footprint_status"": ""site/area anchor; measured footprint unavailable"", ""feature_confidence"": ""specific feature unresolved"", ""coordinate_source_independently_rechecked"": false}]"
12,12,III:1–III:4,low,Not established in the public archaeology index,Phase 3 site index; Phase 2 landmark lexicon,not audited independently of sequence reasoning; current project hypotheses,"[{""place_id"": ""jer_temple"", ""status"": ""possible"", ""association_grade"": ""low"", ""lat"": 31.77825, ""lon"": 35.23534, ""coordinate_source"": ""Pleiades 973646718 (Second Temple)"", ""coordinate_precision"": ""~150 m"", ""footprint_kind"": ""point"", ""map_group"": ""jerusalem"", ""footprint_status"": ""site/area anchor; measured footprint unavailable"", ""feature_confidence"": ""specific feature unresolved"", ""coordinate_source_independently_rechecked"": false}]"
12a,13,III:5–III:7,low,Not established in the public archaeology index,Phase 3 site index; Phase 2 landmark lexicon,not audited independently of sequence reasoning; current project hypotheses,"[{""place_id"": ""jer_se_corner"", ""status"": ""possible"", ""association_grade"": ""low"", ""lat"": 31.77639, ""lon"": 35.23694, ""coordinate_source"": ""Wikidata Q2657964 (Marwani Mosque / Solomon's Stables)"", ""coordinate_precision"": ""~80 m"", ""footprint_kind"": ""point"", ""map_group"": ""jerusalem"", ""footprint_status"": ""site/area anchor; measured footprint unavailable"", ""feature_confidence"": ""specific feature unresolved"", ""coordinate_source_independently_rechecked"": false}, {""place_id"": ""jer_temple"", ""status"": ""possible"", ""association_grade"": ""low"", ""lat"": 31.77825, ""lon"": 35.23534, ""coordinate_source"": ""Pleiades 973646718 (Second Temple)"", ""coordinate_precision"": ""~150 m"", ""footprint_kind"": ""point"", ""map_group"": ""jerusalem"", ""footprint_status"": ""site/area anchor; measured footprint unavailable"", ""feature_confidence"": ""specific feature unresolved"", ""coordinate_source_independently_rechecked"": false}]"
13,14,III:8–III:10,low,Not established in the public archaeology index,Phase 3 site index; Phase 2 landmark lexicon,not audited independently of sequence reasoning; current project hypotheses,"[{""place_id"": ""jer_temple"", ""status"": ""possible"", ""association_grade"": ""low"", ""lat"": 31.77825, ""lon"": 35.23534, ""coordinate_source"": ""Pleiades 973646718 (Second Temple)"", ""coordinate_precision"": ""~150 m"", ""footprint_kind"": ""point"", ""map_group"": ""jerusalem"", ""footprint_status"": ""site/area anchor; measured footprint unavailable"", ""feature_confidence"": ""specific feature unresolved"", ""coordinate_source_independently_rechecked"": false}]"
14,15,III:11–III:13,low,Not established in the public archaeology index,Phase 3 site index; Phase 2 landmark lexicon,not audited independently of sequence reasoning; current project hypotheses,"[{""place_id"": ""jer_temple"", ""status"": ""possible"", ""association_grade"": ""low"", ""lat"": 31.77825, ""lon"": 35.23534, ""coordinate_source"": ""Pleiades 973646718 (Second Temple)"", ""coordinate_precision"": ""~150 m"", ""footprint_kind"": ""point"", ""map_group"": ""jerusalem"", ""footprint_status"": ""site/area anchor; measured footprint unavailable"", ""feature_confidence"": ""specific feature unresolved"", ""coordinate_source_independently_rechecked"": false}]"
15,16,IV:1–IV:2,low,Not established in the public archaeology index,Phase 3 site index; Phase 2 landmark lexicon,not audited independently of sequence reasoning; current project hypotheses,"[{""place_id"": ""tell_es_sultan"", ""status"": ""possible"", ""association_grade"": ""low"", ""lat"": 31.8717, ""lon"": 35.4446, ""coordinate_source"": ""Wikidata Q2402267; PEF control point"", ""coordinate_precision"": ""~150 m"", ""footprint_kind"": ""point"", ""map_group"": ""jericho"", ""footprint_status"": ""site/area anchor; measured footprint unavailable"", ""feature_confidence"": ""specific feature unresolved"", ""coordinate_source_independently_rechecked"": false}]"
16,17,IV:3–IV:5,low,Not established in the public archaeology index,Phase 3 site index; Phase 2 landmark lexicon,not audited independently of sequence reasoning; current project hypotheses,"[{""place_id"": ""tell_es_sultan"", ""status"": ""possible"", ""association_grade"": ""low"", ""lat"": 31.8717, ""lon"": 35.4446, ""coordinate_source"": ""Wikidata Q2402267; PEF control point"", ""coordinate_precision"": ""~150 m"", ""footprint_kind"": ""point"", ""map_group"": ""jericho"", ""footprint_status"": ""site/area anchor; measured footprint unavailable"", ""feature_confidence"": ""specific feature unresolved"", ""coordinate_source_independently_rechecked"": false}, {""place_id"": ""hyrcania"", ""status"": ""possible"", ""association_grade"": ""low"", ""lat"": 31.719, ""lon"": 35.366, ""coordinate_source"": ""Wikidata Q1510248 (fits PEF XVIII 'Kh. Mird'; Pleiades 687923 is 1.7 km E)"", ""coordinate_precision"": ""~200 m"", ""footprint_kind"": ""point"", ""map_group"": ""region"", ""footprint_status"": ""site/area anchor; measured footprint unavailable"", ""feature_confidence"": ""specific feature unresolved"", ""coordinate_source_independently_rechecked"": false}]"
17,18,IV:6–IV:8,medium,in use 1st c. BCE–70 CE (caves),"ʿAtiqot 41 (Aronshtam pp. 98, 101; Eisenberg p. 120; Sion pp. 80–81)",not audited independently of sequence reasoning; current project hypotheses,"[{""place_id"": ""nuweimeh"", ""status"": ""preferred"", ""association_grade"": ""medium"", ""lat"": 31.8837, ""lon"": 35.4409, ""coordinate_source"": ""PEF XVIII, georeferenced: 'Wady en Nueiameh' lower-course label"", ""coordinate_precision"": ""area ~3 km"", ""footprint_kind"": ""area"", ""map_group"": ""jericho"", ""footprint_status"": ""site/area anchor; measured footprint unavailable"", ""feature_confidence"": ""specific feature unresolved"", ""coordinate_source_independently_rechecked"": false}, {""place_id"": ""buqeia"", ""status"": ""possible"", ""association_grade"": ""medium"", ""lat"": 31.7177, ""lon"": 35.3948, ""coordinate_source"": ""PEF XVIII, georeferenced: label point Kh. es-Sumrah"", ""coordinate_precision"": ""area ~5 km"", ""footprint_kind"": ""area"", ""map_group"": ""region"", ""footprint_status"": ""site/area anchor; measured footprint unavailable"", ""feature_confidence"": ""specific feature unresolved"", ""coordinate_source_independently_rechecked"": false}, {""place_id"": ""ain_duk"", ""status"": ""possible"", ""association_grade"": ""low"", ""lat"": 31.8976, ""lon"": 35.4177, ""coordinate_source"": ""PEF XVIII, georeferenced ('Ain ed Duk')"", ""coordinate_precision"": ""~300 m"", ""footprint_kind"": ""point"", ""map_group"": ""jericho"", ""footprint_status"": ""site/area anchor; measured footprint unavailable"", ""feature_confidence"": ""specific feature unresolved"", ""coordinate_source_independently_rechecked"": false}]"
18,19,IV:9–IV:10,medium,not stated,SWP III p. 200; Milik DJD D6; ʿAtiqot 41 (Yitah et al.) pp. 180–185,not audited independently of sequence reasoning; current project hypotheses,"[{""place_id"": ""asla"", ""status"": ""possible"", ""association_grade"": ""medium"", ""lat"": 31.7716, ""lon"": 35.451, ""coordinate_source"": ""PEF XVIII, georeferenced: hill label 'Jofet el Asla' (the wadi is not labelled on the sheet)"", ""coordinate_precision"": ""area ~3 km"", ""footprint_kind"": ""area"", ""map_group"": ""jericho"", ""footprint_status"": ""site/area anchor; measured footprint unavailable"", ""feature_confidence"": ""specific feature unresolved"", ""coordinate_source_independently_rechecked"": false}]"
19,20,IV:11–IV:12,low,Not established in the public archaeology index,Phase 3 site index; Phase 2 landmark lexicon,not audited independently of sequence reasoning; current project hypotheses,"[{""place_id"": ""tell_es_sultan"", ""status"": ""possible"", ""association_grade"": ""low"", ""lat"": 31.8717, ""lon"": 35.4446, ""coordinate_source"": ""Wikidata Q2402267; PEF control point"", ""coordinate_precision"": ""~150 m"", ""footprint_kind"": ""point"", ""map_group"": ""jericho"", ""footprint_status"": ""site/area anchor; measured footprint unavailable"", ""feature_confidence"": ""specific feature unresolved"", ""coordinate_source_independently_rechecked"": false}]"
20,21,IV:13–IV:14,medium,in use 1st c. BCE–70 CE,Eshel CSS pp. 94–95; SWP III p. 210; ʿAtiqot 41 (Baruch et al.) pp. 197–198; Puech 2006 pp. 187–189; Qumran reference review (28 September 2026),not audited independently of sequence reasoning; current project hypotheses,"[{""place_id"": ""wadi_qumran"", ""status"": ""preferred"", ""association_grade"": ""medium"", ""lat"": 31.74111, ""lon"": 35.45056, ""coordinate_source"": ""Wikidata Q7218539 (Wadi Qumran)"", ""coordinate_precision"": ""~500 m"", ""footprint_kind"": ""area"", ""map_group"": ""jericho"", ""footprint_status"": ""site/area anchor; measured footprint unavailable"", ""feature_confidence"": ""specific feature unresolved"", ""coordinate_source_independently_rechecked"": false}, {""place_id"": ""kh_qumran"", ""status"": ""possible"", ""association_grade"": ""low"", ""lat"": 31.74183, ""lon"": 35.45941, ""coordinate_source"": ""Pleiades 688011 (Qumran)"", ""coordinate_precision"": ""~100 m"", ""footprint_kind"": ""point"", ""map_group"": ""jericho"", ""footprint_status"": ""site/area anchor; measured footprint unavailable"", ""feature_confidence"": ""specific feature unresolved"", ""coordinate_source_independently_rechecked"": false}]"
21,22,V:1–V:4,medium,in use 1st c. BCE–70 CE,"Eshel CSS pp. 94–95; ʿAtiqot 41 preface p. viii; Milik DJD D9; Puech 2006 pp. 187–189; Qumran reference review (28 September 2026); Lefkovits 2000 pp. 185–189; Stacey 2009, The Dam; Stacey 2007, DSD 14 pp. 222–243",not audited independently of sequence reasoning; current project hypotheses,"[{""place_id"": ""kh_qumran"", ""status"": ""preferred"", ""association_grade"": ""medium"", ""lat"": 31.74183, ""lon"": 35.45941, ""coordinate_source"": ""Pleiades 688011 (Qumran)"", ""coordinate_precision"": ""~100 m"", ""footprint_kind"": ""point"", ""map_group"": ""jericho"", ""footprint_status"": ""site/area anchor; measured footprint unavailable"", ""feature_confidence"": ""specific feature unresolved"", ""coordinate_source_independently_rechecked"": false}]"
22,23,V:5–V:7,medium,in use 1st c. BCE–70 CE,"Cohen & Porat, HA-ESI 132 (2020); Milik 1960 p. 147; SWP III p. 210; Puech 2006 pp. 187–189; Qumran reference review (28 September 2026)",not audited independently of sequence reasoning; current project hypotheses,"[{""place_id"": ""kh_qumran"", ""status"": ""preferred"", ""association_grade"": ""medium"", ""lat"": 31.74183, ""lon"": 35.45941, ""coordinate_source"": ""Pleiades 688011 (Qumran)"", ""coordinate_precision"": ""~100 m"", ""footprint_kind"": ""point"", ""map_group"": ""jericho"", ""footprint_status"": ""site/area anchor; measured footprint unavailable"", ""feature_confidence"": ""specific feature unresolved"", ""coordinate_source_independently_rechecked"": false}]"
23,24,V:8–V:11,low,Not established in the public archaeology index,Phase 3 site index; Phase 2 landmark lexicon; Puech 2006 pp. 187–189; Qumran reference review (28 September 2026),not audited independently of sequence reasoning; current project hypotheses,"[{""place_id"": ""kh_qumran"", ""status"": ""possible"", ""association_grade"": ""low"", ""lat"": 31.74183, ""lon"": 35.45941, ""coordinate_source"": ""Pleiades 688011 (Qumran)"", ""coordinate_precision"": ""~100 m"", ""footprint_kind"": ""point"", ""map_group"": ""jericho"", ""footprint_status"": ""site/area anchor; measured footprint unavailable"", ""feature_confidence"": ""specific feature unresolved"", ""coordinate_source_independently_rechecked"": false}]"
24,25,V:12–V:14,low,not stated,SWP III p. 220; Milik DJD D12; Puech 2006 pp. 187–189; Qumran reference review (28 September 2026),not audited independently of sequence reasoning; current project hypotheses,"[{""place_id"": ""kuteif"", ""status"": ""preferred"", ""association_grade"": ""low"", ""lat"": 31.802, ""lon"": 35.411, ""coordinate_source"": ""PEF XVIII, georeferenced ('Wady Ekteif' label)"", ""coordinate_precision"": ""area ~3 km"", ""footprint_kind"": ""area"", ""map_group"": ""jericho"", ""footprint_status"": ""site/area anchor; measured footprint unavailable"", ""feature_confidence"": ""specific feature unresolved"", ""coordinate_source_independently_rechecked"": false}]"
25,26,VI:1–VI:6,low,Not established in the public archaeology index,Phase 3 site index; Phase 2 landmark lexicon,not audited independently of sequence reasoning; current project hypotheses,"[{""place_id"": ""kh_qumran"", ""status"": ""possible"", ""association_grade"": ""low"", ""lat"": 31.74183, ""lon"": 35.45941, ""coordinate_source"": ""Pleiades 688011 (Qumran)"", ""coordinate_precision"": ""~100 m"", ""footprint_kind"": ""point"", ""map_group"": ""jericho"", ""footprint_status"": ""site/area anchor; measured footprint unavailable"", ""feature_confidence"": ""specific feature unresolved"", ""coordinate_source_independently_rechecked"": false}]"
26,27,VI:7–VI:10,low,Not established in the public archaeology index,Phase 3 site index; Phase 2 landmark lexicon,not audited independently of sequence reasoning; current project hypotheses,"[{""place_id"": ""kh_qumran"", ""status"": ""possible"", ""association_grade"": ""low"", ""lat"": 31.74183, ""lon"": 35.45941, ""coordinate_source"": ""Pleiades 688011 (Qumran)"", ""coordinate_precision"": ""~100 m"", ""footprint_kind"": ""point"", ""map_group"": ""jericho"", ""footprint_status"": ""site/area anchor; measured footprint unavailable"", ""feature_confidence"": ""specific feature unresolved"", ""coordinate_source_independently_rechecked"": false}]"
27,28,VI:11–VI:13,low,Not established in the public archaeology index,Phase 3 site index; Phase 2 landmark lexicon,not audited independently of sequence reasoning; current project hypotheses,"[{""place_id"": ""jericho_area"", ""status"": ""possible"", ""association_grade"": ""low"", ""lat"": 31.85611, ""lon"": 35.46306, ""coordinate_source"": ""Wikidata Q5687 (Jericho)"", ""coordinate_precision"": ""area ~3 km"", ""footprint_kind"": ""area"", ""map_group"": ""jericho"", ""footprint_status"": ""site/area anchor; measured footprint unavailable"", ""feature_confidence"": ""specific feature unresolved"", ""coordinate_source_independently_rechecked"": false}, {""place_id"": ""jer_tombs_kings"", ""status"": ""possible"", ""association_grade"": ""low"", ""lat"": 31.78852, ""lon"": 35.22919, ""coordinate_source"": ""Wikidata Q2916475"", ""coordinate_precision"": ""~50 m"", ""footprint_kind"": ""point"", ""map_group"": ""jerusalem"", ""footprint_status"": ""site/area anchor; measured footprint unavailable"", ""feature_confidence"": ""specific feature unresolved"", ""coordinate_source_independently_rechecked"": false}]"
28,29,VI:14–VII:2,low,not stated,SWP III p. 170,not audited independently of sequence reasoning; current project hypotheses,"[{""place_id"": ""jordan_ford"", ""status"": ""preferred"", ""association_grade"": ""low"", ""lat"": null, ""lon"": null, ""coordinate_source"": ""none: no ford identified"", ""coordinate_precision"": ""area ~10 km"", ""footprint_kind"": ""area"", ""map_group"": ""jericho"", ""footprint_status"": ""site/area anchor; measured footprint unavailable"", ""feature_confidence"": ""specific feature unresolved"", ""coordinate_source_independently_rechecked"": false}]"
29,30,VII:3–VII:7,low,Not established in the public archaeology index,Phase 3 site index; Phase 2 landmark lexicon,not audited independently of sequence reasoning; current project hypotheses,"[{""place_id"": ""jericho_palaces"", ""status"": ""possible"", ""association_grade"": ""low"", ""lat"": 31.85187, ""lon"": 35.43624, ""coordinate_source"": ""Wikidata Q2460244 (Hasmonean royal winter palaces)"", ""coordinate_precision"": ""~300 m"", ""footprint_kind"": ""point"", ""map_group"": ""jericho"", ""footprint_status"": ""site/area anchor; measured footprint unavailable"", ""feature_confidence"": ""specific feature unresolved"", ""coordinate_source_independently_rechecked"": false}, {""place_id"": ""ain_duk"", ""status"": ""possible"", ""association_grade"": ""low"", ""lat"": 31.8976, ""lon"": 35.4177, ""coordinate_source"": ""PEF XVIII, georeferenced ('Ain ed Duk')"", ""coordinate_precision"": ""~300 m"", ""footprint_kind"": ""point"", ""map_group"": ""jericho"", ""footprint_status"": ""site/area anchor; measured footprint unavailable"", ""feature_confidence"": ""specific feature unresolved"", ""coordinate_source_independently_rechecked"": false}, {""place_id"": ""tell_es_sultan"", ""status"": ""possible"", ""association_grade"": ""low"", ""lat"": 31.8717, ""lon"": 35.4446, ""coordinate_source"": ""Wikidata Q2402267; PEF control point"", ""coordinate_precision"": ""~150 m"", ""footprint_kind"": ""point"", ""map_group"": ""jericho"", ""footprint_status"": ""site/area anchor; measured footprint unavailable"", ""feature_confidence"": ""specific feature unresolved"", ""coordinate_source_independently_rechecked"": false}, {""place_id"": ""hyrcania"", ""status"": ""possible"", ""association_grade"": ""low"", ""lat"": 31.719, ""lon"": 35.366, ""coordinate_source"": ""Wikidata Q1510248 (fits PEF XVIII 'Kh. Mird'; Pleiades 687923 is 1.7 km E)"", ""coordinate_precision"": ""~200 m"", ""footprint_kind"": ""point"", ""map_group"": ""region"", ""footprint_status"": ""site/area anchor; measured footprint unavailable"", ""feature_confidence"": ""specific feature unresolved"", ""coordinate_source_independently_rechecked"": false}]"
30,31,VII:8–VII:10,medium,in use 1st c. BCE–70 CE,"Eshel CSS pp. 99–100; Puech 2015 pp. 36, 101",not audited independently of sequence reasoning; current project hypotheses,"[{""place_id"": ""jericho_area"", ""status"": ""possible"", ""association_grade"": ""medium"", ""lat"": 31.85611, ""lon"": 35.46306, ""coordinate_source"": ""Wikidata Q5687 (Jericho)"", ""coordinate_precision"": ""area ~3 km"", ""footprint_kind"": ""area"", ""map_group"": ""jericho"", ""footprint_status"": ""site/area anchor; measured footprint unavailable"", ""feature_confidence"": ""specific feature unresolved"", ""coordinate_source_independently_rechecked"": false}, {""place_id"": ""tell_el_qos"", ""status"": ""weak"", ""association_grade"": ""low"", ""lat"": 31.8551, ""lon"": 35.4656, ""coordinate_source"": ""PEF XVIII, georeferenced ('Tell el Kos')"", ""coordinate_precision"": ""~200 m"", ""footprint_kind"": ""point"", ""map_group"": ""jericho"", ""footprint_status"": ""site/area anchor; measured footprint unavailable"", ""feature_confidence"": ""specific feature unresolved"", ""coordinate_source_independently_rechecked"": false}]"
31,32,VII:11–VII:13,medium,in use 1st c. BCE–70 CE (fortress reading),"Eshel CSS pp. 92, 100–101; Milik DJD D19; SWP III p. 205; ʿAtiqot 41 (Eisenberg p. 120); Garbrecht & Peleg, BA 57 (1994) pp. 164–165",not audited independently of sequence reasoning; current project hypotheses,"[{""place_id"": ""doq"", ""status"": ""preferred"", ""association_grade"": ""medium"", ""lat"": 31.87472, ""lon"": 35.43056, ""coordinate_source"": ""Wikidata Q10742877 (Mount of Temptation, aliases Dok, Doq, Douka); Pleiades 687884 is 1.5 km WSW"", ""coordinate_precision"": ""~300 m"", ""footprint_kind"": ""point"", ""map_group"": ""jericho"", ""footprint_status"": ""site/area anchor; measured footprint unavailable"", ""feature_confidence"": ""specific feature unresolved"", ""coordinate_source_independently_rechecked"": false}, {""place_id"": ""ain_duk"", ""status"": ""possible"", ""association_grade"": ""low"", ""lat"": 31.8976, ""lon"": 35.4177, ""coordinate_source"": ""PEF XVIII, georeferenced ('Ain ed Duk')"", ""coordinate_precision"": ""~300 m"", ""footprint_kind"": ""point"", ""map_group"": ""jericho"", ""footprint_status"": ""site/area anchor; measured footprint unavailable"", ""feature_confidence"": ""specific feature unresolved"", ""coordinate_source_independently_rechecked"": false}]"
32,33,VII:14–VII:16,medium,in use 1st c. BCE–70 CE,"Eshel CSS pp. 97–100; SWP III pp. 205–206, 227–228; Milik DJD D20",not audited independently of sequence reasoning; current project hypotheses,"[{""place_id"": ""choziba"", ""status"": ""preferred"", ""association_grade"": ""medium"", ""lat"": 31.84408, ""lon"": 35.41178, ""coordinate_source"": ""Pleiades 687876 (Choziba)"", ""coordinate_precision"": ""~500 m (wadi stretch)"", ""footprint_kind"": ""area"", ""map_group"": ""jericho"", ""footprint_status"": ""site/area anchor; measured footprint unavailable"", ""feature_confidence"": ""specific feature unresolved"", ""coordinate_source_independently_rechecked"": false}]"
33,34,VIII:1–VIII:3,low,Not established in the public archaeology index,Phase 3 site index; Phase 2 landmark lexicon,not audited independently of sequence reasoning; current project hypotheses,"[{""place_id"": ""jericho_area"", ""status"": ""possible"", ""association_grade"": ""low"", ""lat"": 31.85611, ""lon"": 35.46306, ""coordinate_source"": ""Wikidata Q5687 (Jericho)"", ""coordinate_precision"": ""area ~3 km"", ""footprint_kind"": ""area"", ""map_group"": ""jericho"", ""footprint_status"": ""site/area anchor; measured footprint unavailable"", ""feature_confidence"": ""specific feature unresolved"", ""coordinate_source_independently_rechecked"": false}]"
34,35,VIII:4–VIII:7,low,Not established in the public archaeology index,Phase 3 site index; Phase 2 landmark lexicon,not audited independently of sequence reasoning; current project hypotheses,"[{""place_id"": ""jer_bir_ayyub"", ""status"": ""possible"", ""association_grade"": ""low"", ""lat"": 31.7672, ""lon"": 35.23599, ""coordinate_source"": ""Wikidata Q2919936 (En-rogel, alias ביר איוב)"", ""coordinate_precision"": ""~100 m"", ""footprint_kind"": ""point"", ""map_group"": ""jerusalem"", ""footprint_status"": ""site/area anchor; measured footprint unavailable"", ""feature_confidence"": ""specific feature unresolved"", ""coordinate_source_independently_rechecked"": false}, {""place_id"": ""jericho_area"", ""status"": ""possible"", ""association_grade"": ""low"", ""lat"": 31.85611, ""lon"": 35.46306, ""coordinate_source"": ""Wikidata Q5687 (Jericho)"", ""coordinate_precision"": ""area ~3 km"", ""footprint_kind"": ""area"", ""map_group"": ""jericho"", ""footprint_status"": ""site/area anchor; measured footprint unavailable"", ""feature_confidence"": ""specific feature unresolved"", ""coordinate_source_independently_rechecked"": false}, {""place_id"": ""doq"", ""status"": ""possible"", ""association_grade"": ""low"", ""lat"": 31.87472, ""lon"": 35.43056, ""coordinate_source"": ""Wikidata Q10742877 (Mount of Temptation, aliases Dok, Doq, Douka); Pleiades 687884 is 1.5 km WSW"", ""coordinate_precision"": ""~300 m"", ""footprint_kind"": ""point"", ""map_group"": ""jericho"", ""footprint_status"": ""site/area anchor; measured footprint unavailable"", ""feature_confidence"": ""specific feature unresolved"", ""coordinate_source_independently_rechecked"": false}]"
35,36,VIII:8–VIII:9,medium,not stated,"SWP III pp. 3, 219; ʿAtiqot 41 (Dahari) pp. 233, 239",not audited independently of sequence reasoning; current project hypotheses,"[{""place_id"": ""mar_saba"", ""status"": ""preferred"", ""association_grade"": ""medium"", ""lat"": 31.70494, ""lon"": 35.33115, ""coordinate_source"": ""Pleiades 687969 (Megiste Laura Saba)"", ""coordinate_precision"": ""~500 m (gorge stretch)"", ""footprint_kind"": ""area"", ""map_group"": ""region"", ""footprint_status"": ""site/area anchor; measured footprint unavailable"", ""feature_confidence"": ""specific feature unresolved"", ""coordinate_source_independently_rechecked"": false}, {""place_id"": ""hyrcania"", ""status"": ""possible"", ""association_grade"": ""low"", ""lat"": 31.719, ""lon"": 35.366, ""coordinate_source"": ""Wikidata Q1510248 (fits PEF XVIII 'Kh. Mird'; Pleiades 687923 is 1.7 km E)"", ""coordinate_precision"": ""~200 m"", ""footprint_kind"": ""point"", ""map_group"": ""region"", ""footprint_status"": ""site/area anchor; measured footprint unavailable"", ""feature_confidence"": ""specific feature unresolved"", ""coordinate_source_independently_rechecked"": false}]"
36,37,VIII:10–VIII:13,low,in use 1st c. BCE–70 CE (tombs),Avni & Greenhut 1996; SWP III pp. 53–54,not audited independently of sequence reasoning; current project hypotheses,"[{""place_id"": ""jer_shaveh"", ""status"": ""preferred"", ""association_grade"": ""low"", ""lat"": null, ""lon"": null, ""coordinate_source"": ""none: no source fixes the valley"", ""coordinate_precision"": ""unresolved"", ""footprint_kind"": ""area"", ""map_group"": ""jerusalem"", ""footprint_status"": ""site/area anchor; measured footprint unavailable"", ""feature_confidence"": ""specific feature unresolved"", ""coordinate_source_independently_rechecked"": false}, {""place_id"": ""jer_baqa"", ""status"": ""possible"", ""association_grade"": ""low"", ""lat"": 31.75917, ""lon"": 35.22082, ""coordinate_source"": ""Wikidata Q2916464 (Baka neighbourhood)"", ""coordinate_precision"": ""~700 m"", ""footprint_kind"": ""area"", ""map_group"": ""jerusalem"", ""footprint_status"": ""site/area anchor; measured footprint unavailable"", ""feature_confidence"": ""specific feature unresolved"", ""coordinate_source_independently_rechecked"": false}, {""place_id"": ""jer_kidron_mon"", ""status"": ""possible"", ""association_grade"": ""low"", ""lat"": 31.77701, ""lon"": 35.23928, ""coordinate_source"": ""Wikidata Q12409409 (Kidron monuments)"", ""coordinate_precision"": ""~100 m"", ""footprint_kind"": ""point"", ""map_group"": ""jerusalem"", ""footprint_status"": ""site/area anchor; measured footprint unavailable"", ""feature_confidence"": ""specific feature unresolved"", ""coordinate_source_independently_rechecked"": false}]"
37,38,VIII:14–VIII:16,low,not stated,Wilson 1871 pp. 21–22; SWP III pp. 53–54,not audited independently of sequence reasoning; current project hypotheses,"[{""place_id"": ""jer_shaveh"", ""status"": ""preferred"", ""association_grade"": ""low"", ""lat"": null, ""lon"": null, ""coordinate_source"": ""none: no source fixes the valley"", ""coordinate_precision"": ""unresolved"", ""footprint_kind"": ""area"", ""map_group"": ""jerusalem"", ""footprint_status"": ""site/area anchor; measured footprint unavailable"", ""feature_confidence"": ""specific feature unresolved"", ""coordinate_source_independently_rechecked"": false}, {""place_id"": ""jer_baqa"", ""status"": ""possible"", ""association_grade"": ""low"", ""lat"": 31.75917, ""lon"": 35.22082, ""coordinate_source"": ""Wikidata Q2916464 (Baka neighbourhood)"", ""coordinate_precision"": ""~700 m"", ""footprint_kind"": ""area"", ""map_group"": ""jerusalem"", ""footprint_status"": ""site/area anchor; measured footprint unavailable"", ""feature_confidence"": ""specific feature unresolved"", ""coordinate_source_independently_rechecked"": false}]"
38,39,IX:1–IX:3,medium,not stated,SWP III pp. 357–376; Milik 1960 p. 150; Milik DJD C4,not audited independently of sequence reasoning; current project hypotheses,"[{""place_id"": ""natuf"", ""status"": ""preferred"", ""association_grade"": ""medium"", ""lat"": 31.64436, ""lon"": 35.23543, ""coordinate_source"": ""Wikidata Q7017680 (Khureitun Cave); Pleiades 687874 (Chariton) 31.6515, 35.2359"", ""coordinate_precision"": ""~700 m"", ""footprint_kind"": ""point"", ""map_group"": ""region"", ""footprint_status"": ""site/area anchor; measured footprint unavailable"", ""feature_confidence"": ""specific feature unresolved"", ""coordinate_source_independently_rechecked"": false}]"
39,40,IX:4–IX:6,low,Not established in the public archaeology index,Phase 3 site index; Phase 2 landmark lexicon,not audited independently of sequence reasoning; current project hypotheses,"[{""place_id"": ""tekoa_herodium"", ""status"": ""possible"", ""association_grade"": ""low"", ""lat"": null, ""lon"": null, ""coordinate_source"": ""none: area only"", ""coordinate_precision"": ""area ~8 km"", ""footprint_kind"": ""area"", ""map_group"": ""region"", ""footprint_status"": ""site/area anchor; measured footprint unavailable"", ""feature_confidence"": ""specific feature unresolved"", ""coordinate_source_independently_rechecked"": false}]"
40,41,IX:7–IX:9,low,Not established in the public archaeology index,Phase 3 site index; Phase 2 landmark lexicon,not audited independently of sequence reasoning; current project hypotheses,"[{""place_id"": ""natuf"", ""status"": ""possible"", ""association_grade"": ""low"", ""lat"": 31.64436, ""lon"": 35.23543, ""coordinate_source"": ""Wikidata Q7017680 (Khureitun Cave); Pleiades 687874 (Chariton) 31.6515, 35.2359"", ""coordinate_precision"": ""~700 m"", ""footprint_kind"": ""point"", ""map_group"": ""region"", ""footprint_status"": ""site/area anchor; measured footprint unavailable"", ""feature_confidence"": ""specific feature unresolved"", ""coordinate_source_independently_rechecked"": false}, {""place_id"": ""beth_horon"", ""status"": ""possible"", ""association_grade"": ""low"", ""lat"": 31.8853, ""lon"": 35.11341, ""coordinate_source"": ""IAA survey, Ramallah–Benjamin map 83/1, sites 28 and 143"", ""coordinate_precision"": ""~300 m"", ""footprint_kind"": ""point"", ""map_group"": ""region"", ""footprint_status"": ""site/area anchor; measured footprint unavailable"", ""feature_confidence"": ""specific feature unresolved"", ""coordinate_source_independently_rechecked"": false}]"
41,42,IX:10,unknown,Not established in the public archaeology index,Phase 3 site index; Phase 2 landmark lexicon,not audited independently of sequence reasoning; current project hypotheses,[]
42,43,IX:11–IX:13,low,Not established in the public archaeology index,Phase 3 site index; Phase 2 landmark lexicon,not audited independently of sequence reasoning; current project hypotheses,"[{""place_id"": ""tekoa_herodium"", ""status"": ""possible"", ""association_grade"": ""low"", ""lat"": null, ""lon"": null, ""coordinate_source"": ""none: area only"", ""coordinate_precision"": ""area ~8 km"", ""footprint_kind"": ""area"", ""map_group"": ""region"", ""footprint_status"": ""site/area anchor; measured footprint unavailable"", ""feature_confidence"": ""specific feature unresolved"", ""coordinate_source_independently_rechecked"": false}]"
43,44,IX:14–IX:16,low,Not established in the public archaeology index,Phase 3 site index; Phase 2 landmark lexicon,not audited independently of sequence reasoning; current project hypotheses,"[{""place_id"": ""tell_el_ful"", ""status"": ""possible"", ""association_grade"": ""low"", ""lat"": 31.82348, ""lon"": 35.2312, ""coordinate_source"": ""Pleiades 749935552"", ""coordinate_precision"": ""~100 m"", ""footprint_kind"": ""point"", ""map_group"": ""region"", ""footprint_status"": ""site/area anchor; measured footprint unavailable"", ""feature_confidence"": ""specific feature unresolved"", ""coordinate_source_independently_rechecked"": false}, {""place_id"": ""tekoa_herodium"", ""status"": ""possible"", ""association_grade"": ""low"", ""lat"": null, ""lon"": null, ""coordinate_source"": ""none: area only"", ""coordinate_precision"": ""area ~8 km"", ""footprint_kind"": ""area"", ""map_group"": ""region"", ""footprint_status"": ""site/area anchor; measured footprint unavailable"", ""feature_confidence"": ""specific feature unresolved"", ""coordinate_source_independently_rechecked"": false}]"
44,45,IX:17–X:2,low,Not established in the public archaeology index,Phase 3 site index; Phase 2 landmark lexicon,not audited independently of sequence reasoning; current project hypotheses,"[{""place_id"": ""tekoa_herodium"", ""status"": ""possible"", ""association_grade"": ""low"", ""lat"": null, ""lon"": null, ""coordinate_source"": ""none: area only"", ""coordinate_precision"": ""area ~8 km"", ""footprint_kind"": ""area"", ""map_group"": ""region"", ""footprint_status"": ""site/area anchor; measured footprint unavailable"", ""feature_confidence"": ""specific feature unresolved"", ""coordinate_source_independently_rechecked"": false}]"
45,46,X:3–X:4,low,Not established in the public archaeology index,Phase 3 site index; Phase 2 landmark lexicon,not audited independently of sequence reasoning; current project hypotheses,"[{""place_id"": ""jer_bir_ayyub"", ""status"": ""possible"", ""association_grade"": ""low"", ""lat"": 31.7672, ""lon"": 35.23599, ""coordinate_source"": ""Wikidata Q2919936 (En-rogel, alias ביר איוב)"", ""coordinate_precision"": ""~100 m"", ""footprint_kind"": ""point"", ""map_group"": ""jerusalem"", ""footprint_status"": ""site/area anchor; measured footprint unavailable"", ""feature_confidence"": ""specific feature unresolved"", ""coordinate_source_independently_rechecked"": false}, {""place_id"": ""tekoa_herodium"", ""status"": ""possible"", ""association_grade"": ""low"", ""lat"": null, ""lon"": null, ""coordinate_source"": ""none: area only"", ""coordinate_precision"": ""area ~8 km"", ""footprint_kind"": ""area"", ""map_group"": ""region"", ""footprint_status"": ""site/area anchor; measured footprint unavailable"", ""feature_confidence"": ""specific feature unresolved"", ""coordinate_source_independently_rechecked"": false}]"
46,47,X:5–X:7,low,earlier enclosure (burial fill includes 2nd-c. BCE pottery),"Lipschits et al., Ramat Raḥel 2006–07 report pp. 15–18; INJ 17 pp. 59–60; HA-ESI 137",not audited independently of sequence reasoning; current project hypotheses,"[{""place_id"": ""ramat_rahel"", ""status"": ""preferred"", ""association_grade"": ""low"", ""lat"": 31.73999, ""lon"": 35.21899, ""coordinate_source"": ""Pleiades 671109966"", ""coordinate_precision"": ""~100 m"", ""footprint_kind"": ""point"", ""map_group"": ""jerusalem"", ""footprint_status"": ""site/area anchor; measured footprint unavailable"", ""feature_confidence"": ""specific feature unresolved"", ""coordinate_source_independently_rechecked"": false}]"
47,48,X:8–X:11,low,Not established in the public archaeology index,Phase 3 site index; Phase 2 landmark lexicon,not audited independently of sequence reasoning; current project hypotheses,"[{""place_id"": ""jer_bir_ayyub"", ""status"": ""possible"", ""association_grade"": ""low"", ""lat"": 31.7672, ""lon"": 35.23599, ""coordinate_source"": ""Wikidata Q2919936 (En-rogel, alias ביר איוב)"", ""coordinate_precision"": ""~100 m"", ""footprint_kind"": ""point"", ""map_group"": ""jerusalem"", ""footprint_status"": ""site/area anchor; measured footprint unavailable"", ""feature_confidence"": ""specific feature unresolved"", ""coordinate_source_independently_rechecked"": false}]"
48,49,X:12–X:14,low,in use 1st c. BCE–70 CE,Zias 2023; Høgenhaven p. 79 n. 67; Lefkovits p. 348,not audited independently of sequence reasoning; current project hypotheses,"[{""place_id"": ""jer_kidron_mon"", ""status"": ""preferred"", ""association_grade"": ""low"", ""lat"": 31.77701, ""lon"": 35.23928, ""coordinate_source"": ""Wikidata Q12409409 (Kidron monuments)"", ""coordinate_precision"": ""~100 m"", ""footprint_kind"": ""point"", ""map_group"": ""jerusalem"", ""footprint_status"": ""site/area anchor; measured footprint unavailable"", ""feature_confidence"": ""specific feature unresolved"", ""coordinate_source_independently_rechecked"": false}]"
49,50,X:15–X:16,medium,in use 1st c. BCE–70 CE (pool/outlet setting),Szanton 2023 pp. 35–42; Lefkovits pp. 352–354; Puech 2015 p. 92; see site_identification_review.md,not audited independently of sequence reasoning; current project hypotheses,"[{""place_id"": ""jer_siloam"", ""status"": ""preferred"", ""association_grade"": ""medium"", ""lat"": 31.77008, ""lon"": 35.23616, ""coordinate_source"": ""Wikidata Q3960568 (Siloam); Gihon Q204601 31.7729, 35.2364"", ""coordinate_precision"": ""~300 m"", ""footprint_kind"": ""area"", ""map_group"": ""jerusalem"", ""footprint_status"": ""site/area anchor; measured footprint unavailable"", ""feature_confidence"": ""specific feature unresolved"", ""coordinate_source_independently_rechecked"": false}]"
50,51,X:17–XI:1,low,Not established in the public archaeology index,Phase 3 site index; Phase 2 landmark lexicon,not audited independently of sequence reasoning; current project hypotheses,"[{""place_id"": ""jer_se_corner"", ""status"": ""possible"", ""association_grade"": ""low"", ""lat"": 31.77639, ""lon"": 35.23694, ""coordinate_source"": ""Wikidata Q2657964 (Marwani Mosque / Solomon's Stables)"", ""coordinate_precision"": ""~80 m"", ""footprint_kind"": ""point"", ""map_group"": ""jerusalem"", ""footprint_status"": ""site/area anchor; measured footprint unavailable"", ""feature_confidence"": ""specific feature unresolved"", ""coordinate_source_independently_rechecked"": false}]"
51,52,XI:2–XI:4,medium,in use 1st c. BCE–70 CE,Avni & Greenhut 1996; Milik DJD pp. 270–271; Warren 1871 pp. 135–141; HA-ESI 136,not audited independently of sequence reasoning; current project hypotheses,"[{""place_id"": ""jer_se_corner"", ""status"": ""preferred"", ""association_grade"": ""medium"", ""lat"": 31.77639, ""lon"": 35.23694, ""coordinate_source"": ""Wikidata Q2657964 (Marwani Mosque / Solomon's Stables)"", ""coordinate_precision"": ""~80 m"", ""footprint_kind"": ""point"", ""map_group"": ""jerusalem"", ""footprint_status"": ""site/area anchor; measured footprint unavailable"", ""feature_confidence"": ""specific feature unresolved"", ""coordinate_source_independently_rechecked"": false}, {""place_id"": ""jer_kidron_mon"", ""status"": ""possible"", ""association_grade"": ""low"", ""lat"": 31.77701, ""lon"": 35.23928, ""coordinate_source"": ""Wikidata Q12409409 (Kidron monuments)"", ""coordinate_precision"": ""~100 m"", ""footprint_kind"": ""point"", ""map_group"": ""jerusalem"", ""footprint_status"": ""site/area anchor; measured footprint unavailable"", ""feature_confidence"": ""specific feature unresolved"", ""coordinate_source_independently_rechecked"": false}, {""place_id"": ""jer_south_wall"", ""status"": ""possible"", ""association_grade"": ""low"", ""lat"": 31.77594, ""lon"": 35.23661, ""coordinate_source"": ""Wikidata Q2920336 (Huldah Gates)"", ""coordinate_precision"": ""~80 m"", ""footprint_kind"": ""point"", ""map_group"": ""jerusalem"", ""footprint_status"": ""site/area anchor; measured footprint unavailable"", ""feature_confidence"": ""specific feature unresolved"", ""coordinate_source_independently_rechecked"": false}]"
52,53,XI:5–XI:7,low,in use 1st c. BCE–70 CE,Milik DJD pp. 270–271; Avni & Greenhut 1996; Zias 2023,not audited independently of sequence reasoning; current project hypotheses,"[{""place_id"": ""jer_kidron_east"", ""status"": ""preferred"", ""association_grade"": ""low"", ""lat"": 31.7742, ""lon"": 35.2381, ""coordinate_source"": ""Wikidata Q6901697 (Monolith of Silwan, part of the necropolis); Pleiades 122408432 point (31.7733, 35.2368) lies on the valley floor"", ""coordinate_precision"": ""~300 m"", ""footprint_kind"": ""area"", ""map_group"": ""jerusalem"", ""footprint_status"": ""site/area anchor; measured footprint unavailable"", ""feature_confidence"": ""specific feature unresolved"", ""coordinate_source_independently_rechecked"": false}]"
53,54,XI:8,low,Not established in the public archaeology index,Phase 3 site index; Phase 2 landmark lexicon,not audited independently of sequence reasoning; current project hypotheses,"[{""place_id"": ""jer_south_wall"", ""status"": ""possible"", ""association_grade"": ""low"", ""lat"": 31.77594, ""lon"": 35.23661, ""coordinate_source"": ""Wikidata Q2920336 (Huldah Gates)"", ""coordinate_precision"": ""~80 m"", ""footprint_kind"": ""point"", ""map_group"": ""jerusalem"", ""footprint_status"": ""site/area anchor; measured footprint unavailable"", ""feature_confidence"": ""specific feature unresolved"", ""coordinate_source_independently_rechecked"": false}, {""place_id"": ""jer_kidron_east"", ""status"": ""possible"", ""association_grade"": ""low"", ""lat"": 31.7742, ""lon"": 35.2381, ""coordinate_source"": ""Wikidata Q6901697 (Monolith of Silwan, part of the necropolis); Pleiades 122408432 point (31.7733, 35.2368) lies on the valley floor"", ""coordinate_precision"": ""~300 m"", ""footprint_kind"": ""area"", ""map_group"": ""jerusalem"", ""footprint_status"": ""site/area anchor; measured footprint unavailable"", ""feature_confidence"": ""specific feature unresolved"", ""coordinate_source_independently_rechecked"": false}]"
54,55,XI:9–XI:11,low,Not established in the public archaeology index,Phase 3 site index; Phase 2 landmark lexicon,not audited independently of sequence reasoning; current project hypotheses,"[{""place_id"": ""jer_kidron_east"", ""status"": ""possible"", ""association_grade"": ""low"", ""lat"": 31.7742, ""lon"": 35.2381, ""coordinate_source"": ""Wikidata Q6901697 (Monolith of Silwan, part of the necropolis); Pleiades 122408432 point (31.7733, 35.2368) lies on the valley floor"", ""coordinate_precision"": ""~300 m"", ""footprint_kind"": ""area"", ""map_group"": ""jerusalem"", ""footprint_status"": ""site/area anchor; measured footprint unavailable"", ""feature_confidence"": ""specific feature unresolved"", ""coordinate_source_independently_rechecked"": false}, {""place_id"": ""jer_gethsemane"", ""status"": ""possible"", ""association_grade"": ""low"", ""lat"": 31.77942, ""lon"": 35.23943, ""coordinate_source"": ""Wikidata Q205333 (Gethsemane)"", ""coordinate_precision"": ""~100 m"", ""footprint_kind"": ""point"", ""map_group"": ""jerusalem"", ""footprint_status"": ""site/area anchor; measured footprint unavailable"", ""feature_confidence"": ""specific feature unresolved"", ""coordinate_source_independently_rechecked"": false}]"
55,56,XI:12–XI:15,medium,in use 1st c. BCE–70 CE,Milik DJD pp. 271–272; Høgenhaven p. 84; Warren 1871 pp. 196–197,not audited independently of sequence reasoning; current project hypotheses,"[{""place_id"": ""jer_bethesda"", ""status"": ""preferred"", ""association_grade"": ""medium"", ""lat"": 31.78139, ""lon"": 35.23583, ""coordinate_source"": ""Wikidata Q831297"", ""coordinate_precision"": ""~50 m"", ""footprint_kind"": ""point"", ""map_group"": ""jerusalem"", ""footprint_status"": ""site/area anchor; measured footprint unavailable"", ""feature_confidence"": ""specific feature unresolved"", ""coordinate_source_independently_rechecked"": false}]"
56,57,XI:16–XII:3,low,Not established in the public archaeology index,Phase 3 site index; Phase 2 landmark lexicon,not audited independently of sequence reasoning; current project hypotheses,"[{""place_id"": ""jer_bethesda"", ""status"": ""possible"", ""association_grade"": ""low"", ""lat"": 31.78139, ""lon"": 35.23583, ""coordinate_source"": ""Wikidata Q831297"", ""coordinate_precision"": ""~50 m"", ""footprint_kind"": ""point"", ""map_group"": ""jerusalem"", ""footprint_status"": ""site/area anchor; measured footprint unavailable"", ""feature_confidence"": ""specific feature unresolved"", ""coordinate_source_independently_rechecked"": false}, {""place_id"": ""jer_kidron_east"", ""status"": ""possible"", ""association_grade"": ""low"", ""lat"": 31.7742, ""lon"": 35.2381, ""coordinate_source"": ""Wikidata Q6901697 (Monolith of Silwan, part of the necropolis); Pleiades 122408432 point (31.7733, 35.2368) lies on the valley floor"", ""coordinate_precision"": ""~300 m"", ""footprint_kind"": ""area"", ""map_group"": ""jerusalem"", ""footprint_status"": ""site/area anchor; measured footprint unavailable"", ""feature_confidence"": ""specific feature unresolved"", ""coordinate_source_independently_rechecked"": false}]"
57,58,XII:4–XII:5,medium,"earlier (standing as ruins) and later; a Hasmonean garrison into the 70s BCE (coins), not tied to these features; stray coins only in the 1st c. CE","Magen, NEAEHL 5 (2008) pp. 1742–1747; Magen et al., JSP 19 (2021) pp. 39–40, 46, 58–59, 104–105, 159; SWP II pp. 187–190; Lefkovits p. 412; Milik DJD p. 274",not audited independently of sequence reasoning; current project hypotheses,"[{""place_id"": ""gerizim"", ""status"": ""preferred"", ""association_grade"": ""medium"", ""lat"": 32.20082, ""lon"": 35.27326, ""coordinate_source"": ""Pleiades 678147"", ""coordinate_precision"": ""~500 m"", ""footprint_kind"": ""point"", ""map_group"": ""region"", ""footprint_status"": ""site/area anchor; measured footprint unavailable"", ""feature_confidence"": ""specific feature unresolved"", ""coordinate_source_independently_rechecked"": false}]"
58,59,XII:6–XII:7,medium,in use 1st c. BCE–70 CE,"SWP II pp. 81, 102–107; Har'el, HA-ESI 2016; Horowitz & Atrash, HA-ESI 2016",not audited independently of sequence reasoning; current project hypotheses,"[{""place_id"": ""beth_shean"", ""status"": ""preferred"", ""association_grade"": ""medium"", ""lat"": 32.5037, ""lon"": 35.50309, ""coordinate_source"": ""Pleiades 678378"", ""coordinate_precision"": ""~300 m"", ""footprint_kind"": ""point"", ""map_group"": ""region"", ""footprint_status"": ""site/area anchor; measured footprint unavailable"", ""feature_confidence"": ""specific feature unresolved"", ""coordinate_source_independently_rechecked"": false}]"
59,60,XII:8–XII:9,medium,partly: Roman kokhim tomb of the 1st–2nd c. CE (HA 40 p. 22); few Early Roman surface sherds (Upper Ibziq: two ER vessels illustrated; Lower Ibziq from Byzantine),"HA 40 (1971) p. 22; Zertal 2008 (MHCS 2) pp. 104–107, 151–153, 191–198; SWP II pp. 237, 240; see entry59_bezek_review.md, source_leads_2026-09-29.md and source_extractions_2026-09-29.md",not audited independently of sequence reasoning; current project hypotheses,"[{""place_id"": ""ibziq"", ""status"": ""possible"", ""association_grade"": ""medium"", ""lat"": 32.36884, ""lon"": 35.39736, ""coordinate_source"": ""Wikidata Q49354325 (Khirbet Ibziq); Q31248544 is the modern village 4.0 km SW"", ""coordinate_precision"": ""~300 m"", ""footprint_kind"": ""point"", ""map_group"": ""region"", ""footprint_status"": ""site/area anchor; measured footprint unavailable"", ""feature_confidence"": ""specific feature unresolved"", ""coordinate_source_independently_rechecked"": false}, {""place_id"": ""kh_salhab"", ""status"": ""possible"", ""association_grade"": ""low"", ""lat"": 32.35504, ""lon"": 35.37277, ""coordinate_source"": ""Zertal 2008, Manasseh Hill Country Survey 2, site 23 (Israel grid 1853/1957), converted to WGS84 from EPSG:28193 with pyproj; the same conversion puts Upper Ibziq about 230 m from its atlas anchor"", ""coordinate_precision"": ""~300 m"", ""footprint_kind"": ""point"", ""map_group"": ""region"", ""footprint_status"": ""site/area anchor; measured footprint unavailable"", ""feature_confidence"": ""specific feature unresolved"", ""coordinate_source_independently_rechecked"": false}]"
60,61,XII:10–XII:13,low,Not established in the public archaeology index,Phase 3 site index; Phase 2 landmark lexicon,not audited independently of sequence reasoning; current project hypotheses,"[{""place_id"": ""tell_es_sultan"", ""status"": ""possible"", ""association_grade"": ""low"", ""lat"": 31.8717, ""lon"": 35.4446, ""coordinate_source"": ""Wikidata Q2402267; PEF control point"", ""coordinate_precision"": ""~150 m"", ""footprint_kind"": ""point"", ""map_group"": ""jericho"", ""footprint_status"": ""site/area anchor; measured footprint unavailable"", ""feature_confidence"": ""specific feature unresolved"", ""coordinate_source_independently_rechecked"": false}]"
