entry,place,landmark_types_required,landmark_reported_at_site,period,phase3_verdict,phase3_confidence,phase5_verdict,phase5_confidence,change,main_sources
1,Wadi Nuweiʿimeh (Valley of Achor),a ruin; steps,not reported (ruins of other periods only),earlier or later only,best-supported,low,best-supported,low,kept,"Milik DJD D4 p. 263; SWP III p. 226; ʿAtiqot 41 (Aronshtam) pp. 91, 99"
9,East Gate of the Temple enclosure,"a cistern with a channel, opposite the gate",partly (undated cisterns with channels),not stated,best-supported,medium,best-supported,medium,kept,"Warren 1871 pp. 153–158, 204 ff."
10,Eastern wall of the Temple enclosure,a cistern under the wall; a rock spur; a threshold,partly (rock scarps; undated cisterns),not stated,best-supported,medium,best-supported,medium,kept,"Warren 1871 pp. 135–141, 204 ff."
17,Wadi Nuweiʿimeh (Valley of Achor),two cavities (Puech) / tamarisks (Milik) / buildings (Lefkovits),partly (caves in the bordering cliffs),in use 1st c. BCE–70 CE (caves),best-supported,medium,best-supported,medium,kept,"ʿAtiqot 41 (Aronshtam pp. 98, 101; Eisenberg p. 120; Sion pp. 80–81)"
20,Wadi Qumran below Kh. Qumran,"a cairn (Milik, Puech) or a dam (Eshel)",partly (graves; a dam at the aqueduct head),in use 1st c. BCE–70 CE,best-supported,medium,best-supported,medium,kept,Eshel CSS pp. 94–95; SWP III p. 210; ʿAtiqot 41 (Baruch et al.) pp. 197–198
21,Kh. Qumran: the aqueduct,the head of a water conduit,yes,in use 1st c. BCE–70 CE,best-supported,medium,best-supported,medium,kept (landmark confirmed),Eshel CSS pp. 94–95; ʿAtiqot 41 preface p. viii; Milik DJD D9
22,Kh. Qumran,"a fissure; a reservoir (""of Solomon"")",partly (reservoirs; natural cracks in the marl),in use 1st c. BCE–70 CE,best-supported,medium,best-supported,medium,kept,"Cohen & Porat, HA-ESI 132 (2020); Milik 1960 p. 147; SWP III p. 210"
24,Wadi Kuteif,a tomb,partly (one undated rock-cut chamber),not stated,best-supported,low,best-supported,low,kept,SWP III p. 220; Milik DJD D12
28,Lower Jordan near Jericho,a cairn at a ford,not reported,not stated,best-supported,low,best-supported,low,kept,SWP III p. 170
31,Doq: Jebel Qarantal,the corner of a fortress (Milik) or a drying floor (Puech),partly (fortress with aqueduct and cisterns),in use 1st c. BCE–70 CE (fortress reading),best-supported,medium,best-supported,medium,kept,"Eshel CSS pp. 92, 100–101; Milik DJD D19; SWP III p. 205; ʿAtiqot 41 (Eisenberg p. 120); Garbrecht & Peleg, BA 57 (1994) pp. 164–165"
32,Wadi el-Qelt at Choziba,a water outlet; a retaining wall,yes,in use 1st c. BCE–70 CE,best-supported,medium,best-supported,medium,kept (landmark confirmed),"Eshel CSS pp. 97–100; SWP III pp. 205–206, 227–228; Milik DJD D20"
35,Kidron gorge (Mar Saba candidate; exact stretch unresolved),a cairn at the mouth of the gorge,partly (the gorge; no cairn reported),not stated,best-supported,medium,best-supported,medium,kept (regional placement; exact gorge end unresolved),"SWP III pp. 3, 219; ʿAtiqot 41 (Dahari) pp. 233, 239"
36,Valley of Shaveh / King's Valley,fallow land; an underground chamber,partly (period rock-cut tombs in the Kidron),in use 1st c. BCE–70 CE (tombs),best-supported,low,best-supported,low,kept,Avni & Greenhut 1996; SWP III pp. 53–54
37,Valley of Shaveh / King's Valley,irrigated land; a chamber or cippus,"partly (irrigated gardens below Siloam, undated)",not stated,best-supported,low,best-supported,low,kept,Wilson 1871 pp. 21–22; SWP III pp. 53–54
38,"ʿAin en-Naṭuf, Wadi Khareitun",a dovecote (or cave opening) at the spring,not at the site (dovecotes in the district only in texts),not stated,best-supported,medium,best-supported,medium,kept,SWP III pp. 357–376; Milik 1960 p. 150; Milik DJD C4
46,Ramat Raḥel = Beth ha-Kerem,a large reservoir,partly (known pools and channels),earlier enclosure (burial fill includes 2nd-c. BCE pottery),best-supported,medium,best-supported,low,LOWERED,"Lipschits et al., Ramat Raḥel 2006–07 report pp. 15–18; INJ 17 pp. 59–60; HA-ESI 137"
48,"Absalom's monument, Kidron",a free-standing monument named for Absalom,"partly (1st-c. CE monument, first named Zacharias)",in use 1st c. BCE–70 CE,best-supported,low,best-supported,low,kept,Zias 2023; Høgenhaven p. 79 n. 67; Lefkovits p. 348
49,Siloam tunnel outlet and adjacent Silwan pool complex (conditional),a water outlet; pools; a trough,partly (pools and outlet; period trough type unverified),in use 1st c. BCE–70 CE (pool/outlet setting),best-supported,medium,best-supported,medium,"REVIEW: high withdrawn; medium conditional on Siloam reading","Szanton 2023 pp. 35–42; Lefkovits pp. 352–354; Puech 2015 p. 92; see site_identification_review.md"
51,Kidron slope below the SE corner,a tomb with a vestibule and pillar,partly (period rock-cut tombs in the Kidron),in use 1st c. BCE–70 CE,best-supported,medium,best-supported,medium,kept,Avni & Greenhut 1996; Milik DJD pp. 270–271; Warren 1871 pp. 135–141; HA-ESI 136
52,"Kidron, east slope",a west-facing rock opposite Zadok's court,partly (west-facing slope with period tombs),in use 1st c. BCE–70 CE,best-supported,low,best-supported,low,kept,Milik DJD pp. 270–271; Avni & Greenhut 1996; Zias 2023
55,Pools of Bethesda,a double reservoir with a smaller basin,yes (via the editors; a second twin pool nearby),in use 1st c. BCE–70 CE,best-supported,medium,best-supported,medium,kept,Milik DJD pp. 271–272; Høgenhaven p. 84; Warren 1871 pp. 196–197
57,Mount Gerizim,a step; an upper pit,partly (Hellenistic staircases and a courtyard cistern; city destroyed c. 110 BCE; dated later steps and cisterns),"earlier (standing as ruins) and later; a Hasmonean garrison into the 70s BCE (coins), not tied to these features; stray coins only in the 1st c. CE",best-supported,medium,best-supported,medium,kept (Magen read 2026-09-29; feature unverified),"Magen, NEAEHL 5 (2008) pp. 1742–1747; Magen et al., JSP 19 (2021) pp. 39–40, 46, 58–59, 104–105, 159; SWP II pp. 187–190; Lefkovits p. 412; Milik DJD p. 274"
58,Beth Shean,the mouth of a spring,yes (perennial springs; a period dam and pool),in use 1st c. BCE–70 CE,best-supported,medium,best-supported,medium,kept (feature fit now good),"SWP II pp. 81, 102–107; Har'el, HA-ESI 2016; Horowitz & Atrash, HA-ESI 2016"
18,Wadi el-ʿAṣla area,an earth pit,not reported,not stated,possible,medium,possible,medium,kept,SWP III p. 200; Milik DJD D6; ʿAtiqot 41 (Yitah et al.) pp. 180–185
30,Jericho oasis (a Haqqoz estate),a cave next to a cool room of a house,"partly (baths, pools, caves of the period)",in use 1st c. BCE–70 CE,possible,medium,possible,medium,kept,"Eshel CSS pp. 99–100; Puech 2015 pp. 36, 101"
30,Tell el-Qos,a cave next to a cool room of a house,not reported (a heap of stones),not stated,possible,low,weak,low,LOWERED,SWP III p. 222; Milik DJD D18
59,Kh. Ibziq = Bezek (Kh. Salhab alternative),a great conduit,"not reported (Zertal 2008 sites 42 and 44: cisterns, burial caves, a Roman road; no conduit)",partly: Roman kokhim tomb of the 1st–2nd c. CE (HA 40 p. 22); few Early Roman surface sherds (Upper Ibziq: two ER vessels illustrated; Lower Ibziq from Byzantine),possible,medium,possible,medium,"REVIEW 2026-09-29: lowered to low after Zertal, then kept at medium after HA 40; Kh. Salhab added (low)","HA 40 (1971) p. 22; Zertal 2008 (MHCS 2) pp. 104–107, 151–153, 191–198; SWP II pp. 237, 240; see entry59_bezek_review.md, source_leads_2026-09-29.md and source_extractions_2026-09-29.md"
"4, 11, 15, 16, 19, 60",Tell es-Sultan (Koḥlit hypothesis),mound; pool; great cistern; conduit; pits; tombs,partly (mound; undated reservoir; cemetery to the Roman period),mostly not stated,possible,low,possible,low,kept,SWP III pp. 222–223; Sala 2014 p. 117; Puech 2015 pp. 13–14 n. 49
"16, 29, 35",Hyrcania and its aqueducts (Eshel),conduits; a reservoir; a dam,yes,"in use 1st c. BCE; after Herod ""seems to have been abandoned"" (Patrich 2002 p. 336), against a 1st-c. CE garrison (Eshel)",possible,low,possible,low,kept (link rests on restorations),"Eshel CSS pp. 92, 95, 97; SWP III p. 212; Garbrecht & Peleg, BA 57 (1994) pp. 168–169; Patrich, JRA Suppl. 46 (2002) pp. 17, 336–352 (snippets)"
"3, 5, 7, 8, 12, 12a, 13, 14",Herodian Temple enclosure,"courts, corners, a stair, cisterns, chambers, a tomb","partly (walls, corners, fill; undated cisterns)",in use 1st c. BCE–70 CE (walls),possible,low,possible,low,kept,"Shukron & Reich, HA-ESI 2011; Warren 1871"
39–45,Tekoa–Herodium sector (area only),"fort, reservoir, conduit, tomb chambers, caves, terraces, dovecotes",partly (Herodium works dated; the rest undated or later),mixed,possible (area),low,possible (area),low,kept,"SWP III pp. 27, 296–300, 330–331, 357–382; Milik DJD C4"

